{
  "type": "FeatureCollection",
  "features": [
    {
      "type": "Feature",
      "geometry": {
        "type": "MultiPolygon",
        "coordinates": [
          [
            [
              [
                72.8058256,
                18.9792887
              ],
              [
                72.8039737,
                18.9764444
              ],
              [
                72.8033115,
                18.9754607
              ],
              [
                72.8030196,
                18.9749875
              ],
              [
                72.8027607,
                18.9746116
              ],
              [
                72.8025835,
                18.9743194
              ],
              [
                72.8024033,
                18.9739742
              ],
              [
                72.8021463,
                18.9734426
              ],
              [
                72.8019949,
                18.9730917
              ],
              [
                72.8017788,
                18.9725405
              ],
              [
                72.8013275,
                18.9712396
              ],
              [
                72.8012674,
                18.9709832
              ],
              [
                72.8010409,
                18.9697738
              ],
              [
                72.8009176,
                18.9689955
              ],
              [
                72.800509,
                18.9667647
              ],
              [
                72.8003477,
                18.9659026
              ],
              [
                72.8002974,
                18.9656082
              ],
              [
                72.8002302,
                18.9652901
              ],
              [
                72.8001401,
                18.9649037
              ],
              [
                72.799905,
                18.9640107
              ],
              [
                72.7998296,
                18.9637082
              ],
              [
                72.7997589,
                18.9634863
              ],
              [
                72.799572,
                18.9629429
              ],
              [
                72.7994687,
                18.9626661
              ],
              [
                72.7994058,
                18.9625104
              ],
              [
                72.7992598,
                18.9622338
              ],
              [
                72.7991916,
                18.9621134
              ],
              [
                72.7991266,
                18.9620132
              ],
              [
                72.7990406,
                18.9618595
              ],
              [
                72.7986688,
                18.9613558
              ],
              [
                72.7976894,
                18.9599023
              ],
              [
                72.7972939,
                18.9592845
              ],
              [
                72.7964575,
                18.9578118
              ],
              [
                72.7954938,
                18.9561703
              ],
              [
                72.7944077,
                18.9544666
              ],
              [
                72.7937482,
                18.953304
              ],
              [
                72.7933125,
                18.9524161
              ],
              [
                72.7932849,
                18.9523885
              ],
              [
                72.7922657,
                18.9502199
              ],
              [
                72.7919018,
                18.9493409
              ],
              [
                72.79189,
                18.9489081
              ],
              [
                72.7916972,
                18.9489058
              ],
              [
                72.7915568,
                18.9488822
              ],
              [
                72.7916652,
                18.9482226
              ],
              [
                72.7917538,
                18.9482357
              ],
              [
                72.7918989,
                18.9468946
              ],
              [
                72.7919666,
                18.9463761
              ],
              [
                72.7920473,
                18.9457017
              ],
              [
                72.7922458,
                18.9454549
              ],
              [
                72.7926983,
                18.9451555
              ],
              [
                72.7928138,
                18.9450349
              ],
              [
                72.7930023,
                18.944773
              ],
              [
                72.7931548,
                18.9445445
              ],
              [
                72.7933652,
                18.9442489
              ],
              [
                72.7933995,
                18.9440892
              ],
              [
                72.7933979,
                18.9440807
              ],
              [
                72.7934008,
                18.9440801
              ],
              [
                72.7934279,
                18.9438964
              ],
              [
                72.7934181,
                18.9438703
              ],
              [
                72.7934322,
                18.9438673
              ],
              [
                72.7934902,
                18.9434744
              ],
              [
                72.7933747,
                18.9430941
              ],
              [
                72.7932453,
                18.9427386
              ],
              [
                72.793385,
                18.9419454
              ],
              [
                72.7933092,
                18.9417731
              ],
              [
                72.7932984,
                18.9416981
              ],
              [
                72.7930827,
                18.941246
              ],
              [
                72.7930613,
                18.9411846
              ],
              [
                72.7930026,
                18.9410587
              ],
              [
                72.7928683,
                18.9408305
              ],
              [
                72.7928444,
                18.9408175
              ],
              [
                72.7927961,
                18.9407703
              ],
              [
                72.7927994,
                18.9407269
              ],
              [
                72.7927908,
                18.9406612
              ],
              [
                72.7927805,
                18.940634
              ],
              [
                72.792719,
                18.9405659
              ],
              [
                72.7927254,
                18.9405172
              ],
              [
                72.7927045,
                18.9404547
              ],
              [
                72.7925792,
                18.9403148
              ],
              [
                72.7925416,
                18.9402268
              ],
              [
                72.7924572,
                18.9400807
              ],
              [
                72.792441,
                18.9400659
              ],
              [
                72.7924422,
                18.940049
              ],
              [
                72.7924637,
                18.9400305
              ],
              [
                72.7926127,
                18.9398602
              ],
              [
                72.792621,
                18.9398446
              ],
              [
                72.7926192,
                18.9398086
              ],
              [
                72.792609,
                18.9397985
              ],
              [
                72.7925571,
                18.939768
              ],
              [
                72.7925556,
                18.9397602
              ],
              [
                72.7925969,
                18.9396538
              ],
              [
                72.7926659,
                18.939584
              ],
              [
                72.7927752,
                18.9395096
              ],
              [
                72.7928282,
                18.9394851
              ],
              [
                72.7928839,
                18.9395318
              ],
              [
                72.7929573,
                18.9394724
              ],
              [
                72.7929509,
                18.9394551
              ],
              [
                72.7929291,
                18.9394299
              ],
              [
                72.7929301,
                18.9394155
              ],
              [
                72.7931556,
                18.9392419
              ],
              [
                72.7932462,
                18.9392133
              ],
              [
                72.7933015,
                18.9392121
              ],
              [
                72.793375,
                18.9392426
              ],
              [
                72.7934048,
                18.9392609
              ],
              [
                72.7934559,
                18.9392741
              ],
              [
                72.7935298,
                18.9392701
              ],
              [
                72.7935694,
                18.9392865
              ],
              [
                72.7936373,
                18.9392825
              ],
              [
                72.7937898,
                18.9393275
              ],
              [
                72.7938097,
                18.939354
              ],
              [
                72.7938463,
                18.9393742
              ],
              [
                72.7939037,
                18.9393824
              ],
              [
                72.7939736,
                18.9394241
              ],
              [
                72.7941976,
                18.9395875
              ],
              [
                72.794297,
                18.9396387
              ],
              [
                72.7945295,
                18.9396427
              ],
              [
                72.7945733,
                18.9396492
              ],
              [
                72.794776,
                18.9396965
              ],
              [
                72.7947759,
                18.9397135
              ],
              [
                72.7945547,
                18.9396598
              ],
              [
                72.7943005,
                18.9396544
              ],
              [
                72.7942417,
                18.9396328
              ],
              [
                72.7942212,
                18.9396586
              ],
              [
                72.7942562,
                18.939708
              ],
              [
                72.794302,
                18.9397257
              ],
              [
                72.7943712,
                18.9397225
              ],
              [
                72.7943908,
                18.9397313
              ],
              [
                72.7944088,
                18.9397946
              ],
              [
                72.7944547,
                18.9400444
              ],
              [
                72.7945539,
                18.940162
              ],
              [
                72.7945675,
                18.9401951
              ],
              [
                72.7945721,
                18.9402416
              ],
              [
                72.7947001,
                18.9405406
              ],
              [
                72.7948099,
                18.9408316
              ],
              [
                72.7948182,
                18.9409141
              ],
              [
                72.7948057,
                18.9409457
              ],
              [
                72.7948047,
                18.9409642
              ],
              [
                72.7947977,
                18.940965
              ],
              [
                72.7948299,
                18.9411036
              ],
              [
                72.7950407,
                18.9414751
              ],
              [
                72.7950674,
                18.941467
              ],
              [
                72.7950714,
                18.9414689
              ],
              [
                72.7951971,
                18.9416945
              ],
              [
                72.7951936,
                18.9417035
              ],
              [
                72.7951781,
                18.9417034
              ],
              [
                72.7951741,
                18.9417121
              ],
              [
                72.7951596,
                18.9417243
              ],
              [
                72.7951603,
                18.941732
              ],
              [
                72.7952213,
                18.9419293
              ],
              [
                72.7952278,
                18.9419381
              ],
              [
                72.7952523,
                18.9420243
              ],
              [
                72.7952955,
                18.9422671
              ],
              [
                72.7952968,
                18.94249
              ],
              [
                72.795347,
                18.9428744
              ],
              [
                72.795455,
                18.9433999
              ],
              [
                72.7955636,
                18.9438077
              ],
              [
                72.7958143,
                18.9443024
              ],
              [
                72.7960403,
                18.9446119
              ],
              [
                72.796192,
                18.9447597
              ],
              [
                72.796483,
                18.9448773
              ],
              [
                72.7965014,
                18.9448936
              ],
              [
                72.7965129,
                18.9449655
              ],
              [
                72.7965705,
                18.9450349
              ],
              [
                72.7965902,
                18.9450457
              ],
              [
                72.7967154,
                18.9450843
              ],
              [
                72.7967981,
                18.9452708
              ],
              [
                72.7968191,
                18.945356
              ],
              [
                72.796835,
                18.9454007
              ],
              [
                72.7968824,
                18.9454798
              ],
              [
                72.7971195,
                18.9456536
              ],
              [
                72.7972334,
                18.9457584
              ],
              [
                72.7973708,
                18.9458745
              ],
              [
                72.797548,
                18.9460056
              ],
              [
                72.7976817,
                18.9461269
              ],
              [
                72.7976731,
                18.9461463
              ],
              [
                72.7978073,
                18.9463385
              ],
              [
                72.7978506,
                18.946535
              ],
              [
                72.7978469,
                18.9465592
              ],
              [
                72.7978394,
                18.9465719
              ],
              [
                72.7977939,
                18.9466265
              ],
              [
                72.7977591,
                18.9466549
              ],
              [
                72.7977509,
                18.9467023
              ],
              [
                72.7978065,
                18.9467915
              ],
              [
                72.7978342,
                18.9468811
              ],
              [
                72.7979431,
                18.947315
              ],
              [
                72.7980843,
                18.9474642
              ],
              [
                72.7981942,
                18.9475525
              ],
              [
                72.7983508,
                18.9474585
              ],
              [
                72.79855,
                18.9473742
              ],
              [
                72.7986547,
                18.9473829
              ],
              [
                72.7988469,
                18.9474127
              ],
              [
                72.7991345,
                18.9474038
              ],
              [
                72.7992812,
                18.9476076
              ],
              [
                72.7993018,
                18.9476254
              ],
              [
                72.7993455,
                18.9477084
              ],
              [
                72.7993911,
                18.9477655
              ],
              [
                72.7994143,
                18.9478402
              ],
              [
                72.7995588,
                18.9478751
              ],
              [
                72.79963,
                18.9478967
              ],
              [
                72.7997423,
                18.9479031
              ],
              [
                72.7998286,
                18.9479319
              ],
              [
                72.7998446,
                18.9479299
              ],
              [
                72.7998889,
                18.9479511
              ],
              [
                72.7999699,
                18.947943
              ],
              [
                72.8000153,
                18.9479503
              ],
              [
                72.8000415,
                18.9479623
              ],
              [
                72.8001302,
                18.9480422
              ],
              [
                72.8001678,
                18.9480664
              ],
              [
                72.8002582,
                18.9481479
              ],
              [
                72.8002814,
                18.9481932
              ],
              [
                72.8003583,
                18.9482752
              ],
              [
                72.8003524,
                18.9482892
              ],
              [
                72.8003402,
                18.9483036
              ],
              [
                72.8004116,
                18.9483278
              ],
              [
                72.8005557,
                18.9481383
              ],
              [
                72.800592,
                18.9481298
              ],
              [
                72.8007061,
                18.9481432
              ],
              [
                72.800896,
                18.9481975
              ],
              [
                72.8009421,
                18.9482238
              ],
              [
                72.8009622,
                18.9482439
              ],
              [
                72.8010739,
                18.9482541
              ],
              [
                72.8012617,
                18.9482849
              ],
              [
                72.8013791,
                18.9483324
              ],
              [
                72.8014384,
                18.9483523
              ],
              [
                72.8015393,
                18.9484014
              ],
              [
                72.8016046,
                18.9484594
              ],
              [
                72.8016211,
                18.948506
              ],
              [
                72.8016329,
                18.9485245
              ],
              [
                72.8016546,
                18.9485404
              ],
              [
                72.8021503,
                18.9488621
              ],
              [
                72.8021887,
                18.9488535
              ],
              [
                72.8022107,
                18.948856
              ],
              [
                72.8022588,
                18.9488804
              ],
              [
                72.8022855,
                18.9489058
              ],
              [
                72.8026647,
                18.9493248
              ],
              [
                72.802789,
                18.9495082
              ],
              [
                72.802786,
                18.9496164
              ],
              [
                72.8029306,
                18.9497554
              ],
              [
                72.8030915,
                18.950036
              ],
              [
                72.8032147,
                18.9500231
              ],
              [
                72.8035587,
                18.9502616
              ],
              [
                72.8036245,
                18.9503986
              ],
              [
                72.8036717,
                18.9503934
              ],
              [
                72.8039439,
                18.9505023
              ],
              [
                72.8041756,
                18.9507455
              ],
              [
                72.804004,
                18.9509903
              ],
              [
                72.8042545,
                18.9511369
              ],
              [
                72.8042939,
                18.9511802
              ],
              [
                72.8043777,
                18.951368
              ],
              [
                72.8044474,
                18.9514552
              ],
              [
                72.804519,
                18.9513665
              ],
              [
                72.8045315,
                18.9513374
              ],
              [
                72.8046478,
                18.951295
              ],
              [
                72.8047131,
                18.9512257
              ],
              [
                72.8048887,
                18.951367
              ],
              [
                72.804949,
                18.9514959
              ],
              [
                72.8050782,
                18.9515925
              ],
              [
                72.8050537,
                18.9518171
              ],
              [
                72.8051051,
                18.9518116
              ],
              [
                72.8051525,
                18.9518117
              ],
              [
                72.8052702,
                18.9518213
              ],
              [
                72.8054663,
                18.9519298
              ],
              [
                72.8055142,
                18.9519712
              ],
              [
                72.8055298,
                18.952003
              ],
              [
                72.8055457,
                18.9521094
              ],
              [
                72.805546,
                18.9521248
              ],
              [
                72.8055273,
                18.9522228
              ],
              [
                72.8056859,
                18.9522207
              ],
              [
                72.8057195,
                18.9522244
              ],
              [
                72.8059526,
                18.9522756
              ],
              [
                72.805977,
                18.9522988
              ],
              [
                72.8060892,
                18.9524333
              ],
              [
                72.8062191,
                18.9525553
              ],
              [
                72.8062671,
                18.9527081
              ],
              [
                72.8067256,
                18.9526611
              ],
              [
                72.8074299,
                18.9532324
              ],
              [
                72.8074168,
                18.9533103
              ],
              [
                72.8067025,
                18.9533796
              ],
              [
                72.8067865,
                18.9534331
              ],
              [
                72.8068281,
                18.9534669
              ],
              [
                72.8068748,
                18.9534652
              ],
              [
                72.8069166,
                18.9534812
              ],
              [
                72.8069335,
                18.9535049
              ],
              [
                72.8069396,
                18.9535229
              ],
              [
                72.8069372,
                18.9535741
              ],
              [
                72.8071565,
                18.9537804
              ],
              [
                72.8072801,
                18.9539266
              ],
              [
                72.8073788,
                18.9540177
              ],
              [
                72.8074172,
                18.9540839
              ],
              [
                72.8076565,
                18.9546724
              ],
              [
                72.8077186,
                18.9547207
              ],
              [
                72.807827,
                18.9546629
              ],
              [
                72.8078854,
                18.9547842
              ],
              [
                72.8080818,
                18.9549571
              ],
              [
                72.8086982,
                18.9549277
              ],
              [
                72.8095001,
                18.9549372
              ],
              [
                72.8105842,
                18.9547012
              ],
              [
                72.8114594,
                18.9544295
              ],
              [
                72.8126685,
                18.9539627
              ],
              [
                72.8138606,
                18.9534625
              ],
              [
                72.8147178,
                18.9530102
              ],
              [
                72.8155204,
                18.9521764
              ],
              [
                72.817165,
                18.9511644
              ],
              [
                72.817238,
                18.9510799
              ],
              [
                72.8175593,
                18.9508918
              ],
              [
                72.8176884,
                18.9508216
              ],
              [
                72.8177044,
                18.9508324
              ],
              [
                72.8187246,
                18.9497011
              ],
              [
                72.8189501,
                18.9494744
              ],
              [
                72.819352,
                18.9489249
              ],
              [
                72.8194912,
                18.9487602
              ],
              [
                72.8198596,
                18.9483021
              ],
              [
                72.8204469,
                18.9475531
              ],
              [
                72.8206792,
                18.9472463
              ],
              [
                72.8209079,
                18.9469256
              ],
              [
                72.8213278,
                18.9463218
              ],
              [
                72.8214773,
                18.9460987
              ],
              [
                72.8217166,
                18.9457255
              ],
              [
                72.8220496,
                18.945144
              ],
              [
                72.8223646,
                18.944543
              ],
              [
                72.8225898,
                18.9440688
              ],
              [
                72.8225837,
                18.9440688
              ],
              [
                72.8227146,
                18.9437792
              ],
              [
                72.8228228,
                18.9435821
              ],
              [
                72.8229948,
                18.9431621
              ],
              [
                72.8231236,
                18.942816
              ],
              [
                72.8232446,
                18.9424698
              ],
              [
                72.823356,
                18.9421338
              ],
              [
                72.823492,
                18.9416568
              ],
              [
                72.8235497,
                18.9414646
              ],
              [
                72.8236025,
                18.9410496
              ],
              [
                72.8236718,
                18.940728
              ],
              [
                72.8237818,
                18.9401512
              ],
              [
                72.8238421,
                18.9397279
              ],
              [
                72.8238761,
                18.9395152
              ],
              [
                72.8238807,
                18.9393766
              ],
              [
                72.8239143,
                18.9392367
              ],
              [
                72.8239451,
                18.9389288
              ],
              [
                72.8239626,
                18.9387039
              ],
              [
                72.823978,
                18.9384316
              ],
              [
                72.8239891,
                18.9378818
              ],
              [
                72.8239895,
                18.9375353
              ],
              [
                72.8239817,
                18.9372132
              ],
              [
                72.8239646,
                18.9368445
              ],
              [
                72.8239646,
                18.9368444
              ],
              [
                72.8239431,
                18.9365098
              ],
              [
                72.8239079,
                18.9361294
              ],
              [
                72.8238658,
                18.9358127
              ],
              [
                72.8238123,
                18.9354807
              ],
              [
                72.823767,
                18.9352141
              ],
              [
                72.8236867,
                18.934796
              ],
              [
                72.8236263,
                18.9345191
              ],
              [
                72.8235918,
                18.9343786
              ],
              [
                72.8235314,
                18.934081
              ],
              [
                72.8233966,
                18.9335972
              ],
              [
                72.8230406,
                18.9326173
              ],
              [
                72.8229035,
                18.9322449
              ],
              [
                72.8227625,
                18.9318958
              ],
              [
                72.8225423,
                18.9313981
              ],
              [
                72.8224371,
                18.9311864
              ],
              [
                72.8221752,
                18.9306718
              ],
              [
                72.8219483,
                18.9302519
              ],
              [
                72.8216478,
                18.9297699
              ],
              [
                72.8215046,
                18.9295742
              ],
              [
                72.8210154,
                18.928954
              ],
              [
                72.8204481,
                18.9282832
              ],
              [
                72.8202426,
                18.9280497
              ],
              [
                72.8198973,
                18.9276364
              ],
              [
                72.8196899,
                18.9273691
              ],
              [
                72.8195803,
                18.9272446
              ],
              [
                72.8194531,
                18.9271032
              ],
              [
                72.8190371,
                18.9266552
              ],
              [
                72.818759,
                18.9263595
              ],
              [
                72.818003,
                18.9255324
              ],
              [
                72.8142139,
                18.9214197
              ],
              [
                72.8075391,
                18.9139863
              ],
              [
                72.8071074,
                18.9135115
              ],
              [
                72.8060655,
                18.9121885
              ],
              [
                72.8053274,
                18.9110822
              ],
              [
                72.8048464,
                18.9102116
              ],
              [
                72.8044577,
                18.9094527
              ],
              [
                72.804392,
                18.9092333
              ],
              [
                72.804337,
                18.9090516
              ],
              [
                72.8042141,
                18.9087151
              ],
              [
                72.8040963,
                18.9084154
              ],
              [
                72.8039875,
                18.9080845
              ],
              [
                72.803875,
                18.9075976
              ],
              [
                72.8038242,
                18.9073778
              ],
              [
                72.8037046,
                18.9067206
              ],
              [
                72.8036022,
                18.9062035
              ],
              [
                72.8035594,
                18.9056515
              ],
              [
                72.8035599,
                18.9055333
              ],
              [
                72.8035383,
                18.9051521
              ],
              [
                72.8035438,
                18.9048431
              ],
              [
                72.8035507,
                18.90453
              ],
              [
                72.8035651,
                18.9041016
              ],
              [
                72.8035818,
                18.9037672
              ],
              [
                72.8035972,
                18.9035806
              ],
              [
                72.8036205,
                18.9033845
              ],
              [
                72.8036277,
                18.9032966
              ],
              [
                72.8036532,
                18.9030339
              ],
              [
                72.8036952,
                18.9027708
              ],
              [
                72.8037513,
                18.9024375
              ],
              [
                72.80386,
                18.9018788
              ],
              [
                72.8040519,
                18.9009917
              ],
              [
                72.8041857,
                18.9004332
              ],
              [
                72.804334,
                18.8999152
              ],
              [
                72.8044049,
                18.8996529
              ],
              [
                72.8045313,
                18.8992629
              ],
              [
                72.8046429,
                18.8990015
              ],
              [
                72.804783,
                18.8987317
              ],
              [
                72.8049809,
                18.8984155
              ],
              [
                72.8051592,
                18.8981134
              ],
              [
                72.8055508,
                18.89755
              ],
              [
                72.8057687,
                18.897261
              ],
              [
                72.8060162,
                18.8969715
              ],
              [
                72.8062634,
                18.8966637
              ],
              [
                72.8064769,
                18.8964116
              ],
              [
                72.8066764,
                18.8962195
              ],
              [
                72.8069727,
                18.895897
              ],
              [
                72.8075275,
                18.8953723
              ],
              [
                72.8078003,
                18.8951376
              ],
              [
                72.808,
                18.8949593
              ],
              [
                72.8082536,
                18.8947617
              ],
              [
                72.8087442,
                18.8944132
              ],
              [
                72.8089005,
                18.8942954
              ],
              [
                72.8091558,
                18.8941141
              ],
              [
                72.8092567,
                18.894057
              ],
              [
                72.8093776,
                18.8940254
              ],
              [
                72.8095232,
                18.8939905
              ],
              [
                72.8097308,
                18.8939566
              ],
              [
                72.8097905,
                18.8939603
              ],
              [
                72.8098432,
                18.8939778
              ],
              [
                72.809884,
                18.8939979
              ],
              [
                72.8099116,
                18.8940161
              ],
              [
                72.8101035,
                18.8942509
              ],
              [
                72.8101893,
                18.8943647
              ],
              [
                72.8103361,
                18.8943719
              ],
              [
                72.8104694,
                18.894515
              ],
              [
                72.8106401,
                18.8946104
              ],
              [
                72.8108094,
                18.8947187
              ],
              [
                72.8109196,
                18.894778
              ],
              [
                72.8111346,
                18.8948418
              ],
              [
                72.8115285,
                18.8948526
              ],
              [
                72.8119735,
                18.8947386
              ],
              [
                72.8124962,
                18.8947334
              ],
              [
                72.8129195,
                18.8948418
              ],
              [
                72.8132209,
                18.8950986
              ],
              [
                72.8134472,
                18.8952798
              ],
              [
                72.8136102,
                18.8954262
              ],
              [
                72.8138336,
                18.8957766
              ],
              [
                72.8143831,
                18.8963361
              ],
              [
                72.8146258,
                18.8966638
              ],
              [
                72.8148317,
                18.8974645
              ],
              [
                72.8149112,
                18.8977807
              ],
              [
                72.8152444,
                18.8981957
              ],
              [
                72.8156637,
                18.8986531
              ],
              [
                72.8160814,
                18.8991425
              ],
              [
                72.8163214,
                18.899288
              ],
              [
                72.8165988,
                18.8996275
              ],
              [
                72.8166437,
                18.8996867
              ],
              [
                72.8168769,
                18.9000928
              ],
              [
                72.8170895,
                18.9004736
              ],
              [
                72.8174412,
                18.9009421
              ],
              [
                72.8172712,
                18.9010563
              ],
              [
                72.8171499,
                18.9013142
              ],
              [
                72.8172013,
                18.9013808
              ],
              [
                72.8172149,
                18.9013996
              ],
              [
                72.8172215,
                18.9014148
              ],
              [
                72.8172217,
                18.9014518
              ],
              [
                72.8172132,
                18.9014724
              ],
              [
                72.8172398,
                18.9015387
              ],
              [
                72.8172464,
                18.9016153
              ],
              [
                72.8173134,
                18.9016782
              ],
              [
                72.817348,
                18.9017168
              ],
              [
                72.8173698,
                18.9017816
              ],
              [
                72.8173513,
                18.9018483
              ],
              [
                72.8172832,
                18.9018738
              ],
              [
                72.8173054,
                18.9019027
              ],
              [
                72.8173198,
                18.9019531
              ],
              [
                72.8173192,
                18.9020057
              ],
              [
                72.8173485,
                18.9020634
              ],
              [
                72.817472,
                18.902253
              ],
              [
                72.81804,
                18.9022112
              ],
              [
                72.8180829,
                18.9022391
              ],
              [
                72.818791,
                18.902248
              ],
              [
                72.8188151,
                18.9022582
              ],
              [
                72.818821,
                18.9022767
              ],
              [
                72.8188111,
                18.9022912
              ],
              [
                72.8187759,
                18.9022957
              ],
              [
                72.818732,
                18.9022937
              ],
              [
                72.817417,
                18.902286
              ],
              [
                72.8174299,
                18.9025333
              ],
              [
                72.8175678,
                18.9025298
              ],
              [
                72.8175853,
                18.9027191
              ],
              [
                72.8178988,
                18.9027386
              ],
              [
                72.8178998,
                18.9028612
              ],
              [
                72.817749,
                18.9028637
              ],
              [
                72.8177422,
                18.9029496
              ],
              [
                72.8174008,
                18.9029638
              ],
              [
                72.8177529,
                18.9041126
              ],
              [
                72.8177861,
                18.9046135
              ],
              [
                72.8175613,
                18.9049276
              ],
              [
                72.8176268,
                18.9050607
              ],
              [
                72.8178748,
                18.9050736
              ],
              [
                72.8181034,
                18.9052822
              ],
              [
                72.8177053,
                18.9059153
              ],
              [
                72.8175999,
                18.906092
              ],
              [
                72.8174836,
                18.9063042
              ],
              [
                72.8174261,
                18.9065243
              ],
              [
                72.817501,
                18.9068636
              ],
              [
                72.8178626,
                18.9074559
              ],
              [
                72.8179982,
                18.9075107
              ],
              [
                72.8185345,
                18.9069927
              ],
              [
                72.8191594,
                18.9075717
              ],
              [
                72.8195512,
                18.9072963
              ],
              [
                72.8205596,
                18.908272
              ],
              [
                72.82048,
                18.908342
              ],
              [
                72.820521,
                18.9084011
              ],
              [
                72.8207328,
                18.9086198
              ],
              [
                72.8215792,
                18.9095187
              ],
              [
                72.8222963,
                18.9102523
              ],
              [
                72.8237194,
                18.9087233
              ],
              [
                72.8237195,
                18.9087232
              ],
              [
                72.8249291,
                18.9073906
              ],
              [
                72.8250286,
                18.9073382
              ],
              [
                72.8256484,
                18.9082936
              ],
              [
                72.8258563,
                18.9087635
              ],
              [
                72.8258897,
                18.9087862
              ],
              [
                72.8259371,
                18.9088567
              ],
              [
                72.8265774,
                18.9099225
              ],
              [
                72.8268299,
                18.9103823
              ],
              [
                72.8267082,
                18.9104453
              ],
              [
                72.8267821,
                18.910715
              ],
              [
                72.8268167,
                18.9108673
              ],
              [
                72.8268415,
                18.9109581
              ],
              [
                72.8269263,
                18.9111999
              ],
              [
                72.8269383,
                18.9112121
              ],
              [
                72.8269464,
                18.9112154
              ],
              [
                72.8275076,
                18.9115859
              ],
              [
                72.8275876,
                18.911642
              ],
              [
                72.8278163,
                18.9118065
              ],
              [
                72.8281038,
                18.9119993
              ],
              [
                72.8282258,
                18.9120804
              ],
              [
                72.8284043,
                18.9122018
              ],
              [
                72.8285401,
                18.9122981
              ],
              [
                72.8290551,
                18.9126448
              ],
              [
                72.8293974,
                18.9128859
              ],
              [
                72.8294339,
                18.9129176
              ],
              [
                72.8294657,
                18.9129537
              ],
              [
                72.8294887,
                18.9129806
              ],
              [
                72.8298477,
                18.9132855
              ],
              [
                72.8302975,
                18.9138766
              ],
              [
                72.8307003,
                18.9143966
              ],
              [
                72.8308947,
                18.9146155
              ],
              [
                72.8310403,
                18.9147876
              ],
              [
                72.8312381,
                18.9150121
              ],
              [
                72.8312633,
                18.915036
              ],
              [
                72.8312644,
                18.9150478
              ],
              [
                72.8312599,
                18.9150629
              ],
              [
                72.8312373,
                18.9150919
              ],
              [
                72.8308542,
                18.9153869
              ],
              [
                72.8307706,
                18.91545
              ],
              [
                72.8307537,
                18.9154556
              ],
              [
                72.8307175,
                18.9154576
              ],
              [
                72.8306632,
                18.9154396
              ],
              [
                72.8305107,
                18.915381
              ],
              [
                72.8304678,
                18.9153694
              ],
              [
                72.8304463,
                18.9153672
              ],
              [
                72.8303932,
                18.9153629
              ],
              [
                72.8303163,
                18.9153672
              ],
              [
                72.8302047,
                18.9153939
              ],
              [
                72.8301113,
                18.9155701
              ],
              [
                72.8300749,
                18.9156387
              ],
              [
                72.8299283,
                18.9158649
              ],
              [
                72.8298637,
                18.9159841
              ],
              [
                72.8298417,
                18.9160248
              ],
              [
                72.8302236,
                18.9163491
              ],
              [
                72.8303423,
                18.9164416
              ],
              [
                72.8304842,
                18.9165642
              ],
              [
                72.830575,
                18.9166427
              ],
              [
                72.8307411,
                18.916775
              ],
              [
                72.8314589,
                18.9173826
              ],
              [
                72.8314939,
                18.9174075
              ],
              [
                72.8315065,
                18.9174112
              ],
              [
                72.8315343,
                18.917412
              ],
              [
                72.831611,
                18.9173911
              ],
              [
                72.8318116,
                18.9173496
              ],
              [
                72.8318328,
                18.9173528
              ],
              [
                72.8318572,
                18.9173643
              ],
              [
                72.8318678,
                18.9173799
              ],
              [
                72.8318843,
                18.9174416
              ],
              [
                72.8319627,
                18.9177766
              ],
              [
                72.8320379,
                18.9180913
              ],
              [
                72.8320435,
                18.9181053
              ],
              [
                72.8320572,
                18.9181197
              ],
              [
                72.8320685,
                18.9181267
              ],
              [
                72.8320913,
                18.9181303
              ],
              [
                72.8327478,
                18.9180614
              ],
              [
                72.8327845,
                18.9180673
              ],
              [
                72.8328074,
                18.9180817
              ],
              [
                72.8328336,
                18.9181108
              ],
              [
                72.8328392,
                18.9181382
              ],
              [
                72.8328057,
                18.9181873
              ],
              [
                72.8320811,
                18.9183577
              ],
              [
                72.8327486,
                18.9198526
              ],
              [
                72.8327403,
                18.9198698
              ],
              [
                72.8328514,
                18.920119
              ],
              [
                72.8332976,
                18.9210123
              ],
              [
                72.83359,
                18.9216687
              ],
              [
                72.8336638,
                18.9218247
              ],
              [
                72.8336909,
                18.9218517
              ],
              [
                72.8337292,
                18.9218673
              ],
              [
                72.8338953,
                18.9218888
              ],
              [
                72.8342016,
                18.9219409
              ],
              [
                72.8342096,
                18.9219308
              ],
              [
                72.834221,
                18.9219305
              ],
              [
                72.8344495,
                18.9216542
              ],
              [
                72.8344656,
                18.9216414
              ],
              [
                72.8344913,
                18.921638
              ],
              [
                72.8345065,
                18.9216429
              ],
              [
                72.8348917,
                18.9219356
              ],
              [
                72.8349056,
                18.9219515
              ],
              [
                72.8349079,
                18.9219759
              ],
              [
                72.8349,
                18.921992
              ],
              [
                72.8346631,
                18.9222677
              ],
              [
                72.8349525,
                18.9228928
              ],
              [
                72.8349567,
                18.9229038
              ],
              [
                72.8349541,
                18.9229193
              ],
              [
                72.8349445,
                18.9229335
              ],
              [
                72.8349311,
                18.922942
              ],
              [
                72.8349511,
                18.9229574
              ],
              [
                72.8344261,
                18.9229397
              ],
              [
                72.8343916,
                18.922979
              ],
              [
                72.8342645,
                18.9231461
              ],
              [
                72.8345035,
                18.9233298
              ],
              [
                72.834871,
                18.9236
              ],
              [
                72.8375085,
                18.920849
              ],
              [
                72.8380984,
                18.9204183
              ],
              [
                72.8385216,
                18.9202865
              ],
              [
                72.8389149,
                18.9202455
              ],
              [
                72.8395183,
                18.9202525
              ],
              [
                72.8400523,
                18.9204502
              ],
              [
                72.8405111,
                18.920965
              ],
              [
                72.840466,
                18.9210519
              ],
              [
                72.8443237,
                18.9251255
              ],
              [
                72.8444463,
                18.9252994
              ],
              [
                72.8445274,
                18.9255482
              ],
              [
                72.8445328,
                18.9257715
              ],
              [
                72.8444751,
                18.9259965
              ],
              [
                72.8444156,
                18.9260187
              ],
              [
                72.844376,
                18.926005
              ],
              [
                72.8443616,
                18.9259624
              ],
              [
                72.844403,
                18.92578
              ],
              [
                72.844394,
                18.9255314
              ],
              [
                72.8443252,
                18.9253494
              ],
              [
                72.8442074,
                18.9252024
              ],
              [
                72.8441819,
                18.9252216
              ],
              [
                72.8404252,
                18.9212477
              ],
              [
                72.840207,
                18.9214185
              ],
              [
                72.8402836,
                18.9215205
              ],
              [
                72.8400372,
                18.9216867
              ],
              [
                72.838789,
                18.9242859
              ],
              [
                72.8384454,
                18.9250608
              ],
              [
                72.8378889,
                18.926466
              ],
              [
                72.8392053,
                18.9270675
              ],
              [
                72.8400371,
                18.9274595
              ],
              [
                72.840385,
                18.9276303
              ],
              [
                72.8403941,
                18.9276406
              ],
              [
                72.8403978,
                18.9276532
              ],
              [
                72.8403952,
                18.9276784
              ],
              [
                72.8403878,
                18.9276878
              ],
              [
                72.8403592,
                18.9276988
              ],
              [
                72.8403435,
                18.9276956
              ],
              [
                72.8401587,
                18.9276081
              ],
              [
                72.8392681,
                18.927182
              ],
              [
                72.8383971,
                18.9267829
              ],
              [
                72.8379374,
                18.9277189
              ],
              [
                72.8368691,
                18.9273109
              ],
              [
                72.8368648,
                18.927302
              ],
              [
                72.8367083,
                18.9278239
              ],
              [
                72.8367151,
                18.9278281
              ],
              [
                72.8366905,
                18.9278685
              ],
              [
                72.8366824,
                18.9278795
              ],
              [
                72.8366738,
                18.9278841
              ],
              [
                72.8366508,
                18.9278878
              ],
              [
                72.8365366,
                18.9278192
              ],
              [
                72.8365444,
                18.9278058
              ],
              [
                72.8365197,
                18.9277907
              ],
              [
                72.8364869,
                18.9277754
              ],
              [
                72.8364644,
                18.9277751
              ],
              [
                72.8364,
                18.9278841
              ],
              [
                72.8363818,
                18.9278985
              ],
              [
                72.8363893,
                18.9279075
              ],
              [
                72.8363899,
                18.9279183
              ],
              [
                72.8364415,
                18.9279572
              ],
              [
                72.8364529,
                18.927941
              ],
              [
                72.8364752,
                18.9279563
              ],
              [
                72.8364817,
                18.9279777
              ],
              [
                72.8364747,
                18.9280023
              ],
              [
                72.8364545,
                18.9280164
              ],
              [
                72.8364309,
                18.9280184
              ],
              [
                72.8363592,
                18.9279786
              ],
              [
                72.8363472,
                18.9279939
              ],
              [
                72.8363104,
                18.9279725
              ],
              [
                72.8363161,
                18.9279647
              ],
              [
                72.8363073,
                18.9279556
              ],
              [
                72.836237,
                18.9281267
              ],
              [
                72.8362516,
                18.9281336
              ],
              [
                72.8362515,
                18.9281376
              ],
              [
                72.8367625,
                18.928443
              ],
              [
                72.8367704,
                18.9284548
              ],
              [
                72.8370918,
                18.9286681
              ],
              [
                72.837162,
                18.9286898
              ],
              [
                72.8371945,
                18.9287035
              ],
              [
                72.8372112,
                18.9287244
              ],
              [
                72.8372138,
                18.9287403
              ],
              [
                72.837205,
                18.9287786
              ],
              [
                72.8371887,
                18.9288337
              ],
              [
                72.8371803,
                18.928832
              ],
              [
                72.8371796,
                18.9288442
              ],
              [
                72.8369413,
                18.9293913
              ],
              [
                72.8375281,
                18.9289769
              ],
              [
                72.838554,
                18.929705
              ],
              [
                72.8398442,
                18.9306142
              ],
              [
                72.8402702,
                18.9309336
              ],
              [
                72.8403123,
                18.9310629
              ],
              [
                72.8401005,
                18.9320494
              ],
              [
                72.8399986,
                18.9325446
              ],
              [
                72.8400117,
                18.9327607
              ],
              [
                72.8400939,
                18.9328715
              ],
              [
                72.840259,
                18.9330364
              ],
              [
                72.8405714,
                18.9332067
              ],
              [
                72.8408132,
                18.9332891
              ],
              [
                72.84098,
                18.9333252
              ],
              [
                72.8412602,
                18.9333742
              ],
              [
                72.842125,
                18.9331869
              ],
              [
                72.8421672,
                18.9331708
              ],
              [
                72.8421782,
                18.9331742
              ],
              [
                72.8421905,
                18.9331721
              ],
              [
                72.8422377,
                18.9331484
              ],
              [
                72.8422494,
                18.933138
              ],
              [
                72.8422665,
                18.9331119
              ],
              [
                72.8423297,
                18.9327507
              ],
              [
                72.8424516,
                18.9320669
              ],
              [
                72.8424711,
                18.9319886
              ],
              [
                72.8425944,
                18.9313342
              ],
              [
                72.8429913,
                18.9289357
              ],
              [
                72.8440102,
                18.9291357
              ],
              [
                72.8440371,
                18.9289635
              ],
              [
                72.8442425,
                18.9290051
              ],
              [
                72.8437903,
                18.9312088
              ],
              [
                72.8437409,
                18.9314493
              ],
              [
                72.8436095,
                18.9322025
              ],
              [
                72.8434258,
                18.9332082
              ],
              [
                72.843363,
                18.9333728
              ],
              [
                72.8433541,
                18.9334195
              ],
              [
                72.8433297,
                18.9335704
              ],
              [
                72.8433256,
                18.9335778
              ],
              [
                72.8432761,
                18.9338428
              ],
              [
                72.8431817,
                18.9343954
              ],
              [
                72.8431534,
                18.9345266
              ],
              [
                72.8430997,
                18.9348253
              ],
              [
                72.8430426,
                18.9351353
              ],
              [
                72.8429688,
                18.9355374
              ],
              [
                72.8429633,
                18.9355374
              ],
              [
                72.842962,
                18.9355473
              ],
              [
                72.8429664,
                18.9355484
              ],
              [
                72.8429615,
                18.9355758
              ],
              [
                72.8429473,
                18.9355746
              ],
              [
                72.8432514,
                18.935605
              ],
              [
                72.8432527,
                18.9355964
              ],
              [
                72.8432582,
                18.9355964
              ],
              [
                72.843272,
                18.9355177
              ],
              [
                72.8432967,
                18.9354729
              ],
              [
                72.8433166,
                18.935449
              ],
              [
                72.8433588,
                18.9354148
              ],
              [
                72.8433938,
                18.9353986
              ],
              [
                72.8434533,
                18.935385
              ],
              [
                72.8435065,
                18.9353894
              ],
              [
                72.8435338,
                18.9353967
              ],
              [
                72.8435639,
                18.9354089
              ],
              [
                72.843592,
                18.9354269
              ],
              [
                72.8436308,
                18.9354628
              ],
              [
                72.8436434,
                18.9354822
              ],
              [
                72.8436592,
                18.9355211
              ],
              [
                72.8439702,
                18.9367395
              ],
              [
                72.8442416,
                18.9378514
              ],
              [
                72.844261,
                18.9379565
              ],
              [
                72.8444302,
                18.9386467
              ],
              [
                72.844579,
                18.9392187
              ],
              [
                72.8451364,
                18.9414254
              ],
              [
                72.8451727,
                18.9416636
              ],
              [
                72.8452242,
                18.9418711
              ],
              [
                72.8453541,
                18.9423526
              ],
              [
                72.8457384,
                18.9438644
              ],
              [
                72.8457549,
                18.9439546
              ],
              [
                72.8458364,
                18.9441059
              ],
              [
                72.8460021,
                18.9446722
              ],
              [
                72.8467307,
                18.9476046
              ],
              [
                72.8468076,
                18.9480288
              ],
              [
                72.8468218,
                18.9482093
              ],
              [
                72.8465419,
                18.9501188
              ],
              [
                72.8465048,
                18.9504397
              ],
              [
                72.8461855,
                18.9505697
              ],
              [
                72.8463758,
                18.951326
              ],
              [
                72.8463963,
                18.9514323
              ],
              [
                72.8464908,
                18.951817
              ],
              [
                72.8465122,
                18.9518389
              ],
              [
                72.8466428,
                18.951864
              ],
              [
                72.8466604,
                18.9518736
              ],
              [
                72.8466772,
                18.951892
              ],
              [
                72.8466908,
                18.9519281
              ],
              [
                72.8466923,
                18.9519493
              ],
              [
                72.8466725,
                18.9519929
              ],
              [
                72.8466549,
                18.9520081
              ],
              [
                72.8466323,
                18.9520196
              ],
              [
                72.846606,
                18.9520232
              ],
              [
                72.8465515,
                18.9520459
              ],
              [
                72.8466357,
                18.9524306
              ],
              [
                72.846774,
                18.9530118
              ],
              [
                72.8469128,
                18.9535627
              ],
              [
                72.8468946,
                18.9536583
              ],
              [
                72.8468535,
                18.9537495
              ],
              [
                72.8468077,
                18.9538349
              ],
              [
                72.8467689,
                18.9538946
              ],
              [
                72.8467481,
                18.9539165
              ],
              [
                72.846708,
                18.9539433
              ],
              [
                72.8466738,
                18.9539513
              ],
              [
                72.8467117,
                18.9540994
              ],
              [
                72.8470496,
                18.9540262
              ],
              [
                72.8470707,
                18.9540291
              ],
              [
                72.8470888,
                18.9540364
              ],
              [
                72.8471123,
                18.954053
              ],
              [
                72.847126,
                18.9540714
              ],
              [
                72.8471328,
                18.9540889
              ],
              [
                72.8471356,
                18.9541053
              ],
              [
                72.8471322,
                18.9541427
              ],
              [
                72.8471196,
                18.9541611
              ],
              [
                72.8470985,
                18.9541814
              ],
              [
                72.8470774,
                18.9541917
              ],
              [
                72.846753,
                18.9542654
              ],
              [
                72.8467955,
                18.9544399
              ],
              [
                72.8468227,
                18.9544332
              ],
              [
                72.8468523,
                18.9544315
              ],
              [
                72.8468767,
                18.9544319
              ],
              [
                72.8469034,
                18.9544396
              ],
              [
                72.8469734,
                18.9544747
              ],
              [
                72.8470427,
                18.9545204
              ],
              [
                72.8470987,
                18.9545645
              ],
              [
                72.8471518,
                18.9546246
              ],
              [
                72.8471787,
                18.9546654
              ],
              [
                72.8471966,
                18.9547093
              ],
              [
                72.8475614,
                18.9561692
              ],
              [
                72.8479547,
                18.9576874
              ],
              [
                72.8494352,
                18.9573016
              ],
              [
                72.849105,
                18.9559624
              ],
              [
                72.8495184,
                18.9558703
              ],
              [
                72.8498062,
                18.9572663
              ],
              [
                72.8505962,
                18.9577867
              ],
              [
                72.8508238,
                18.9577364
              ],
              [
                72.8510608,
                18.9587616
              ],
              [
                72.8507824,
                18.9588025
              ],
              [
                72.8505807,
                18.9579099
              ],
              [
                72.8496056,
                18.9573785
              ],
              [
                72.848,
                18.957959
              ],
              [
                72.8481795,
                18.9586773
              ],
              [
                72.84839,
                18.9596625
              ],
              [
                72.8485232,
                18.9602376
              ],
              [
                72.8486346,
                18.9607046
              ],
              [
                72.8487687,
                18.9612308
              ],
              [
                72.8491349,
                18.962745
              ],
              [
                72.8494324,
                18.9639239
              ],
              [
                72.8496952,
                18.9649355
              ],
              [
                72.8497098,
                18.9649339
              ],
              [
                72.8497252,
                18.9649471
              ],
              [
                72.8497342,
                18.9649794
              ],
              [
                72.8497256,
                18.9649984
              ],
              [
                72.8498653,
                18.9652867
              ],
              [
                72.8500541,
                18.9659865
              ],
              [
                72.8497787,
                18.9660378
              ],
              [
                72.8498271,
                18.9663367
              ],
              [
                72.8502568,
                18.9662397
              ],
              [
                72.8502569,
                18.9663593
              ],
              [
                72.8504149,
                18.9663406
              ],
              [
                72.8503823,
                18.9671618
              ],
              [
                72.8511861,
                18.9670187
              ],
              [
                72.851235,
                18.9672833
              ],
              [
                72.8514421,
                18.9672929
              ],
              [
                72.851411,
                18.9678345
              ],
              [
                72.8522965,
                18.9678077
              ],
              [
                72.8522999,
                18.9681918
              ],
              [
                72.8521676,
                18.9682295
              ],
              [
                72.8521531,
                18.9687153
              ],
              [
                72.8513601,
                18.9687596
              ],
              [
                72.8513528,
                18.9688956
              ],
              [
                72.8511558,
                18.9688933
              ],
              [
                72.8511378,
                18.9692633
              ],
              [
                72.8507141,
                18.9692899
              ],
              [
                72.8507227,
                18.9694357
              ],
              [
                72.8529791,
                18.9692918
              ],
              [
                72.8530006,
                18.9697196
              ],
              [
                72.8507573,
                18.9700239
              ],
              [
                72.8507978,
                18.9703707
              ],
              [
                72.8506185,
                18.9704344
              ],
              [
                72.8505196,
                18.9705099
              ],
              [
                72.8503831,
                18.9708315
              ],
              [
                72.8503177,
                18.9709951
              ],
              [
                72.849985,
                18.9713472
              ],
              [
                72.849868,
                18.9714883
              ],
              [
                72.849837,
                18.9716632
              ],
              [
                72.8498864,
                18.97185
              ],
              [
                72.8500348,
                18.9719503
              ],
              [
                72.8500965,
                18.972077
              ],
              [
                72.8500942,
                18.9722577
              ],
              [
                72.8500578,
                18.9723997
              ],
              [
                72.8499457,
                18.9726175
              ],
              [
                72.8498698,
                18.9726933
              ],
              [
                72.8496731,
                18.9727732
              ],
              [
                72.8497272,
                18.9730422
              ],
              [
                72.850449,
                18.9728753
              ],
              [
                72.8506283,
                18.9728117
              ],
              [
                72.8508435,
                18.9726444
              ],
              [
                72.8510419,
                18.9724331
              ],
              [
                72.8513313,
                18.9723159
              ],
              [
                72.851954,
                18.9722465
              ],
              [
                72.8527037,
                18.9721456
              ],
              [
                72.8529948,
                18.9721439
              ],
              [
                72.8532979,
                18.9721085
              ],
              [
                72.8536801,
                18.9720291
              ],
              [
                72.8539353,
                18.9726309
              ],
              [
                72.8540408,
                18.9730884
              ],
              [
                72.854046,
                18.9730875
              ],
              [
                72.8540882,
                18.9732623
              ],
              [
                72.8540814,
                18.9732646
              ],
              [
                72.8542026,
                18.9737898
              ],
              [
                72.8540801,
                18.9738278
              ],
              [
                72.8519554,
                18.9742631
              ],
              [
                72.851808,
                18.9742897
              ],
              [
                72.8515699,
                18.9743404
              ],
              [
                72.8513168,
                18.9743893
              ],
              [
                72.8505859,
                18.9745464
              ],
              [
                72.8502124,
                18.974622
              ],
              [
                72.8493425,
                18.9748068
              ],
              [
                72.8493318,
                18.9748096
              ],
              [
                72.8493272,
                18.9748226
              ],
              [
                72.8494333,
                18.9752734
              ],
              [
                72.8494469,
                18.9752856
              ],
              [
                72.8504069,
                18.9750691
              ],
              [
                72.8504291,
                18.9750777
              ],
              [
                72.8504588,
                18.9750977
              ],
              [
                72.8508928,
                18.9750034
              ],
              [
                72.8509083,
                18.9750043
              ],
              [
                72.8509159,
                18.97501
              ],
              [
                72.8509196,
                18.9750195
              ],
              [
                72.8510365,
                18.9754947
              ],
              [
                72.8512162,
                18.9754472
              ],
              [
                72.8512124,
                18.9754304
              ],
              [
                72.8525043,
                18.9751799
              ],
              [
                72.853193,
                18.9750399
              ],
              [
                72.8535534,
                18.9749586
              ],
              [
                72.8552611,
                18.9745987
              ],
              [
                72.8552591,
                18.9745928
              ],
              [
                72.8554069,
                18.9745519
              ],
              [
                72.8554197,
                18.9745525
              ],
              [
                72.855433,
                18.9745587
              ],
              [
                72.8554448,
                18.9745722
              ],
              [
                72.8559048,
                18.975378
              ],
              [
                72.8558997,
                18.9756596
              ],
              [
                72.8558667,
                18.9756664
              ],
              [
                72.8558649,
                18.97566
              ],
              [
                72.8555221,
                18.9757289
              ],
              [
                72.8542545,
                18.9759907
              ],
              [
                72.8539712,
                18.9760516
              ],
              [
                72.8537289,
                18.9761091
              ],
              [
                72.8523134,
                18.9763909
              ],
              [
                72.851466,
                18.9765649
              ],
              [
                72.8514634,
                18.9765525
              ],
              [
                72.8513356,
                18.9765761
              ],
              [
                72.8513149,
                18.9765735
              ],
              [
                72.8513028,
                18.9765371
              ],
              [
                72.8512145,
                18.9761266
              ],
              [
                72.8512022,
                18.9761163
              ],
              [
                72.8511799,
                18.9761175
              ],
              [
                72.8509093,
                18.9761716
              ],
              [
                72.8504296,
                18.9762674
              ],
              [
                72.8502943,
                18.9762978
              ],
              [
                72.8495713,
                18.9764453
              ],
              [
                72.8494851,
                18.9764657
              ],
              [
                72.8494534,
                18.9764828
              ],
              [
                72.8494337,
                18.9765006
              ],
              [
                72.8494137,
                18.976528
              ],
              [
                72.8494002,
                18.9765646
              ],
              [
                72.8494048,
                18.9768068
              ],
              [
                72.8494079,
                18.9769063
              ],
              [
                72.8494202,
                18.9769712
              ],
              [
                72.849556,
                18.9775454
              ],
              [
                72.8496923,
                18.9775666
              ],
              [
                72.8497218,
                18.9775587
              ],
              [
                72.8498376,
                18.9778219
              ],
              [
                72.8514591,
                18.9774798
              ],
              [
                72.8518316,
                18.9774035
              ],
              [
                72.852025,
                18.9773683
              ],
              [
                72.853068,
                18.977155
              ],
              [
                72.8540001,
                18.9769566
              ],
              [
                72.8543941,
                18.9768766
              ],
              [
                72.8552871,
                18.9766843
              ],
              [
                72.8553443,
                18.9766748
              ],
              [
                72.8553709,
                18.9766775
              ],
              [
                72.8553815,
                18.976682
              ],
              [
                72.8553917,
                18.9766888
              ],
              [
                72.8554104,
                18.9767134
              ],
              [
                72.8556267,
                18.9776252
              ],
              [
                72.8556654,
                18.9778041
              ],
              [
                72.8556621,
                18.9778218
              ],
              [
                72.855654,
                18.9778354
              ],
              [
                72.855637,
                18.9778498
              ],
              [
                72.8556096,
                18.9778592
              ],
              [
                72.854941,
                18.9780062
              ],
              [
                72.8532053,
                18.9783404
              ],
              [
                72.8519533,
                18.9785706
              ],
              [
                72.8500492,
                18.9789563
              ],
              [
                72.8500942,
                18.9791845
              ],
              [
                72.8500981,
                18.9793894
              ],
              [
                72.8501107,
                18.9794073
              ],
              [
                72.8501393,
                18.9794099
              ],
              [
                72.850249,
                18.9799529
              ],
              [
                72.8502394,
                18.9799588
              ],
              [
                72.8501152,
                18.9799842
              ],
              [
                72.8500253,
                18.9800156
              ],
              [
                72.850158,
                18.9800879
              ],
              [
                72.857692,
                18.9783549
              ],
              [
                72.8594699,
                18.9800183
              ],
              [
                72.8595471,
                18.9800836
              ],
              [
                72.8608277,
                18.9812654
              ],
              [
                72.8612014,
                18.981601
              ],
              [
                72.8611201,
                18.9817936
              ],
              [
                72.8605243,
                18.9831875
              ],
              [
                72.8601051,
                18.9841838
              ],
              [
                72.859843,
                18.9847915
              ],
              [
                72.8596248,
                18.9853146
              ],
              [
                72.8594716,
                18.9856551
              ],
              [
                72.8590596,
                18.9866615
              ],
              [
                72.8586275,
                18.987693
              ],
              [
                72.8585422,
                18.9878804
              ],
              [
                72.85822,
                18.9886378
              ],
              [
                72.8581168,
                18.9888916
              ],
              [
                72.8578749,
                18.9894655
              ],
              [
                72.8573343,
                18.9907324
              ],
              [
                72.8568968,
                18.9917687
              ],
              [
                72.8599463,
                18.9927571
              ],
              [
                72.8595848,
                18.9935469
              ],
              [
                72.8616179,
                18.9943017
              ],
              [
                72.8610234,
                18.9957776
              ],
              [
                72.8613218,
                18.9956632
              ],
              [
                72.8619753,
                18.9954049
              ],
              [
                72.8619915,
                18.9954031
              ],
              [
                72.8620021,
                18.9954103
              ],
              [
                72.8620449,
                18.9955131
              ],
              [
                72.8620447,
                18.9955243
              ],
              [
                72.8620371,
                18.9955334
              ],
              [
                72.8614528,
                18.9957598
              ],
              [
                72.8609896,
                18.9959221
              ],
              [
                72.860957,
                18.9959425
              ],
              [
                72.8606856,
                18.9965978
              ],
              [
                72.8603934,
                18.9972868
              ],
              [
                72.8603653,
                18.9973798
              ],
              [
                72.8599389,
                18.9984013
              ],
              [
                72.8602116,
                18.9985082
              ],
              [
                72.8600839,
                18.9988027
              ],
              [
                72.8600954,
                18.9988215
              ],
              [
                72.8600972,
                18.9988536
              ],
              [
                72.8600684,
                18.9989272
              ],
              [
                72.8600732,
                18.9989999
              ],
              [
                72.8600696,
                18.9990153
              ],
              [
                72.8600405,
                18.9990786
              ],
              [
                72.8600358,
                18.9990995
              ],
              [
                72.860038,
                18.9991467
              ],
              [
                72.860043,
                18.9991573
              ],
              [
                72.8600564,
                18.9991682
              ],
              [
                72.8601247,
                18.9992102
              ],
              [
                72.860141,
                18.9992241
              ],
              [
                72.8601946,
                18.9993339
              ],
              [
                72.8602677,
                18.9994094
              ],
              [
                72.8603654,
                18.9995188
              ],
              [
                72.8603798,
                18.9995437
              ],
              [
                72.8603888,
                18.9995749
              ],
              [
                72.8604007,
                18.9996804
              ],
              [
                72.8604501,
                18.9998059
              ],
              [
                72.860491,
                18.9999229
              ],
              [
                72.8606101,
                19.0005714
              ],
              [
                72.860806,
                19.0005384
              ],
              [
                72.861028,
                19.0021659
              ],
              [
                72.8617344,
                19.0020454
              ],
              [
                72.8617515,
                19.0020472
              ],
              [
                72.8617546,
                19.0020372
              ],
              [
                72.8617573,
                19.0020391
              ],
              [
                72.8617535,
                19.002019
              ],
              [
                72.8620307,
                19.0019619
              ],
              [
                72.8620348,
                19.0019789
              ],
              [
                72.8623393,
                19.0019393
              ],
              [
                72.8623991,
                19.0022923
              ],
              [
                72.86197,
                19.0023235
              ],
              [
                72.8619738,
                19.002375
              ],
              [
                72.861726,
                19.0024036
              ],
              [
                72.8613244,
                19.0024694
              ],
              [
                72.8614054,
                19.0030404
              ],
              [
                72.8623556,
                19.0030248
              ],
              [
                72.8623566,
                19.0030749
              ],
              [
                72.8615356,
                19.0030827
              ],
              [
                72.8620495,
                19.0035003
              ],
              [
                72.8629807,
                19.0039467
              ],
              [
                72.867179,
                19.0060669
              ],
              [
                72.8697947,
                19.0076641
              ],
              [
                72.8707357,
                19.0079466
              ],
              [
                72.8710191,
                19.008117
              ],
              [
                72.8714554,
                19.0083519
              ],
              [
                72.8725073,
                19.008552
              ],
              [
                72.8733369,
                19.0089586
              ],
              [
                72.8740553,
                19.0094683
              ],
              [
                72.8767384,
                19.0109618
              ],
              [
                72.8776342,
                19.0113481
              ],
              [
                72.8784656,
                19.0116084
              ],
              [
                72.8793656,
                19.0116605
              ],
              [
                72.8800905,
                19.0116689
              ],
              [
                72.8808831,
                19.0115317
              ],
              [
                72.8818604,
                19.0106862
              ],
              [
                72.8846812,
                19.0084783
              ],
              [
                72.885381,
                19.0079432
              ],
              [
                72.8853346,
                19.0084666
              ],
              [
                72.8853215,
                19.0086143
              ],
              [
                72.8852936,
                19.0087103
              ],
              [
                72.8852624,
                19.0088178
              ],
              [
                72.8851937,
                19.0090461
              ],
              [
                72.8851328,
                19.0092484
              ],
              [
                72.8851122,
                19.0093181
              ],
              [
                72.8850419,
                19.0095548
              ],
              [
                72.8848949,
                19.0100502
              ],
              [
                72.8848568,
                19.0101788
              ],
              [
                72.8848346,
                19.0102534
              ],
              [
                72.884546,
                19.0116949
              ],
              [
                72.8843886,
                19.0134533
              ],
              [
                72.8843872,
                19.0134689
              ],
              [
                72.8843728,
                19.0136564
              ],
              [
                72.8843627,
                19.0137715
              ],
              [
                72.8843581,
                19.0138364
              ],
              [
                72.8843253,
                19.014219
              ],
              [
                72.8842963,
                19.0145194
              ],
              [
                72.884048,
                19.0153609
              ],
              [
                72.8839504,
                19.015618
              ],
              [
                72.8838643,
                19.0157966
              ],
              [
                72.8837499,
                19.0159641
              ],
              [
                72.8835751,
                19.0161705
              ],
              [
                72.8833055,
                19.0164254
              ],
              [
                72.8828063,
                19.0168102
              ],
              [
                72.8825512,
                19.0170407
              ],
              [
                72.8825486,
                19.0170431
              ],
              [
                72.8825287,
                19.0170597
              ],
              [
                72.8825022,
                19.017082
              ],
              [
                72.8822458,
                19.0172614
              ],
              [
                72.8821212,
                19.0173493
              ],
              [
                72.8820886,
                19.0173683
              ],
              [
                72.8820438,
                19.0173944
              ],
              [
                72.8820391,
                19.0173971
              ],
              [
                72.8819479,
                19.0174704
              ],
              [
                72.8818078,
                19.0175882
              ],
              [
                72.8817632,
                19.0176294
              ],
              [
                72.8816529,
                19.0177159
              ],
              [
                72.8814802,
                19.0178483
              ],
              [
                72.8813777,
                19.0179395
              ],
              [
                72.8812874,
                19.0180171
              ],
              [
                72.8812004,
                19.018092
              ],
              [
                72.8810089,
                19.0182685
              ],
              [
                72.8809359,
                19.0183427
              ],
              [
                72.8808629,
                19.018417
              ],
              [
                72.8807711,
                19.0185088
              ],
              [
                72.8807077,
                19.0185711
              ],
              [
                72.8806404,
                19.0186372
              ],
              [
                72.8805303,
                19.0187563
              ],
              [
                72.8805119,
                19.0187762
              ],
              [
                72.8800548,
                19.0191869
              ],
              [
                72.8799661,
                19.0192805
              ],
              [
                72.8799465,
                19.0193002
              ],
              [
                72.8799354,
                19.0193149
              ],
              [
                72.8799248,
                19.019328
              ],
              [
                72.8799097,
                19.0193442
              ],
              [
                72.8798888,
                19.0193674
              ],
              [
                72.8798745,
                19.0193837
              ],
              [
                72.8798635,
                19.0193952
              ],
              [
                72.8798561,
                19.0194057
              ],
              [
                72.8798503,
                19.0194185
              ],
              [
                72.879843,
                19.0194281
              ],
              [
                72.8798319,
                19.0194397
              ],
              [
                72.8798074,
                19.0194703
              ],
              [
                72.879791,
                19.0194896
              ],
              [
                72.87978,
                19.0195051
              ],
              [
                72.879764,
                19.0195283
              ],
              [
                72.8797335,
                19.0195703
              ],
              [
                72.8797217,
                19.0195846
              ],
              [
                72.8797074,
                19.0195997
              ],
              [
                72.8796967,
                19.0196128
              ],
              [
                72.8796759,
                19.019638
              ],
              [
                72.879646,
                19.0196742
              ],
              [
                72.8796194,
                19.0197064
              ],
              [
                72.8795474,
                19.019793
              ],
              [
                72.879424,
                19.0199596
              ],
              [
                72.8792525,
                19.0201914
              ],
              [
                72.8789875,
                19.0205235
              ],
              [
                72.8788012,
                19.0207693
              ],
              [
                72.8785943,
                19.0210403
              ],
              [
                72.8784339,
                19.021235
              ],
              [
                72.878365,
                19.0213156
              ],
              [
                72.878297,
                19.0214119
              ],
              [
                72.8782527,
                19.0214747
              ],
              [
                72.8782277,
                19.0215298
              ],
              [
                72.8781196,
                19.0216971
              ],
              [
                72.8780772,
                19.0217672
              ],
              [
                72.878004,
                19.0219111
              ],
              [
                72.878004,
                19.0219112
              ],
              [
                72.8779136,
                19.0220676
              ],
              [
                72.8778683,
                19.0221484
              ],
              [
                72.8778657,
                19.0221529
              ],
              [
                72.8778247,
                19.0222387
              ],
              [
                72.8777808,
                19.0223408
              ],
              [
                72.8777253,
                19.022466
              ],
              [
                72.8776813,
                19.0225601
              ],
              [
                72.8776269,
                19.0226795
              ],
              [
                72.877593,
                19.0227737
              ],
              [
                72.8775652,
                19.0228439
              ],
              [
                72.8775569,
                19.0228648
              ],
              [
                72.8774511,
                19.0231318
              ],
              [
                72.8774259,
                19.0232438
              ],
              [
                72.8774223,
                19.0232925
              ],
              [
                72.8774139,
                19.0234052
              ],
              [
                72.87741,
                19.023428
              ],
              [
                72.8773515,
                19.0236459
              ],
              [
                72.8773306,
                19.0237173
              ],
              [
                72.8773242,
                19.0237469
              ],
              [
                72.8773043,
                19.0238383
              ],
              [
                72.8772991,
                19.023862
              ],
              [
                72.8772976,
                19.0238692
              ],
              [
                72.8772976,
                19.0238713
              ],
              [
                72.8772974,
                19.0239284
              ],
              [
                72.8772985,
                19.0241186
              ],
              [
                72.8773,
                19.0241379
              ],
              [
                72.8773,
                19.0241395
              ],
              [
                72.8772856,
                19.0245417
              ],
              [
                72.8772867,
                19.0245727
              ],
              [
                72.8772853,
                19.0245802
              ],
              [
                72.8772828,
                19.0246125
              ],
              [
                72.8772802,
                19.0246449
              ],
              [
                72.8772822,
                19.0246876
              ],
              [
                72.8772824,
                19.0246889
              ],
              [
                72.8772912,
                19.0247518
              ],
              [
                72.8772947,
                19.0247859
              ],
              [
                72.8772987,
                19.0248949
              ],
              [
                72.8773136,
                19.0249997
              ],
              [
                72.8773137,
                19.0250015
              ],
              [
                72.8773137,
                19.0250032
              ],
              [
                72.8773154,
                19.0250757
              ],
              [
                72.8773285,
                19.0251579
              ],
              [
                72.8773332,
                19.0251893
              ],
              [
                72.8773437,
                19.0252594
              ],
              [
                72.8773615,
                19.0253977
              ],
              [
                72.8773627,
                19.0254102
              ],
              [
                72.8773638,
                19.0254235
              ],
              [
                72.8773649,
                19.0254357
              ],
              [
                72.8773683,
                19.0254711
              ],
              [
                72.8773685,
                19.0254867
              ],
              [
                72.8773685,
                19.0254875
              ],
              [
                72.8773687,
                19.0255025
              ],
              [
                72.8773689,
                19.0255165
              ],
              [
                72.8773778,
                19.0255767
              ],
              [
                72.877393,
                19.0256549
              ],
              [
                72.8774202,
                19.0257777
              ],
              [
                72.8774708,
                19.0259849
              ],
              [
                72.8775132,
                19.0261373
              ],
              [
                72.8775991,
                19.0265341
              ],
              [
                72.8776417,
                19.0266901
              ],
              [
                72.8776647,
                19.0267744
              ],
              [
                72.8776787,
                19.0268345
              ],
              [
                72.8777237,
                19.0270414
              ],
              [
                72.8777787,
                19.0272765
              ],
              [
                72.8778167,
                19.0274335
              ],
              [
                72.8778182,
                19.0274393
              ],
              [
                72.8778334,
                19.027505
              ],
              [
                72.8778682,
                19.0276595
              ],
              [
                72.8778847,
                19.0277327
              ],
              [
                72.877978,
                19.0280889
              ],
              [
                72.8779958,
                19.028156
              ],
              [
                72.8780407,
                19.0283248
              ],
              [
                72.8780776,
                19.0284658
              ],
              [
                72.8781107,
                19.0285863
              ],
              [
                72.8781304,
                19.0286644
              ],
              [
                72.8781473,
                19.0287075
              ],
              [
                72.8781899,
                19.0288005
              ],
              [
                72.8782228,
                19.0288932
              ],
              [
                72.8782571,
                19.0289881
              ],
              [
                72.8782793,
                19.0290492
              ],
              [
                72.8783546,
                19.0292806
              ],
              [
                72.8783747,
                19.0293383
              ],
              [
                72.8783863,
                19.0293717
              ],
              [
                72.878412,
                19.029451
              ],
              [
                72.8784291,
                19.0295035
              ],
              [
                72.8784658,
                19.0296165
              ],
              [
                72.8785354,
                19.0298228
              ],
              [
                72.8785444,
                19.0298496
              ],
              [
                72.8785741,
                19.0299358
              ],
              [
                72.8786124,
                19.0300472
              ],
              [
                72.8786619,
                19.030193
              ],
              [
                72.8786888,
                19.030242
              ],
              [
                72.8786889,
                19.0302423
              ],
              [
                72.8787053,
                19.0302723
              ],
              [
                72.8787198,
                19.030311
              ],
              [
                72.8787397,
                19.0303712
              ],
              [
                72.8787397,
                19.0303713
              ],
              [
                72.8787476,
                19.0303953
              ],
              [
                72.8787688,
                19.0304692
              ],
              [
                72.8787699,
                19.0304797
              ],
              [
                72.8787716,
                19.0304963
              ],
              [
                72.8787785,
                19.0305771
              ],
              [
                72.8787835,
                19.0306385
              ],
              [
                72.8787837,
                19.0306475
              ],
              [
                72.8787844,
                19.0306872
              ],
              [
                72.8788189,
                19.0307292
              ],
              [
                72.878819,
                19.0307293
              ],
              [
                72.8788762,
                19.0307991
              ],
              [
                72.8788785,
                19.030802
              ],
              [
                72.8789219,
                19.0309035
              ],
              [
                72.87894,
                19.0309463
              ],
              [
                72.878964,
                19.0310031
              ],
              [
                72.878978,
                19.0310366
              ],
              [
                72.8790261,
                19.0311518
              ],
              [
                72.8790484,
                19.0312045
              ],
              [
                72.8790708,
                19.0312571
              ],
              [
                72.879081,
                19.0312811
              ],
              [
                72.8790912,
                19.031305
              ],
              [
                72.8790969,
                19.0313166
              ],
              [
                72.8791088,
                19.0313409
              ],
              [
                72.8791965,
                19.0315258
              ],
              [
                72.8792676,
                19.0316667
              ],
              [
                72.8792952,
                19.0317215
              ],
              [
                72.8793602,
                19.0318447
              ],
              [
                72.8794096,
                19.031933
              ],
              [
                72.8794444,
                19.0319951
              ],
              [
                72.8795079,
                19.0321115
              ],
              [
                72.8795317,
                19.0321539
              ],
              [
                72.879533,
                19.0321564
              ],
              [
                72.8796286,
                19.0323445
              ],
              [
                72.8797726,
                19.0326328
              ],
              [
                72.8797774,
                19.0326407
              ],
              [
                72.8797804,
                19.0326457
              ],
              [
                72.8798287,
                19.0327302
              ],
              [
                72.8798314,
                19.0327349
              ],
              [
                72.8799002,
                19.0328549
              ],
              [
                72.8799049,
                19.0328644
              ],
              [
                72.8799083,
                19.0328715
              ],
              [
                72.8799276,
                19.03289
              ],
              [
                72.8799279,
                19.0328904
              ],
              [
                72.8799708,
                19.0329616
              ],
              [
                72.8799753,
                19.0329834
              ],
              [
                72.8800404,
                19.0330827
              ],
              [
                72.8800569,
                19.0331073
              ],
              [
                72.8800723,
                19.0331301
              ],
              [
                72.880073,
                19.0331312
              ],
              [
                72.8800896,
                19.0331588
              ],
              [
                72.8806021,
                19.0341826
              ],
              [
                72.880755,
                19.0345331
              ],
              [
                72.880783,
                19.0345992
              ],
              [
                72.8808385,
                19.034741
              ],
              [
                72.8808401,
                19.0347488
              ],
              [
                72.8808429,
                19.0347634
              ],
              [
                72.8808439,
                19.0347669
              ],
              [
                72.8808495,
                19.0347849
              ],
              [
                72.8808523,
                19.0347941
              ],
              [
                72.8808719,
                19.0348752
              ],
              [
                72.8808917,
                19.0349473
              ],
              [
                72.8808988,
                19.034973
              ],
              [
                72.8809322,
                19.0351107
              ],
              [
                72.8809437,
                19.0351527
              ],
              [
                72.8809555,
                19.0351952
              ],
              [
                72.8809756,
                19.0351953
              ],
              [
                72.8809788,
                19.0351984
              ],
              [
                72.8809791,
                19.0351994
              ],
              [
                72.8809798,
                19.0352022
              ],
              [
                72.8809804,
                19.0352046
              ],
              [
                72.8809852,
                19.0352365
              ],
              [
                72.8809938,
                19.0352929
              ],
              [
                72.8809986,
                19.0353209
              ],
              [
                72.881006,
                19.0353637
              ],
              [
                72.8810135,
                19.0354032
              ],
              [
                72.8810135,
                19.0354033
              ],
              [
                72.8810135,
                19.0354035
              ],
              [
                72.8810257,
                19.0354228
              ],
              [
                72.8810373,
                19.0354413
              ],
              [
                72.8810378,
                19.0354421
              ],
              [
                72.8810416,
                19.0354594
              ],
              [
                72.8810431,
                19.0354664
              ],
              [
                72.8810453,
                19.0354767
              ],
              [
                72.8810605,
                19.0355326
              ],
              [
                72.8810717,
                19.0355739
              ],
              [
                72.8810985,
                19.0356684
              ],
              [
                72.8811184,
                19.0357459
              ],
              [
                72.8811261,
                19.0357758
              ],
              [
                72.8811351,
                19.0358109
              ],
              [
                72.8811501,
                19.0358863
              ],
              [
                72.8811565,
                19.035929
              ],
              [
                72.8811596,
                19.0359503
              ],
              [
                72.8811735,
                19.0360201
              ],
              [
                72.8811773,
                19.0360366
              ],
              [
                72.8811821,
                19.0360544
              ],
              [
                72.881187,
                19.0360722
              ],
              [
                72.8811953,
                19.0361022
              ],
              [
                72.8812153,
                19.036175
              ],
              [
                72.8812161,
                19.0361789
              ],
              [
                72.8812213,
                19.0362056
              ],
              [
                72.8812214,
                19.0362056
              ],
              [
                72.8812783,
                19.0364933
              ],
              [
                72.8812782,
                19.0365024
              ],
              [
                72.8812782,
                19.0365063
              ],
              [
                72.8812782,
                19.0365194
              ],
              [
                72.8812782,
                19.0365202
              ],
              [
                72.8812789,
                19.0365332
              ],
              [
                72.8812796,
                19.0365477
              ],
              [
                72.8812796,
                19.0365482
              ],
              [
                72.881281,
                19.0365863
              ],
              [
                72.8812912,
                19.0366401
              ],
              [
                72.8813025,
                19.0367077
              ],
              [
                72.8813124,
                19.0367667
              ],
              [
                72.8813265,
                19.0368645
              ],
              [
                72.8813269,
                19.0368678
              ],
              [
                72.8813283,
                19.0368808
              ],
              [
                72.8813363,
                19.036959
              ],
              [
                72.8813405,
                19.0369958
              ],
              [
                72.8813443,
                19.0370303
              ],
              [
                72.8813484,
                19.037069
              ],
              [
                72.881353,
                19.037113
              ],
              [
                72.8813559,
                19.0371569
              ],
              [
                72.8813594,
                19.0372057
              ],
              [
                72.8813816,
                19.037515
              ],
              [
                72.8813724,
                19.0376963
              ],
              [
                72.8813589,
                19.0378427
              ],
              [
                72.8813351,
                19.0380789
              ],
              [
                72.8812998,
                19.0382544
              ],
              [
                72.8812997,
                19.0382545
              ],
              [
                72.8812997,
                19.0382547
              ],
              [
                72.8812593,
                19.038449
              ],
              [
                72.8812453,
                19.0385176
              ],
              [
                72.8812158,
                19.0386619
              ],
              [
                72.8812085,
                19.0387013
              ],
              [
                72.8811933,
                19.0387828
              ],
              [
                72.8811927,
                19.0387893
              ],
              [
                72.8811853,
                19.0388652
              ],
              [
                72.8811839,
                19.03888
              ],
              [
                72.8811757,
                19.0389236
              ],
              [
                72.8811553,
                19.0390057
              ],
              [
                72.8811513,
                19.0390238
              ],
              [
                72.8811149,
                19.0391921
              ],
              [
                72.881118,
                19.0392019
              ],
              [
                72.8811205,
                19.0392101
              ],
              [
                72.8811125,
                19.0392794
              ],
              [
                72.8810896,
                19.0394607
              ],
              [
                72.8810886,
                19.0394686
              ],
              [
                72.8810879,
                19.0394721
              ],
              [
                72.8810833,
                19.0394937
              ],
              [
                72.8810574,
                19.0395773
              ],
              [
                72.8810245,
                19.0396595
              ],
              [
                72.88102,
                19.0396741
              ],
              [
                72.8810191,
                19.0396822
              ],
              [
                72.8810205,
                19.0396948
              ],
              [
                72.8810206,
                19.0396963
              ],
              [
                72.8810206,
                19.0396964
              ],
              [
                72.8810202,
                19.0397032
              ],
              [
                72.8810202,
                19.0397033
              ],
              [
                72.8810179,
                19.0397429
              ],
              [
                72.8810109,
                19.0397923
              ],
              [
                72.8810061,
                19.0398256
              ],
              [
                72.8809973,
                19.0398871
              ],
              [
                72.8809873,
                19.0399573
              ],
              [
                72.8809773,
                19.040028
              ],
              [
                72.8809421,
                19.0403116
              ],
              [
                72.8809273,
                19.0404339
              ],
              [
                72.8808999,
                19.0406047
              ],
              [
                72.880899,
                19.0406143
              ],
              [
                72.8808932,
                19.0406747
              ],
              [
                72.880889,
                19.0407182
              ],
              [
                72.8808879,
                19.0407295
              ],
              [
                72.8808873,
                19.0407356
              ],
              [
                72.8808873,
                19.0407359
              ],
              [
                72.88088,
                19.040772
              ],
              [
                72.8808748,
                19.0408109
              ],
              [
                72.8808556,
                19.0409328
              ],
              [
                72.8808489,
                19.0409711
              ],
              [
                72.880845,
                19.0409935
              ],
              [
                72.8808357,
                19.0410437
              ],
              [
                72.8808215,
                19.0411277
              ],
              [
                72.8808072,
                19.0412117
              ],
              [
                72.8807865,
                19.041339
              ],
              [
                72.8807821,
                19.0413663
              ],
              [
                72.8807796,
                19.0413714
              ],
              [
                72.8807773,
                19.041376
              ],
              [
                72.8807443,
                19.0414326
              ],
              [
                72.8806868,
                19.0415016
              ],
              [
                72.8806872,
                19.0415033
              ],
              [
                72.8806859,
                19.0415049
              ],
              [
                72.8806859,
                19.0415051
              ],
              [
                72.8806984,
                19.0415669
              ],
              [
                72.8807169,
                19.0416591
              ],
              [
                72.8807092,
                19.0416945
              ],
              [
                72.8807052,
                19.0417128
              ],
              [
                72.8807052,
                19.0417132
              ],
              [
                72.8807053,
                19.0417136
              ],
              [
                72.8807045,
                19.041717
              ],
              [
                72.8807049,
                19.0417217
              ],
              [
                72.8807069,
                19.0417267
              ],
              [
                72.8807079,
                19.0417277
              ],
              [
                72.8807082,
                19.0417282
              ],
              [
                72.8807177,
                19.041738
              ],
              [
                72.8807263,
                19.0417488
              ],
              [
                72.8807321,
                19.0417624
              ],
              [
                72.8807324,
                19.0417669
              ],
              [
                72.8807323,
                19.0417947
              ],
              [
                72.8807323,
                19.0418038
              ],
              [
                72.8807314,
                19.0418999
              ],
              [
                72.8807311,
                19.0419096
              ],
              [
                72.8807312,
                19.0419154
              ],
              [
                72.8807311,
                19.0419256
              ],
              [
                72.8807338,
                19.042118
              ],
              [
                72.8807322,
                19.042123
              ],
              [
                72.8807277,
                19.0421336
              ],
              [
                72.8807165,
                19.0421725
              ],
              [
                72.8807121,
                19.0421978
              ],
              [
                72.8807119,
                19.0421992
              ],
              [
                72.880711,
                19.0422042
              ],
              [
                72.8807106,
                19.04221
              ],
              [
                72.8807101,
                19.0422165
              ],
              [
                72.8807095,
                19.0422215
              ],
              [
                72.8807094,
                19.0422267
              ],
              [
                72.8807093,
                19.0422276
              ],
              [
                72.8807088,
                19.0422347
              ],
              [
                72.8807087,
                19.0422348
              ],
              [
                72.8807051,
                19.0422467
              ],
              [
                72.8806991,
                19.0422615
              ],
              [
                72.8806888,
                19.0422856
              ],
              [
                72.8806753,
                19.0423173
              ],
              [
                72.8806706,
                19.0423297
              ],
              [
                72.8806693,
                19.0423331
              ],
              [
                72.8806688,
                19.0423363
              ],
              [
                72.8806683,
                19.0423399
              ],
              [
                72.8806683,
                19.0423489
              ],
              [
                72.8806689,
                19.0423542
              ],
              [
                72.8806695,
                19.042359
              ],
              [
                72.8806684,
                19.0423719
              ],
              [
                72.8806657,
                19.042392
              ],
              [
                72.8806637,
                19.0424057
              ],
              [
                72.8806552,
                19.0424273
              ],
              [
                72.8806495,
                19.0424598
              ],
              [
                72.8806489,
                19.0424632
              ],
              [
                72.880645,
                19.0425003
              ],
              [
                72.880617,
                19.0426226
              ],
              [
                72.8806144,
                19.0426329
              ],
              [
                72.8806138,
                19.0426365
              ],
              [
                72.880613,
                19.04264
              ],
              [
                72.8806124,
                19.0426445
              ],
              [
                72.8806087,
                19.042666
              ],
              [
                72.8806068,
                19.0426768
              ],
              [
                72.8806031,
                19.0427041
              ],
              [
                72.880602,
                19.0427119
              ],
              [
                72.8806018,
                19.0427127
              ],
              [
                72.8805863,
                19.0427811
              ],
              [
                72.8805684,
                19.0428862
              ],
              [
                72.8805657,
                19.0428993
              ],
              [
                72.8805459,
                19.0429955
              ],
              [
                72.8805459,
                19.0429956
              ],
              [
                72.8805384,
                19.0430306
              ],
              [
                72.8805227,
                19.0431039
              ],
              [
                72.8805097,
                19.0431527
              ],
              [
                72.8805038,
                19.0431774
              ],
              [
                72.8804993,
                19.0431951
              ],
              [
                72.8804951,
                19.0432102
              ],
              [
                72.8804912,
                19.0432233
              ],
              [
                72.8804894,
                19.0432384
              ],
              [
                72.8804873,
                19.0432553
              ],
              [
                72.8804782,
                19.0432989
              ],
              [
                72.8804697,
                19.0433296
              ],
              [
                72.8804638,
                19.0433446
              ],
              [
                72.8804597,
                19.0433544
              ],
              [
                72.8804474,
                19.0433699
              ],
              [
                72.8804436,
                19.0433724
              ],
              [
                72.8804316,
                19.0433804
              ],
              [
                72.8804211,
                19.043387
              ],
              [
                72.8804209,
                19.0433872
              ],
              [
                72.8804204,
                19.0433995
              ],
              [
                72.8804189,
                19.0434257
              ],
              [
                72.8804367,
                19.0434552
              ],
              [
                72.8804367,
                19.0434553
              ],
              [
                72.8804375,
                19.0434566
              ],
              [
                72.880433,
                19.0435095
              ],
              [
                72.880433,
                19.0435096
              ],
              [
                72.8804202,
                19.0436535
              ],
              [
                72.8804202,
                19.0436538
              ],
              [
                72.8803871,
                19.0437975
              ],
              [
                72.8803795,
                19.0438244
              ],
              [
                72.8803562,
                19.0438744
              ],
              [
                72.8803331,
                19.043931
              ],
              [
                72.8803247,
                19.0439516
              ],
              [
                72.880304,
                19.044002
              ],
              [
                72.8802933,
                19.0440346
              ],
              [
                72.8802933,
                19.0440347
              ],
              [
                72.8802824,
                19.0440671
              ],
              [
                72.8802645,
                19.0441246
              ],
              [
                72.8802645,
                19.0441247
              ],
              [
                72.8802507,
                19.0441685
              ],
              [
                72.8802248,
                19.0442508
              ],
              [
                72.8802098,
                19.0442852
              ],
              [
                72.8802083,
                19.0442874
              ],
              [
                72.8802082,
                19.0442875
              ],
              [
                72.8801936,
                19.044308
              ],
              [
                72.8801806,
                19.044317
              ],
              [
                72.8801751,
                19.0443199
              ],
              [
                72.8801718,
                19.0443216
              ],
              [
                72.8801534,
                19.0443312
              ],
              [
                72.8801376,
                19.0443407
              ],
              [
                72.8801231,
                19.0443558
              ],
              [
                72.8801208,
                19.0443583
              ],
              [
                72.8801097,
                19.0443698
              ],
              [
                72.8800946,
                19.0443898
              ],
              [
                72.8800946,
                19.0443899
              ],
              [
                72.8800925,
                19.0443926
              ],
              [
                72.8800802,
                19.0444094
              ],
              [
                72.8800692,
                19.0444321
              ],
              [
                72.8800625,
                19.0444529
              ],
              [
                72.8800623,
                19.0444597
              ],
              [
                72.8800618,
                19.0444694
              ],
              [
                72.8800628,
                19.0444783
              ],
              [
                72.8800635,
                19.0444875
              ],
              [
                72.8800761,
                19.0445142
              ],
              [
                72.88008,
                19.0445226
              ],
              [
                72.8800889,
                19.0445424
              ],
              [
                72.8800917,
                19.0445531
              ],
              [
                72.8800919,
                19.0445775
              ],
              [
                72.8800913,
                19.0445844
              ],
              [
                72.8800913,
                19.0445845
              ],
              [
                72.8800931,
                19.0446139
              ],
              [
                72.8800918,
                19.0446253
              ],
              [
                72.8800887,
                19.0446488
              ],
              [
                72.8800857,
                19.0446585
              ],
              [
                72.8800795,
                19.0446783
              ],
              [
                72.880069,
                19.0446998
              ],
              [
                72.8800475,
                19.0447423
              ],
              [
                72.8800444,
                19.0447475
              ],
              [
                72.8800413,
                19.0447528
              ],
              [
                72.8800329,
                19.0447763
              ],
              [
                72.8800276,
                19.0447929
              ],
              [
                72.8800215,
                19.0448054
              ],
              [
                72.8800115,
                19.0448249
              ],
              [
                72.8799873,
                19.0448682
              ],
              [
                72.8799872,
                19.0448683
              ],
              [
                72.8799824,
                19.0448768
              ],
              [
                72.8799462,
                19.0449309
              ],
              [
                72.8799374,
                19.0449487
              ],
              [
                72.8799356,
                19.0449564
              ],
              [
                72.8799357,
                19.0449599
              ],
              [
                72.8799357,
                19.044965
              ],
              [
                72.8799422,
                19.0449768
              ],
              [
                72.8799479,
                19.0449894
              ],
              [
                72.8799493,
                19.0449928
              ],
              [
                72.8799503,
                19.0450018
              ],
              [
                72.8799512,
                19.0450131
              ],
              [
                72.879951,
                19.045032
              ],
              [
                72.8799479,
                19.0450501
              ],
              [
                72.8799429,
                19.045069
              ],
              [
                72.8799322,
                19.0450941
              ],
              [
                72.8799305,
                19.0451008
              ],
              [
                72.8799228,
                19.045129
              ],
              [
                72.8799197,
                19.0451683
              ],
              [
                72.8799148,
                19.0451801
              ],
              [
                72.87991,
                19.0451888
              ],
              [
                72.8799098,
                19.0451892
              ],
              [
                72.8798897,
                19.0452255
              ],
              [
                72.8798889,
                19.0452276
              ],
              [
                72.8798883,
                19.045229
              ],
              [
                72.8798883,
                19.0452291
              ],
              [
                72.8798766,
                19.045257
              ],
              [
                72.8798717,
                19.045272
              ],
              [
                72.8798626,
                19.0453191
              ],
              [
                72.8798493,
                19.045392
              ],
              [
                72.8798427,
                19.0454243
              ],
              [
                72.8798425,
                19.0454256
              ],
              [
                72.8798362,
                19.0454565
              ],
              [
                72.8798362,
                19.0454566
              ],
              [
                72.8798345,
                19.0454643
              ],
              [
                72.8798329,
                19.0454706
              ],
              [
                72.8798329,
                19.0454707
              ],
              [
                72.8798234,
                19.0455073
              ],
              [
                72.8798121,
                19.0455441
              ],
              [
                72.8798018,
                19.0455768
              ],
              [
                72.879793,
                19.0455975
              ],
              [
                72.8797911,
                19.0456096
              ],
              [
                72.8797886,
                19.045624
              ],
              [
                72.8797868,
                19.0456349
              ],
              [
                72.8797872,
                19.0456416
              ],
              [
                72.8798701,
                19.0460927
              ],
              [
                72.8800185,
                19.0467832
              ],
              [
                72.8799872,
                19.046915
              ],
              [
                72.8797657,
                19.0472673
              ],
              [
                72.8796019,
                19.0475084
              ],
              [
                72.8795718,
                19.0475519
              ],
              [
                72.879548,
                19.0475754
              ],
              [
                72.8795318,
                19.0475912
              ],
              [
                72.8795182,
                19.0476036
              ],
              [
                72.8795182,
                19.0476037
              ],
              [
                72.8794792,
                19.0476392
              ],
              [
                72.8794102,
                19.0476964
              ],
              [
                72.8793969,
                19.0477063
              ],
              [
                72.8793969,
                19.0477064
              ],
              [
                72.8793523,
                19.0477388
              ],
              [
                72.8793204,
                19.0477582
              ],
              [
                72.8792885,
                19.0477728
              ],
              [
                72.8792177,
                19.0478004
              ],
              [
                72.879182,
                19.0478124
              ],
              [
                72.8791157,
                19.0478344
              ],
              [
                72.8790408,
                19.0478592
              ],
              [
                72.8790015,
                19.04787
              ],
              [
                72.8789562,
                19.0478823
              ],
              [
                72.8789487,
                19.0478836
              ],
              [
                72.8789486,
                19.0478836
              ],
              [
                72.8789175,
                19.0478888
              ],
              [
                72.8788745,
                19.0478942
              ],
              [
                72.8788416,
                19.0478983
              ],
              [
                72.8787874,
                19.0479004
              ],
              [
                72.8787121,
                19.047898
              ],
              [
                72.8786326,
                19.047894
              ],
              [
                72.878526,
                19.047879
              ],
              [
                72.8784605,
                19.047852
              ],
              [
                72.8784204,
                19.0478274
              ],
              [
                72.8783822,
                19.0477987
              ],
              [
                72.8783641,
                19.0477916
              ],
              [
                72.878348,
                19.0477899
              ],
              [
                72.8783289,
                19.0477934
              ],
              [
                72.8783289,
                19.0477935
              ],
              [
                72.8782957,
                19.0478038
              ],
              [
                72.8782318,
                19.0478236
              ],
              [
                72.8782318,
                19.0478237
              ],
              [
                72.8781185,
                19.0478588
              ],
              [
                72.8780304,
                19.0479129
              ],
              [
                72.8779337,
                19.0479757
              ],
              [
                72.8779244,
                19.0479806
              ],
              [
                72.8779237,
                19.047981
              ],
              [
                72.8775355,
                19.0481856
              ],
              [
                72.8772737,
                19.0483864
              ],
              [
                72.8771277,
                19.0484983
              ],
              [
                72.8769206,
                19.0487401
              ],
              [
                72.876875,
                19.0488018
              ],
              [
                72.8768177,
                19.0488795
              ],
              [
                72.8767727,
                19.0489402
              ],
              [
                72.8767235,
                19.0489969
              ],
              [
                72.8767233,
                19.0489971
              ],
              [
                72.8766958,
                19.0490152
              ],
              [
                72.8766932,
                19.0490164
              ],
              [
                72.8766796,
                19.049022
              ],
              [
                72.8766542,
                19.0490259
              ],
              [
                72.8766342,
                19.0490291
              ],
              [
                72.8766264,
                19.0490303
              ],
              [
                72.8766209,
                19.0490312
              ],
              [
                72.8766194,
                19.0490312
              ],
              [
                72.8765936,
                19.0490321
              ],
              [
                72.8765809,
                19.0490324
              ],
              [
                72.8765514,
                19.0490297
              ],
              [
                72.8765077,
                19.0490198
              ],
              [
                72.8764893,
                19.0490135
              ],
              [
                72.8764826,
                19.0490113
              ],
              [
                72.8764549,
                19.0490016
              ],
              [
                72.8764333,
                19.0489926
              ],
              [
                72.8764165,
                19.0489855
              ],
              [
                72.8763682,
                19.0489628
              ],
              [
                72.8763222,
                19.0489409
              ],
              [
                72.8762191,
                19.0488995
              ],
              [
                72.8761449,
                19.0488787
              ],
              [
                72.8761286,
                19.048874
              ],
              [
                72.8761021,
                19.0488664
              ],
              [
                72.876065,
                19.0488628
              ],
              [
                72.8760019,
                19.0488562
              ],
              [
                72.8759547,
                19.0488543
              ],
              [
                72.8759404,
                19.0488572
              ],
              [
                72.8758652,
                19.0488725
              ],
              [
                72.8757564,
                19.0489086
              ],
              [
                72.8756879,
                19.048946
              ],
              [
                72.8756876,
                19.0489461
              ],
              [
                72.8756593,
                19.0489616
              ],
              [
                72.8754549,
                19.0491042
              ],
              [
                72.8753635,
                19.049168
              ],
              [
                72.874976,
                19.049425
              ],
              [
                72.8749758,
                19.0494251
              ],
              [
                72.8745539,
                19.0496157
              ],
              [
                72.8744243,
                19.0496629
              ],
              [
                72.8742462,
                19.0497279
              ],
              [
                72.8741924,
                19.0497446
              ],
              [
                72.8740945,
                19.0497751
              ],
              [
                72.8737027,
                19.0498972
              ],
              [
                72.8734813,
                19.0499423
              ],
              [
                72.8734533,
                19.049948
              ],
              [
                72.8733953,
                19.0499598
              ],
              [
                72.873074,
                19.0499852
              ],
              [
                72.8730679,
                19.0499857
              ],
              [
                72.8726843,
                19.050002
              ],
              [
                72.8725514,
                19.0500076
              ],
              [
                72.872241,
                19.0500001
              ],
              [
                72.8720475,
                19.0499668
              ],
              [
                72.8719925,
                19.0499469
              ],
              [
                72.8718964,
                19.0500763
              ],
              [
                72.871843,
                19.0501479
              ],
              [
                72.8718367,
                19.0501564
              ],
              [
                72.8717579,
                19.050262
              ],
              [
                72.8717125,
                19.0503285
              ],
              [
                72.8717124,
                19.0503285
              ],
              [
                72.8716308,
                19.0504479
              ],
              [
                72.8714301,
                19.0507389
              ],
              [
                72.8713518,
                19.0508766
              ],
              [
                72.8712716,
                19.0509294
              ],
              [
                72.8712205,
                19.0509965
              ],
              [
                72.8710901,
                19.0510809
              ],
              [
                72.871081,
                19.0510884
              ],
              [
                72.8710334,
                19.0511273
              ],
              [
                72.8709149,
                19.051193
              ],
              [
                72.8704471,
                19.0513104
              ],
              [
                72.8702952,
                19.0513405
              ],
              [
                72.8702732,
                19.0513383
              ],
              [
                72.8701013,
                19.0513208
              ],
              [
                72.8700008,
                19.0513111
              ],
              [
                72.8699154,
                19.0513029
              ],
              [
                72.8697623,
                19.0512998
              ],
              [
                72.8695925,
                19.051306
              ],
              [
                72.8695696,
                19.0513069
              ],
              [
                72.869439,
                19.0513142
              ],
              [
                72.8693069,
                19.0513216
              ],
              [
                72.8691735,
                19.0513716
              ],
              [
                72.8691401,
                19.0513841
              ],
              [
                72.8691069,
                19.0513966
              ],
              [
                72.8689618,
                19.051385
              ],
              [
                72.8688956,
                19.0513873
              ],
              [
                72.8688797,
                19.0516823
              ],
              [
                72.8685355,
                19.0516883
              ],
              [
                72.8684046,
                19.0518536
              ],
              [
                72.8682877,
                19.0520719
              ],
              [
                72.8681739,
                19.0522134
              ],
              [
                72.8679958,
                19.0523663
              ],
              [
                72.8678716,
                19.0524089
              ],
              [
                72.8678317,
                19.0524283
              ],
              [
                72.8677406,
                19.0524741
              ],
              [
                72.8677217,
                19.0524839
              ],
              [
                72.8676898,
                19.0525012
              ],
              [
                72.8676897,
                19.0525013
              ],
              [
                72.8676836,
                19.0525047
              ],
              [
                72.8676451,
                19.0525244
              ],
              [
                72.8676205,
                19.0525366
              ],
              [
                72.8676204,
                19.0525366
              ],
              [
                72.8675257,
                19.052585
              ],
              [
                72.8674308,
                19.0524505
              ],
              [
                72.8673767,
                19.0523739
              ],
              [
                72.8669887,
                19.0523733
              ],
              [
                72.8666082,
                19.0523726
              ],
              [
                72.8663674,
                19.0523717
              ],
              [
                72.8662018,
                19.0523711
              ],
              [
                72.865857,
                19.0523699
              ],
              [
                72.8635585,
                19.0523331
              ],
              [
                72.8632132,
                19.0523276
              ],
              [
                72.8622196,
                19.0523117
              ],
              [
                72.8611754,
                19.0522951
              ],
              [
                72.8600583,
                19.0522774
              ],
              [
                72.8592933,
                19.0522171
              ],
              [
                72.8584083,
                19.0521474
              ],
              [
                72.8582507,
                19.0521357
              ],
              [
                72.8571916,
                19.0520571
              ],
              [
                72.854183,
                19.0518339
              ],
              [
                72.852427,
                19.0517036
              ],
              [
                72.8498134,
                19.0515096
              ],
              [
                72.8473037,
                19.0513233
              ],
              [
                72.8462576,
                19.0512456
              ],
              [
                72.8445127,
                19.05112
              ],
              [
                72.8432184,
                19.0510269
              ],
              [
                72.842901,
                19.051004
              ],
              [
                72.8422442,
                19.0509602
              ],
              [
                72.8421624,
                19.050951
              ],
              [
                72.842162,
                19.0509509
              ],
              [
                72.8421421,
                19.0509374
              ],
              [
                72.8420978,
                19.0509073
              ],
              [
                72.841888,
                19.0507648
              ],
              [
                72.8418797,
                19.0507591
              ],
              [
                72.8417805,
                19.0506903
              ],
              [
                72.841765,
                19.0506795
              ],
              [
                72.8416693,
                19.0506135
              ],
              [
                72.8416576,
                19.0506055
              ],
              [
                72.8414627,
                19.050471
              ],
              [
                72.8411207,
                19.0502443
              ],
              [
                72.8410852,
                19.0502201
              ],
              [
                72.8408726,
                19.0500748
              ],
              [
                72.8408176,
                19.0500368
              ],
              [
                72.8407208,
                19.0499702
              ],
              [
                72.8406577,
                19.0499268
              ],
              [
                72.8406332,
                19.0499104
              ],
              [
                72.8405716,
                19.0498688
              ],
              [
                72.8404624,
                19.0497953
              ],
              [
                72.8403938,
                19.0497453
              ],
              [
                72.8403557,
                19.0497175
              ],
              [
                72.8403044,
                19.0496802
              ],
              [
                72.8403043,
                19.0496802
              ],
              [
                72.8403027,
                19.049679
              ],
              [
                72.8402941,
                19.0496729
              ],
              [
                72.8401669,
                19.0495827
              ],
              [
                72.8400838,
                19.0495238
              ],
              [
                72.8400553,
                19.0495037
              ],
              [
                72.8399097,
                19.0494007
              ],
              [
                72.8398399,
                19.0493536
              ],
              [
                72.8397372,
                19.0492801
              ],
              [
                72.8396369,
                19.0492082
              ],
              [
                72.8396078,
                19.049189
              ],
              [
                72.8395836,
                19.049173
              ],
              [
                72.8395575,
                19.0491556
              ],
              [
                72.8394334,
                19.0490627
              ],
              [
                72.8394041,
                19.04904
              ],
              [
                72.8393687,
                19.0490126
              ],
              [
                72.8392979,
                19.0489609
              ],
              [
                72.8391713,
                19.0488673
              ],
              [
                72.8390323,
                19.0487626
              ],
              [
                72.8388769,
                19.0486444
              ],
              [
                72.8388131,
                19.0485957
              ],
              [
                72.8388119,
                19.0485948
              ],
              [
                72.8387102,
                19.0485171
              ],
              [
                72.838607,
                19.048437
              ],
              [
                72.8385598,
                19.0484003
              ],
              [
                72.8385249,
                19.0483747
              ],
              [
                72.8384504,
                19.0483201
              ],
              [
                72.8384236,
                19.0483116
              ],
              [
                72.8381406,
                19.0482645
              ],
              [
                72.8381262,
                19.0482626
              ],
              [
                72.8381113,
                19.0482525
              ],
              [
                72.8380495,
                19.0482104
              ],
              [
                72.837963,
                19.0481888
              ],
              [
                72.8376575,
                19.0481969
              ],
              [
                72.83763,
                19.0481744
              ],
              [
                72.8376265,
                19.0480118
              ],
              [
                72.8370084,
                19.0480663
              ],
              [
                72.8364099,
                19.0481288
              ],
              [
                72.8362469,
                19.0474365
              ],
              [
                72.8362305,
                19.046904
              ],
              [
                72.8364262,
                19.0461966
              ],
              [
                72.8372702,
                19.0440553
              ],
              [
                72.8373759,
                19.0431029
              ],
              [
                72.8373938,
                19.0424555
              ],
              [
                72.837367,
                19.0423247
              ],
              [
                72.8373595,
                19.0422462
              ],
              [
                72.837359,
                19.0421494
              ],
              [
                72.8373789,
                19.0419086
              ],
              [
                72.8374194,
                19.0415339
              ],
              [
                72.8375016,
                19.0409142
              ],
              [
                72.8377626,
                19.0397743
              ],
              [
                72.837835,
                19.0394197
              ],
              [
                72.8378918,
                19.0390359
              ],
              [
                72.8379236,
                19.0387233
              ],
              [
                72.8379495,
                19.0381447
              ],
              [
                72.8379832,
                19.0376887
              ],
              [
                72.8380237,
                19.0372771
              ],
              [
                72.837957,
                19.036652
              ],
              [
                72.8378941,
                19.0362235
              ],
              [
                72.8378088,
                19.0358251
              ],
              [
                72.8377113,
                19.0353337
              ],
              [
                72.8376241,
                19.0349469
              ],
              [
                72.837547,
                19.0343636
              ],
              [
                72.8375075,
                19.0339593
              ],
              [
                72.8374984,
                19.0337722
              ],
              [
                72.8374617,
                19.0335148
              ],
              [
                72.8373779,
                19.0331726
              ],
              [
                72.8372867,
                19.0328463
              ],
              [
                72.8371012,
                19.0324745
              ],
              [
                72.8369273,
                19.0321483
              ],
              [
                72.8368187,
                19.0319087
              ],
              [
                72.8367282,
                19.0316914
              ],
              [
                72.8366377,
                19.0313561
              ],
              [
                72.8365929,
                19.031267
              ],
              [
                72.8364487,
                19.0309527
              ],
              [
                72.8362632,
                19.0305727
              ],
              [
                72.8361022,
                19.0301889
              ],
              [
                72.8359309,
                19.0297032
              ],
              [
                72.835829,
                19.0293041
              ],
              [
                72.8357357,
                19.0290261
              ],
              [
                72.8355996,
                19.0287273
              ],
              [
                72.8352721,
                19.0280661
              ],
              [
                72.8349341,
                19.0273593
              ],
              [
                72.8346944,
                19.0269473
              ],
              [
                72.8343002,
                19.0263561
              ],
              [
                72.8341285,
                19.0260718
              ],
              [
                72.8335447,
                19.0251985
              ],
              [
                72.8334308,
                19.0250457
              ],
              [
                72.8332503,
                19.0248291
              ],
              [
                72.8328943,
                19.0244475
              ],
              [
                72.8324148,
                19.0239873
              ],
              [
                72.8320419,
                19.0235924
              ],
              [
                72.8313891,
                19.0229143
              ],
              [
                72.8312829,
                19.0227958
              ],
              [
                72.8309789,
                19.0225022
              ],
              [
                72.8307344,
                19.0222783
              ],
              [
                72.8303931,
                19.0219945
              ],
              [
                72.8300861,
                19.0217523
              ],
              [
                72.8297719,
                19.0214753
              ],
              [
                72.8296332,
                19.0213431
              ],
              [
                72.829335,
                19.0211171
              ],
              [
                72.8291628,
                19.0209931
              ],
              [
                72.8283017,
                19.0202734
              ],
              [
                72.8281599,
                19.0201871
              ],
              [
                72.8279849,
                19.0200681
              ],
              [
                72.8271867,
                19.0196117
              ],
              [
                72.8268942,
                19.0194151
              ],
              [
                72.8266139,
                19.0192703
              ],
              [
                72.8261183,
                19.0189818
              ],
              [
                72.8253013,
                19.0185192
              ],
              [
                72.8251153,
                19.0184051
              ],
              [
                72.8249043,
                19.0182884
              ],
              [
                72.8247166,
                19.01819
              ],
              [
                72.8245258,
                19.0181001
              ],
              [
                72.8243274,
                19.0179982
              ],
              [
                72.8241682,
                19.0179257
              ],
              [
                72.8239716,
                19.0178527
              ],
              [
                72.8238941,
                19.0178284
              ],
              [
                72.8234501,
                19.017723
              ],
              [
                72.823295,
                19.0176953
              ],
              [
                72.8227364,
                19.0175701
              ],
              [
                72.8223006,
                19.0175893
              ],
              [
                72.8222531,
                19.0176072
              ],
              [
                72.8221814,
                19.0176596
              ],
              [
                72.8220994,
                19.017677
              ],
              [
                72.8215201,
                19.0177152
              ],
              [
                72.8209044,
                19.0178176
              ],
              [
                72.820901,
                19.0179102
              ],
              [
                72.8208916,
                19.0179661
              ],
              [
                72.8208828,
                19.0179948
              ],
              [
                72.8207809,
                19.0181948
              ],
              [
                72.8207564,
                19.0182301
              ],
              [
                72.820682,
                19.0183186
              ],
              [
                72.8206021,
                19.018396
              ],
              [
                72.8205748,
                19.0184189
              ],
              [
                72.820524,
                19.0184503
              ],
              [
                72.8204169,
                19.0185003
              ],
              [
                72.8203969,
                19.0185047
              ],
              [
                72.8201547,
                19.0185249
              ],
              [
                72.8200528,
                19.0185412
              ],
              [
                72.8197445,
                19.0186297
              ],
              [
                72.819658,
                19.0186631
              ],
              [
                72.8195962,
                19.0186919
              ],
              [
                72.8195756,
                19.0186618
              ],
              [
                72.819267,
                19.019049
              ],
              [
                72.8189907,
                19.0194256
              ],
              [
                72.8189538,
                19.0195006
              ],
              [
                72.8189269,
                19.0196002
              ],
              [
                72.8189186,
                19.0198484
              ],
              [
                72.8187928,
                19.0206603
              ],
              [
                72.8187309,
                19.0210857
              ],
              [
                72.8187352,
                19.0213463
              ],
              [
                72.8187143,
                19.0215303
              ],
              [
                72.8186831,
                19.0218059
              ],
              [
                72.8186531,
                19.0219443
              ],
              [
                72.8185786,
                19.0221016
              ],
              [
                72.8188252,
                19.0224124
              ],
              [
                72.8192554,
                19.0229443
              ],
              [
                72.8192692,
                19.0229783
              ],
              [
                72.8192715,
                19.0230075
              ],
              [
                72.8192656,
                19.0230373
              ],
              [
                72.8192488,
                19.0230684
              ],
              [
                72.8192184,
                19.0230961
              ],
              [
                72.8191849,
                19.0231108
              ],
              [
                72.8191391,
                19.0231144
              ],
              [
                72.8191006,
                19.0231039
              ],
              [
                72.8190732,
                19.0230867
              ],
              [
                72.8190608,
                19.0230746
              ],
              [
                72.8188853,
                19.0228762
              ],
              [
                72.8175328,
                19.0241274
              ],
              [
                72.8170745,
                19.0246167
              ],
              [
                72.8166308,
                19.025421
              ],
              [
                72.8161197,
                19.0259987
              ],
              [
                72.8158501,
                19.0263425
              ],
              [
                72.81548,
                19.0269126
              ],
              [
                72.8148126,
                19.0270409
              ],
              [
                72.8143949,
                19.0268506
              ],
              [
                72.8143309,
                19.0263965
              ],
              [
                72.814431,
                19.0259271
              ],
              [
                72.8148269,
                19.024864
              ],
              [
                72.8148503,
                19.0245329
              ],
              [
                72.8149492,
                19.0243831
              ],
              [
                72.8150775,
                19.0242063
              ],
              [
                72.8151205,
                19.0240318
              ],
              [
                72.8151929,
                19.0239138
              ],
              [
                72.8152295,
                19.023702
              ],
              [
                72.8154557,
                19.022306
              ],
              [
                72.8158202,
                19.0162624
              ],
              [
                72.8158442,
                19.0161103
              ],
              [
                72.8158671,
                19.0160139
              ],
              [
                72.8159072,
                19.0158857
              ],
              [
                72.8159465,
                19.0157859
              ],
              [
                72.8160226,
                19.0156315
              ],
              [
                72.8160582,
                19.0155708
              ],
              [
                72.816145,
                19.0154424
              ],
              [
                72.8162468,
                19.0152774
              ],
              [
                72.8163264,
                19.0151088
              ],
              [
                72.8164286,
                19.0149066
              ],
              [
                72.8165653,
                19.0143728
              ],
              [
                72.8166042,
                19.0142578
              ],
              [
                72.8166222,
                19.0141753
              ],
              [
                72.8166495,
                19.0140997
              ],
              [
                72.8166873,
                19.0139399
              ],
              [
                72.8167102,
                19.0138027
              ],
              [
                72.8167251,
                19.013679
              ],
              [
                72.8167297,
                19.0135195
              ],
              [
                72.8167288,
                19.0133906
              ],
              [
                72.8167194,
                19.0131811
              ],
              [
                72.8167099,
                19.0130575
              ],
              [
                72.8166882,
                19.0129052
              ],
              [
                72.8166509,
                19.012701
              ],
              [
                72.8166261,
                19.0125912
              ],
              [
                72.8165873,
                19.012457
              ],
              [
                72.8164513,
                19.0120704
              ],
              [
                72.816397,
                19.0119518
              ],
              [
                72.8163163,
                19.0117915
              ],
              [
                72.815977,
                19.0112204
              ],
              [
                72.8149197,
                19.0094755
              ],
              [
                72.8147734,
                19.0092227
              ],
              [
                72.8147015,
                19.009091
              ],
              [
                72.8146272,
                19.0089445
              ],
              [
                72.8145258,
                19.0087251
              ],
              [
                72.8144261,
                19.0084918
              ],
              [
                72.8143419,
                19.0082554
              ],
              [
                72.8142069,
                19.0078116
              ],
              [
                72.8139851,
                19.0071104
              ],
              [
                72.8136497,
                19.0059994
              ],
              [
                72.8134832,
                19.0054679
              ],
              [
                72.8134018,
                19.0052429
              ],
              [
                72.8132443,
                19.0048949
              ],
              [
                72.8131997,
                19.0048016
              ],
              [
                72.8131534,
                19.0047155
              ],
              [
                72.812831,
                19.0041588
              ],
              [
                72.8126251,
                19.0038128
              ],
              [
                72.8120545,
                19.0028136
              ],
              [
                72.8115851,
                19.0020011
              ],
              [
                72.8115193,
                19.0018816
              ],
              [
                72.8114443,
                19.0017139
              ],
              [
                72.8113914,
                19.0015583
              ],
              [
                72.8113715,
                19.0014833
              ],
              [
                72.8113525,
                19.0013757
              ],
              [
                72.8113401,
                19.0012753
              ],
              [
                72.8113295,
                19.0010691
              ],
              [
                72.811332,
                19.0002067
              ],
              [
                72.8113255,
                18.9998346
              ],
              [
                72.811353,
                18.9996073
              ],
              [
                72.8113482,
                18.9984355
              ],
              [
                72.8113592,
                18.9982707
              ],
              [
                72.8113765,
                18.9982031
              ],
              [
                72.811268,
                18.9981754
              ],
              [
                72.8114519,
                18.9975239
              ],
              [
                72.811495,
                18.9973468
              ],
              [
                72.8118693,
                18.9960486
              ],
              [
                72.8118716,
                18.9959017
              ],
              [
                72.8118345,
                18.9949451
              ],
              [
                72.8118706,
                18.9945727
              ],
              [
                72.8118529,
                18.9931814
              ],
              [
                72.8114095,
                18.9911877
              ],
              [
                72.8110539,
                18.9898668
              ],
              [
                72.8102257,
                18.987541
              ],
              [
                72.8101291,
                18.9872904
              ],
              [
                72.8095898,
                18.9858912
              ],
              [
                72.8094132,
                18.985463
              ],
              [
                72.808971,
                18.9846369
              ],
              [
                72.8085779,
                18.983949
              ],
              [
                72.8071233,
                18.9814335
              ],
              [
                72.806518,
                18.9804187
              ],
              [
                72.8058256,
                18.9792887
              ]
            ]
          ],
          [
            [
              [
                72.8999546,
                18.9608923
              ],
              [
                72.8996104,
                18.9607906
              ],
              [
                72.8994593,
                18.9607105
              ],
              [
                72.8992942,
                18.9604749
              ],
              [
                72.8988561,
                18.9602364
              ],
              [
                72.8983347,
                18.9597789
              ],
              [
                72.8982423,
                18.9593431
              ],
              [
                72.8986971,
                18.9589555
              ],
              [
                72.8987287,
                18.9588332
              ],
              [
                72.8986557,
                18.9587189
              ],
              [
                72.898823,
                18.9585647
              ],
              [
                72.8993416,
                18.9586248
              ],
              [
                72.9000364,
                18.958365
              ],
              [
                72.9002798,
                18.9582141
              ],
              [
                72.9010051,
                18.958008
              ],
              [
                72.901201,
                18.9579715
              ],
              [
                72.901544,
                18.9575923
              ],
              [
                72.9017039,
                18.9575131
              ],
              [
                72.9019651,
                18.9573798
              ],
              [
                72.902036,
                18.9573967
              ],
              [
                72.9025123,
                18.9581064
              ],
              [
                72.9027482,
                18.9584203
              ],
              [
                72.9028246,
                18.9585015
              ],
              [
                72.9029266,
                18.9584773
              ],
              [
                72.9030137,
                18.9583543
              ],
              [
                72.9029923,
                18.9582059
              ],
              [
                72.9029641,
                18.9579801
              ],
              [
                72.9029828,
                18.9578026
              ],
              [
                72.9030566,
                18.9575273
              ],
              [
                72.9029493,
                18.9572622
              ],
              [
                72.9026597,
                18.9566817
              ],
              [
                72.9018965,
                18.9553914
              ],
              [
                72.9017611,
                18.9551479
              ],
              [
                72.9017021,
                18.9548701
              ],
              [
                72.901745,
                18.9547432
              ],
              [
                72.9018711,
                18.9547179
              ],
              [
                72.9019609,
                18.9548752
              ],
              [
                72.9020722,
                18.9552417
              ],
              [
                72.9025148,
                18.9559647
              ],
              [
                72.9025765,
                18.9559127
              ],
              [
                72.9026704,
                18.9557884
              ],
              [
                72.9027146,
                18.9556362
              ],
              [
                72.9027656,
                18.9554272
              ],
              [
                72.9027884,
                18.9553677
              ],
              [
                72.9028581,
                18.9553825
              ],
              [
                72.9028944,
                18.9554526
              ],
              [
                72.9030137,
                18.9554612
              ],
              [
                72.9030901,
                18.9554624
              ],
              [
                72.9033436,
                18.9562602
              ],
              [
                72.9036212,
                18.9570403
              ],
              [
                72.9037459,
                18.957247
              ],
              [
                72.9039578,
                18.9573637
              ],
              [
                72.9041469,
                18.9573751
              ],
              [
                72.9043011,
                18.9573662
              ],
              [
                72.9045452,
                18.9573827
              ],
              [
                72.9045305,
                18.9572169
              ],
              [
                72.9045533,
                18.9570685
              ],
              [
                72.9045948,
                18.9570111
              ],
              [
                72.9047759,
                18.9569413
              ],
              [
                72.9048403,
                18.9569654
              ],
              [
                72.9049382,
                18.9570961
              ],
              [
                72.905087,
                18.9574411
              ],
              [
                72.9052828,
                18.9578406
              ],
              [
                72.9055792,
                18.958249
              ],
              [
                72.9056449,
                18.9582719
              ],
              [
                72.9056945,
                18.9582414
              ],
              [
                72.905712,
                18.9581872
              ],
              [
                72.905881,
                18.9581859
              ],
              [
                72.9059668,
                18.9582608
              ],
              [
                72.9067044,
                18.9582278
              ],
              [
                72.9067648,
                18.9582329
              ],
              [
                72.9068023,
                18.9582747
              ],
              [
                72.9068144,
                18.9583369
              ],
              [
                72.9068117,
                18.9584054
              ],
              [
                72.9068037,
                18.958432
              ],
              [
                72.9067473,
                18.958484
              ],
              [
                72.9064791,
                18.9584941
              ],
              [
                72.9062109,
                18.9584992
              ],
              [
                72.9060231,
                18.9585078
              ],
              [
                72.9060405,
                18.9589694
              ],
              [
                72.9060781,
                18.9590456
              ],
              [
                72.9061532,
                18.9590874
              ],
              [
                72.906227,
                18.9591267
              ],
              [
                72.9063021,
                18.9591546
              ],
              [
                72.9063356,
                18.9591965
              ],
              [
                72.9063329,
                18.9592586
              ],
              [
                72.9061948,
                18.9595456
              ],
              [
                72.9061733,
                18.9596759
              ],
              [
                72.9058394,
                18.9601798
              ],
              [
                72.905649,
                18.9603282
              ],
              [
                72.9055028,
                18.960521
              ],
              [
                72.9054639,
                18.9606516
              ],
              [
                72.9054505,
                18.9607594
              ],
              [
                72.905429,
                18.9608964
              ],
              [
                72.9053847,
                18.9609037
              ],
              [
                72.9053646,
                18.9608618
              ],
              [
                72.9053365,
                18.9608403
              ],
              [
                72.905256,
                18.9608136
              ],
              [
                72.9051755,
                18.9607274
              ],
              [
                72.9050535,
                18.9607413
              ],
              [
                72.9049569,
                18.9607337
              ],
              [
                72.9048443,
                18.9606843
              ],
              [
                72.9047973,
                18.9605802
              ],
              [
                72.9045868,
                18.9606069
              ],
              [
                72.9044487,
                18.9606884
              ],
              [
                72.9043602,
                18.9607975
              ],
              [
                72.9042166,
                18.9608948
              ],
              [
                72.9041201,
                18.960976
              ],
              [
                72.9040141,
                18.9610419
              ],
              [
                72.9038773,
                18.9612309
              ],
              [
                72.9037714,
                18.9613971
              ],
              [
                72.9036521,
                18.9615407
              ],
              [
                72.9036064,
                18.9616495
              ],
              [
                72.903589,
                18.9617864
              ],
              [
                72.9036722,
                18.9619757
              ],
              [
                72.9037902,
                18.9621961
              ],
              [
                72.9038438,
                18.9622874
              ],
              [
                72.9038653,
                18.9623445
              ],
              [
                72.903876,
                18.9623902
              ],
              [
                72.9038733,
                18.9624777
              ],
              [
                72.9037969,
                18.9625804
              ],
              [
                72.9036829,
                18.9625931
              ],
              [
                72.9036145,
                18.962601
              ],
              [
                72.9035233,
                18.9626315
              ],
              [
                72.903475,
                18.962673
              ],
              [
                72.9034294,
                18.9627326
              ],
              [
                72.9033221,
                18.9628024
              ],
              [
                72.9031545,
                18.9628315
              ],
              [
                72.9030499,
                18.9628154
              ],
              [
                72.9029386,
                18.9629013
              ],
              [
                72.9027575,
                18.9628785
              ],
              [
                72.9026516,
                18.962933
              ],
              [
                72.9025523,
                18.9630192
              ],
              [
                72.9025215,
                18.9631638
              ],
              [
                72.9024638,
                18.9634483
              ],
              [
                72.9024544,
                18.9634835
              ],
              [
                72.9023927,
                18.963576
              ],
              [
                72.902382,
                18.9636902
              ],
              [
                72.9023431,
                18.9637194
              ],
              [
                72.9022989,
                18.9637194
              ],
              [
                72.90226,
                18.9637054
              ],
              [
                72.9022372,
                18.9636712
              ],
              [
                72.9022385,
                18.9635979
              ],
              [
                72.9022654,
                18.9634736
              ],
              [
                72.9022734,
                18.9633696
              ],
              [
                72.9022037,
                18.9633214
              ],
              [
                72.9020843,
                18.9633427
              ],
              [
                72.9018872,
                18.9633113
              ],
              [
                72.9017611,
                18.9633849
              ],
              [
                72.9017034,
                18.9634467
              ],
              [
                72.9015934,
                18.9635355
              ],
              [
                72.9014808,
                18.9636902
              ],
              [
                72.901344,
                18.9639033
              ],
              [
                72.9012448,
                18.963921
              ],
              [
                72.9010463,
                18.9637967
              ],
              [
                72.9009417,
                18.9637409
              ],
              [
                72.9008746,
                18.9637384
              ],
              [
                72.9007834,
                18.9637206
              ],
              [
                72.9006922,
                18.9638272
              ],
              [
                72.9005393,
                18.9636623
              ],
              [
                72.9005232,
                18.9635278
              ],
              [
                72.9005608,
                18.9634594
              ],
              [
                72.900648,
                18.9632783
              ],
              [
                72.9006239,
                18.9630678
              ],
              [
                72.9004642,
                18.9629038
              ],
              [
                72.9003382,
                18.9627364
              ],
              [
                72.9002725,
                18.9626086
              ],
              [
                72.9001893,
                18.9624818
              ],
              [
                72.9000995,
                18.9624193
              ],
              [
                72.9000565,
                18.9623052
              ],
              [
                72.9000391,
                18.9621723
              ],
              [
                72.8999587,
                18.9620354
              ],
              [
                72.8998943,
                18.9618223
              ],
              [
                72.8998997,
                18.9614925
              ],
              [
                72.8999519,
                18.9611561
              ],
              [
                72.8999546,
                18.9608923
              ]
            ]
          ]
        ]
      },
      "properties": {
        "name": "Mumbai City"
      }
    }
  ]
}