{
  "type": "FeatureCollection",
  "features": [
    {
      "type": "Feature",
      "geometry": {
        "type": "MultiPolygon",
        "coordinates": [
          [
            [
              [
                72.7582955,
                19.2679978
              ],
              [
                72.7584545,
                19.2680029
              ],
              [
                72.7586464,
                19.2681168
              ],
              [
                72.7587835,
                19.268298
              ],
              [
                72.7588713,
                19.2685931
              ],
              [
                72.7588329,
                19.2688415
              ],
              [
                72.7588274,
                19.2691055
              ],
              [
                72.7587177,
                19.2692246
              ],
              [
                72.7585971,
                19.2692142
              ],
              [
                72.7584435,
                19.2693229
              ],
              [
                72.7583997,
                19.2695766
              ],
              [
                72.7582352,
                19.2696542
              ],
              [
                72.7580981,
                19.2695352
              ],
              [
                72.7579884,
                19.2693126
              ],
              [
                72.7579226,
                19.2692246
              ],
              [
                72.7576649,
                19.2689916
              ],
              [
                72.7575662,
                19.2687898
              ],
              [
                72.7574949,
                19.2687846
              ],
              [
                72.7573249,
                19.2687535
              ],
              [
                72.7572371,
                19.2685154
              ],
              [
                72.7571713,
                19.2683239
              ],
              [
                72.7570452,
                19.2682669
              ],
              [
                72.7569959,
                19.2683446
              ],
              [
                72.7568862,
                19.2682152
              ],
              [
                72.7568643,
                19.2679615
              ],
              [
                72.7569246,
                19.2677648
              ],
              [
                72.7570178,
                19.2679667
              ],
              [
                72.7570836,
                19.2681375
              ],
              [
                72.7571713,
                19.2681116
              ],
              [
                72.7573705,
                19.2680612
              ],
              [
                72.7573962,
                19.2680547
              ],
              [
                72.7575552,
                19.2680495
              ],
              [
                72.7576265,
                19.2678632
              ],
              [
                72.7576374,
                19.2676509
              ],
              [
                72.7576539,
                19.2674283
              ],
              [
                72.757791,
                19.2673766
              ],
              [
                72.7579226,
                19.2675526
              ],
              [
                72.7579994,
                19.2677493
              ],
              [
                72.7581968,
                19.2677803
              ],
              [
                72.7582461,
                19.2678735
              ],
              [
                72.7582955,
                19.2679978
              ]
            ]
          ],
          [
            [
              [
                72.7621784,
                19.2816087
              ],
              [
                72.7620664,
                19.2815747
              ],
              [
                72.7619544,
                19.2815747
              ],
              [
                72.7617744,
                19.2816427
              ],
              [
                72.7616424,
                19.2816842
              ],
              [
                72.7615623,
                19.2817446
              ],
              [
                72.7614663,
                19.2817069
              ],
              [
                72.7614663,
                19.2815143
              ],
              [
                72.7614903,
                19.2814123
              ],
              [
                72.7615783,
                19.2813141
              ],
              [
                72.7616824,
                19.2813368
              ],
              [
                72.7618264,
                19.2813141
              ],
              [
                72.7619584,
                19.2812726
              ],
              [
                72.7619704,
                19.281182
              ],
              [
                72.7620024,
                19.2810574
              ],
              [
                72.7619104,
                19.2809705
              ],
              [
                72.7619224,
                19.2808685
              ],
              [
                72.7620064,
                19.2807704
              ],
              [
                72.7620184,
                19.2806269
              ],
              [
                72.7618904,
                19.2805249
              ],
              [
                72.7618664,
                19.2804116
              ],
              [
                72.7620264,
                19.2802983
              ],
              [
                72.7621624,
                19.280321
              ],
              [
                72.7622464,
                19.2803625
              ],
              [
                72.7623105,
                19.2804796
              ],
              [
                72.7623105,
                19.2805627
              ],
              [
                72.7624345,
                19.2804985
              ],
              [
                72.7625265,
                19.2804267
              ],
              [
                72.7625905,
                19.2804532
              ],
              [
                72.7625345,
                19.2806571
              ],
              [
                72.7624865,
                19.2808308
              ],
              [
                72.7625345,
                19.2809932
              ],
              [
                72.7625105,
                19.2811291
              ],
              [
                72.7623505,
                19.2811555
              ],
              [
                72.7623265,
                19.2813104
              ],
              [
                72.7623305,
                19.2814501
              ],
              [
                72.7622744,
                19.2815483
              ],
              [
                72.7621784,
                19.2816087
              ]
            ]
          ],
          [
            [
              [
                72.7636903,
                19.2856197
              ],
              [
                72.763877,
                19.2856678
              ],
              [
                72.7640354,
                19.2856891
              ],
              [
                72.7642051,
                19.2857051
              ],
              [
                72.7642843,
                19.2858173
              ],
              [
                72.7644088,
                19.2860629
              ],
              [
                72.7645163,
                19.2860896
              ],
              [
                72.76472,
                19.2861217
              ],
              [
                72.7648614,
                19.286111
              ],
              [
                72.7648501,
                19.2862285
              ],
              [
                72.764686,
                19.2863032
              ],
              [
                72.7643296,
                19.2864367
              ],
              [
                72.7641429,
                19.286378
              ],
              [
                72.7638713,
                19.2862819
              ],
              [
                72.7638487,
                19.2861217
              ],
              [
                72.7639788,
                19.2860149
              ],
              [
                72.7638713,
                19.2859615
              ],
              [
                72.7637016,
                19.2859187
              ],
              [
                72.7635488,
                19.2858386
              ],
              [
                72.7635375,
                19.2856891
              ],
              [
                72.7636903,
                19.2856197
              ]
            ]
          ],
          [
            [
              [
                72.7837151,
                19.2648545
              ],
              [
                72.7843501,
                19.2647904
              ],
              [
                72.7845016,
                19.2647592
              ],
              [
                72.7865911,
                19.2638955
              ],
              [
                72.787062,
                19.2637042
              ],
              [
                72.7874129,
                19.2635688
              ],
              [
                72.7883112,
                19.263206
              ],
              [
                72.7898601,
                19.2614731
              ],
              [
                72.7899323,
                19.2614429
              ],
              [
                72.7900783,
                19.2614865
              ],
              [
                72.7913211,
                19.2615103
              ],
              [
                72.7919203,
                19.2617
              ],
              [
                72.792068,
                19.2617077
              ],
              [
                72.7922692,
                19.2617733
              ],
              [
                72.7922952,
                19.2617467
              ],
              [
                72.7923419,
                19.2617762
              ],
              [
                72.7924007,
                19.2617446
              ],
              [
                72.7924946,
                19.2617563
              ],
              [
                72.7926057,
                19.2617787
              ],
              [
                72.7926194,
                19.2617699
              ],
              [
                72.7944313,
                19.2619794
              ],
              [
                72.7946599,
                19.2620187
              ],
              [
                72.7950474,
                19.2620758
              ],
              [
                72.7961021,
                19.2622252
              ],
              [
                72.7961008,
                19.2622209
              ],
              [
                72.7963475,
                19.2622184
              ],
              [
                72.7978697,
                19.2622095
              ],
              [
                72.798825,
                19.2622078
              ],
              [
                72.7989755,
                19.2622148
              ],
              [
                72.7994004,
                19.2622061
              ],
              [
                72.7997222,
                19.2622689
              ],
              [
                72.7998405,
                19.2619511
              ],
              [
                72.7999131,
                19.2619712
              ],
              [
                72.800221,
                19.2618718
              ],
              [
                72.8005748,
                19.2612783
              ],
              [
                72.8008568,
                19.2611692
              ],
              [
                72.800891,
                19.2610829
              ],
              [
                72.800617,
                19.2604946
              ],
              [
                72.8006905,
                19.2603348
              ],
              [
                72.8007602,
                19.2600706
              ],
              [
                72.8007862,
                19.2599191
              ],
              [
                72.8008502,
                19.2595392
              ],
              [
                72.8008574,
                19.2593298
              ],
              [
                72.8008065,
                19.2588232
              ],
              [
                72.8010351,
                19.2588755
              ],
              [
                72.8016629,
                19.2590609
              ],
              [
                72.8024188,
                19.2588972
              ],
              [
                72.8026057,
                19.2588224
              ],
              [
                72.8028348,
                19.2586998
              ],
              [
                72.8031421,
                19.2585177
              ],
              [
                72.8033442,
                19.2583732
              ],
              [
                72.803537,
                19.2582459
              ],
              [
                72.8038085,
                19.2580201
              ],
              [
                72.8040568,
                19.2578243
              ],
              [
                72.8042679,
                19.2576843
              ],
              [
                72.8044376,
                19.2575826
              ],
              [
                72.8046399,
                19.2574295
              ],
              [
                72.8048837,
                19.257225
              ],
              [
                72.8056192,
                19.2566634
              ],
              [
                72.80589,
                19.2564852
              ],
              [
                72.8063489,
                19.2561925
              ],
              [
                72.8066612,
                19.2559759
              ],
              [
                72.8069093,
                19.2557931
              ],
              [
                72.8071486,
                19.2555928
              ],
              [
                72.8074616,
                19.2553157
              ],
              [
                72.8078436,
                19.2549919
              ],
              [
                72.80824,
                19.2546077
              ],
              [
                72.808549,
                19.254296
              ],
              [
                72.8088345,
                19.2540358
              ],
              [
                72.8093138,
                19.2535749
              ],
              [
                72.8095951,
                19.2532974
              ],
              [
                72.8100006,
                19.252909
              ],
              [
                72.8105438,
                19.2524315
              ],
              [
                72.8109444,
                19.2520733
              ],
              [
                72.8111887,
                19.2518386
              ],
              [
                72.8114239,
                19.2515951
              ],
              [
                72.811641,
                19.2513514
              ],
              [
                72.8119041,
                19.2510147
              ],
              [
                72.8120992,
                19.2507649
              ],
              [
                72.8123762,
                19.2504614
              ],
              [
                72.8127312,
                19.2501156
              ],
              [
                72.8133614,
                19.2495916
              ],
              [
                72.8139689,
                19.2490674
              ],
              [
                72.8148335,
                19.2483734
              ],
              [
                72.8153249,
                19.2480249
              ],
              [
                72.8157155,
                19.2477314
              ],
              [
                72.8160094,
                19.2475318
              ],
              [
                72.816248,
                19.2473748
              ],
              [
                72.8165185,
                19.2472224
              ],
              [
                72.8166833,
                19.2471423
              ],
              [
                72.8173733,
                19.2469172
              ],
              [
                72.8182271,
                19.2466897
              ],
              [
                72.8189024,
                19.2465465
              ],
              [
                72.8190253,
                19.246535
              ],
              [
                72.8197596,
                19.2464055
              ],
              [
                72.82064,
                19.2462302
              ],
              [
                72.8210644,
                19.2461315
              ],
              [
                72.8220804,
                19.2460226
              ],
              [
                72.8223129,
                19.2459865
              ],
              [
                72.8227647,
                19.2458839
              ],
              [
                72.8231209,
                19.2457844
              ],
              [
                72.8235229,
                19.2456595
              ],
              [
                72.8241803,
                19.2454859
              ],
              [
                72.824623,
                19.2453831
              ],
              [
                72.8258867,
                19.2451259
              ],
              [
                72.8266565,
                19.2450529
              ],
              [
                72.8269664,
                19.2450134
              ],
              [
                72.8272035,
                19.244973
              ],
              [
                72.8274368,
                19.2452221
              ],
              [
                72.8276699,
                19.2454885
              ],
              [
                72.8278666,
                19.2457587
              ],
              [
                72.828421,
                19.2464999
              ],
              [
                72.8287176,
                19.24683
              ],
              [
                72.8288427,
                19.2469583
              ],
              [
                72.8289721,
                19.2470636
              ],
              [
                72.8291765,
                19.2471886
              ],
              [
                72.829755,
                19.2474819
              ],
              [
                72.8300698,
                19.2476584
              ],
              [
                72.8304467,
                19.2478555
              ],
              [
                72.830697,
                19.2479598
              ],
              [
                72.8311986,
                19.2481458
              ],
              [
                72.8313918,
                19.2482053
              ],
              [
                72.8319446,
                19.2483999
              ],
              [
                72.8332963,
                19.2488437
              ],
              [
                72.8343977,
                19.2492845
              ],
              [
                72.8349639,
                19.2495204
              ],
              [
                72.8352186,
                19.2496264
              ],
              [
                72.8359457,
                19.2500224
              ],
              [
                72.8366346,
                19.250506
              ],
              [
                72.8377642,
                19.2513117
              ],
              [
                72.8382966,
                19.2517142
              ],
              [
                72.8385994,
                19.2520386
              ],
              [
                72.8396637,
                19.2537592
              ],
              [
                72.8399697,
                19.2554048
              ],
              [
                72.8378874,
                19.2583945
              ],
              [
                72.8370033,
                19.2598217
              ],
              [
                72.8364424,
                19.2619035
              ],
              [
                72.8366384,
                19.2626022
              ],
              [
                72.8368415,
                19.2631121
              ],
              [
                72.836956,
                19.2633961
              ],
              [
                72.8371952,
                19.2638001
              ],
              [
                72.8372475,
                19.2638828
              ],
              [
                72.8373927,
                19.2641362
              ],
              [
                72.8375498,
                19.2643701
              ],
              [
                72.8378212,
                19.2647147
              ],
              [
                72.8381324,
                19.2651701
              ],
              [
                72.8384325,
                19.265581
              ],
              [
                72.8386456,
                19.2658669
              ],
              [
                72.8387302,
                19.2659733
              ],
              [
                72.8389162,
                19.2661337
              ],
              [
                72.8390295,
                19.2662263
              ],
              [
                72.8390932,
                19.2662415
              ],
              [
                72.8394364,
                19.2665102
              ],
              [
                72.8398076,
                19.2667393
              ],
              [
                72.8400803,
                19.2668887
              ],
              [
                72.8403791,
                19.2670737
              ],
              [
                72.8404661,
                19.2671219
              ],
              [
                72.8407631,
                19.2672064
              ],
              [
                72.84097,
                19.2672561
              ],
              [
                72.8411839,
                19.2673148
              ],
              [
                72.8415339,
                19.2674166
              ],
              [
                72.841671,
                19.2674248
              ],
              [
                72.8424861,
                19.26745
              ],
              [
                72.8428397,
                19.2673733
              ],
              [
                72.8432537,
                19.2672912
              ],
              [
                72.8441499,
                19.2671708
              ],
              [
                72.8446554,
                19.2670814
              ],
              [
                72.8455619,
                19.2669346
              ],
              [
                72.8461045,
                19.2670861
              ],
              [
                72.8461981,
                19.2671073
              ],
              [
                72.8466454,
                19.2672339
              ],
              [
                72.8470762,
                19.2673419
              ],
              [
                72.8476344,
                19.2678557
              ],
              [
                72.8486357,
                19.2685627
              ],
              [
                72.8498821,
                19.2693768
              ],
              [
                72.8500483,
                19.2694771
              ],
              [
                72.8503883,
                19.2693816
              ],
              [
                72.850597,
                19.269063
              ],
              [
                72.8512451,
                19.2680992
              ],
              [
                72.8523637,
                19.2675557
              ],
              [
                72.8532493,
                19.2673865
              ],
              [
                72.856719,
                19.2690769
              ],
              [
                72.858087,
                19.2694244
              ],
              [
                72.8591721,
                19.2689766
              ],
              [
                72.8598807,
                19.2686941
              ],
              [
                72.8602195,
                19.2685354
              ],
              [
                72.8613235,
                19.2676355
              ],
              [
                72.8618978,
                19.2677064
              ],
              [
                72.8622032,
                19.2680812
              ],
              [
                72.8626067,
                19.2685064
              ],
              [
                72.8631849,
                19.2683227
              ],
              [
                72.8634714,
                19.267832
              ],
              [
                72.863792,
                19.2674414
              ],
              [
                72.8647359,
                19.2671717
              ],
              [
                72.8650022,
                19.2669407
              ],
              [
                72.8655508,
                19.2670606
              ],
              [
                72.8660166,
                19.2669612
              ],
              [
                72.8661856,
                19.2665813
              ],
              [
                72.8661442,
                19.2659496
              ],
              [
                72.8657345,
                19.2651714
              ],
              [
                72.8659344,
                19.2646601
              ],
              [
                72.8660678,
                19.2644731
              ],
              [
                72.8670854,
                19.26301
              ],
              [
                72.867127,
                19.2629578
              ],
              [
                72.8674863,
                19.2626237
              ],
              [
                72.8681192,
                19.2620146
              ],
              [
                72.8686257,
                19.2614159
              ],
              [
                72.8688528,
                19.2611411
              ],
              [
                72.8693,
                19.2608936
              ],
              [
                72.86969,
                19.2606818
              ],
              [
                72.8698154,
                19.2606111
              ],
              [
                72.8698514,
                19.2606159
              ],
              [
                72.8699104,
                19.2606659
              ],
              [
                72.8699464,
                19.2608198
              ],
              [
                72.8699802,
                19.2609879
              ],
              [
                72.870105,
                19.2610773
              ],
              [
                72.8708005,
                19.2612049
              ],
              [
                72.8710933,
                19.2611647
              ],
              [
                72.8710914,
                19.2610987
              ],
              [
                72.8714607,
                19.2611625
              ],
              [
                72.8718697,
                19.2612518
              ],
              [
                72.8718944,
                19.2612444
              ],
              [
                72.8721556,
                19.2611941
              ],
              [
                72.8721642,
                19.261195
              ],
              [
                72.8722669,
                19.2611665
              ],
              [
                72.8724717,
                19.2612029
              ],
              [
                72.8726417,
                19.261133
              ],
              [
                72.8726995,
                19.2610656
              ],
              [
                72.8732121,
                19.2608472
              ],
              [
                72.8733292,
                19.2608042
              ],
              [
                72.8738031,
                19.2606913
              ],
              [
                72.873848,
                19.2605825
              ],
              [
                72.8740431,
                19.2606075
              ],
              [
                72.8744902,
                19.2606138
              ],
              [
                72.8748556,
                19.2606791
              ],
              [
                72.8750591,
                19.2607267
              ],
              [
                72.8752063,
                19.260679
              ],
              [
                72.8753414,
                19.2606146
              ],
              [
                72.8757415,
                19.2604458
              ],
              [
                72.8758872,
                19.2605394
              ],
              [
                72.8761072,
                19.2604404
              ],
              [
                72.8768141,
                19.2597215
              ],
              [
                72.8773009,
                19.2592412
              ],
              [
                72.8776541,
                19.2587862
              ],
              [
                72.8779285,
                19.2580991
              ],
              [
                72.8782317,
                19.2575988
              ],
              [
                72.8783254,
                19.2573731
              ],
              [
                72.8786543,
                19.2568068
              ],
              [
                72.8787731,
                19.2567287
              ],
              [
                72.8795151,
                19.2562616
              ],
              [
                72.8798203,
                19.2560878
              ],
              [
                72.8802656,
                19.2557367
              ],
              [
                72.8807755,
                19.255225
              ],
              [
                72.8811214,
                19.2548722
              ],
              [
                72.8813989,
                19.2545677
              ],
              [
                72.8818276,
                19.2542582
              ],
              [
                72.8834231,
                19.2537973
              ],
              [
                72.8838943,
                19.253679
              ],
              [
                72.8848471,
                19.2532787
              ],
              [
                72.8854856,
                19.252711
              ],
              [
                72.8862754,
                19.2520177
              ],
              [
                72.8872929,
                19.2510969
              ],
              [
                72.8908207,
                19.2511393
              ],
              [
                72.8926448,
                19.2516655
              ],
              [
                72.8948495,
                19.2506936
              ],
              [
                72.8987539,
                19.2512679
              ],
              [
                72.9015827,
                19.2499555
              ],
              [
                72.9055408,
                19.2491659
              ],
              [
                72.9055343,
                19.2396691
              ],
              [
                72.9106378,
                19.2353286
              ],
              [
                72.9150651,
                19.230718
              ],
              [
                72.9122595,
                19.2286626
              ],
              [
                72.9116796,
                19.2274449
              ],
              [
                72.9109748,
                19.2260409
              ],
              [
                72.91077,
                19.2246597
              ],
              [
                72.9104341,
                19.2224538
              ],
              [
                72.9103501,
                19.2218289
              ],
              [
                72.9102092,
                19.2207211
              ],
              [
                72.9101037,
                19.2199864
              ],
              [
                72.9099107,
                19.2184912
              ],
              [
                72.9082449,
                19.2168704
              ],
              [
                72.9074513,
                19.2104661
              ],
              [
                72.9101687,
                19.2075954
              ],
              [
                72.911116,
                19.207805
              ],
              [
                72.911627,
                19.2078815
              ],
              [
                72.9122371,
                19.207946
              ],
              [
                72.9127872,
                19.20802
              ],
              [
                72.9133,
                19.2080792
              ],
              [
                72.9134645,
                19.208264
              ],
              [
                72.9141144,
                19.2091477
              ],
              [
                72.9148605,
                19.2101727
              ],
              [
                72.9157366,
                19.2126075
              ],
              [
                72.9159616,
                19.2131772
              ],
              [
                72.9163305,
                19.2141739
              ],
              [
                72.9167179,
                19.2153834
              ],
              [
                72.9172118,
                19.2161664
              ],
              [
                72.9179077,
                19.2163635
              ],
              [
                72.9193659,
                19.21674
              ],
              [
                72.920089,
                19.2169335
              ],
              [
                72.922291,
                19.2163945
              ],
              [
                72.9250625,
                19.2160101
              ],
              [
                72.9324329,
                19.2078528
              ],
              [
                72.9326842,
                19.2066938
              ],
              [
                72.9353378,
                19.2049319
              ],
              [
                72.9365433,
                19.2039855
              ],
              [
                72.9411622,
                19.2018562
              ],
              [
                72.941367,
                19.1956996
              ],
              [
                72.941724,
                19.1922445
              ],
              [
                72.9416978,
                19.1910551
              ],
              [
                72.9411319,
                19.1900811
              ],
              [
                72.939847,
                19.188974
              ],
              [
                72.9407464,
                19.1886481
              ],
              [
                72.9413343,
                19.1881573
              ],
              [
                72.94194,
                19.1873861
              ],
              [
                72.9422479,
                19.1876548
              ],
              [
                72.9428767,
                19.1878532
              ],
              [
                72.9434392,
                19.1875968
              ],
              [
                72.9442546,
                19.1879767
              ],
              [
                72.944738,
                19.1879683
              ],
              [
                72.9448792,
                19.1880211
              ],
              [
                72.9450318,
                19.1879342
              ],
              [
                72.9457593,
                19.1879285
              ],
              [
                72.9463521,
                19.1877872
              ],
              [
                72.9464482,
                19.1878903
              ],
              [
                72.9465788,
                19.1878007
              ],
              [
                72.9467275,
                19.1880204
              ],
              [
                72.9469571,
                19.1879332
              ],
              [
                72.946874,
                19.1876567
              ],
              [
                72.9472903,
                19.1876354
              ],
              [
                72.9475413,
                19.1878151
              ],
              [
                72.9481166,
                19.1875608
              ],
              [
                72.948139,
                19.1875023
              ],
              [
                72.9486387,
                19.1875888
              ],
              [
                72.9497703,
                19.1887029
              ],
              [
                72.9523677,
                19.186394
              ],
              [
                72.953303,
                19.1847412
              ],
              [
                72.9534477,
                19.184851
              ],
              [
                72.9537316,
                19.1849157
              ],
              [
                72.9544135,
                19.1847782
              ],
              [
                72.9544561,
                19.1848044
              ],
              [
                72.9544595,
                19.1851701
              ],
              [
                72.9549813,
                19.1851776
              ],
              [
                72.955084,
                19.1848693
              ],
              [
                72.955177,
                19.1847606
              ],
              [
                72.9554233,
                19.1846512
              ],
              [
                72.955528,
                19.1843682
              ],
              [
                72.9558557,
                19.1842167
              ],
              [
                72.9558877,
                19.1837988
              ],
              [
                72.9556915,
                19.1835684
              ],
              [
                72.9557866,
                19.1833308
              ],
              [
                72.9564213,
                19.1830071
              ],
              [
                72.9565578,
                19.1827644
              ],
              [
                72.9566637,
                19.1827068
              ],
              [
                72.957343,
                19.1827011
              ],
              [
                72.9575038,
                19.1825905
              ],
              [
                72.9576982,
                19.1826659
              ],
              [
                72.9580208,
                19.1825524
              ],
              [
                72.9581648,
                19.1821675
              ],
              [
                72.9583474,
                19.1821528
              ],
              [
                72.958452,
                19.1819278
              ],
              [
                72.9586574,
                19.1816866
              ],
              [
                72.9585385,
                19.1810504
              ],
              [
                72.958622,
                19.1808092
              ],
              [
                72.95867,
                19.1807584
              ],
              [
                72.9588093,
                19.180858
              ],
              [
                72.9590187,
                19.1808146
              ],
              [
                72.9595604,
                19.1802074
              ],
              [
                72.9596001,
                19.1800619
              ],
              [
                72.9593925,
                19.1797084
              ],
              [
                72.959394,
                19.1794204
              ],
              [
                72.9597466,
                19.1793144
              ],
              [
                72.9597501,
                19.1790616
              ],
              [
                72.9597979,
                19.178933
              ],
              [
                72.9601734,
                19.1789001
              ],
              [
                72.9604985,
                19.1791148
              ],
              [
                72.9607781,
                19.1789015
              ],
              [
                72.9608763,
                19.1790084
              ],
              [
                72.9610622,
                19.1788707
              ],
              [
                72.9615821,
                19.1794789
              ],
              [
                72.9616685,
                19.1794425
              ],
              [
                72.9617324,
                19.1793911
              ],
              [
                72.9618567,
                19.1790107
              ],
              [
                72.9621528,
                19.1786949
              ],
              [
                72.9625495,
                19.1784252
              ],
              [
                72.9626225,
                19.178107
              ],
              [
                72.9625576,
                19.1776151
              ],
              [
                72.9633791,
                19.1768267
              ],
              [
                72.963784,
                19.1766703
              ],
              [
                72.9639722,
                19.1768977
              ],
              [
                72.964487,
                19.1768812
              ],
              [
                72.9657448,
                19.1771438
              ],
              [
                72.9662046,
                19.1774267
              ],
              [
                72.9662862,
                19.1775204
              ],
              [
                72.9667659,
                19.1776556
              ],
              [
                72.9669691,
                19.1779506
              ],
              [
                72.9677638,
                19.1777923
              ],
              [
                72.9680256,
                19.1779136
              ],
              [
                72.9679595,
                19.1775312
              ],
              [
                72.9681556,
                19.1768995
              ],
              [
                72.9684274,
                19.1763224
              ],
              [
                72.9685081,
                19.1760117
              ],
              [
                72.9686761,
                19.1759134
              ],
              [
                72.9690217,
                19.1727562
              ],
              [
                72.9720345,
                19.172718
              ],
              [
                72.9742464,
                19.1742018
              ],
              [
                72.9771448,
                19.1721654
              ],
              [
                72.9803131,
                19.1703446
              ],
              [
                72.9817485,
                19.1703648
              ],
              [
                72.9796906,
                19.168768
              ],
              [
                72.9791331,
                19.1667292
              ],
              [
                72.9790857,
                19.1666005
              ],
              [
                72.978969,
                19.166221
              ],
              [
                72.9787714,
                19.165497
              ],
              [
                72.9783708,
                19.164443
              ],
              [
                72.9774261,
                19.1618647
              ],
              [
                72.9769099,
                19.1601154
              ],
              [
                72.9768271,
                19.1598554
              ],
              [
                72.9763666,
                19.1579506
              ],
              [
                72.9761727,
                19.1571816
              ],
              [
                72.9763017,
                19.1562668
              ],
              [
                72.9762567,
                19.1557834
              ],
              [
                72.9762223,
                19.1556317
              ],
              [
                72.976094,
                19.1549241
              ],
              [
                72.9758394,
                19.1536179
              ],
              [
                72.975817,
                19.153528
              ],
              [
                72.9757349,
                19.1530233
              ],
              [
                72.9756595,
                19.1526554
              ],
              [
                72.9755447,
                19.1524723
              ],
              [
                72.9753362,
                19.1523183
              ],
              [
                72.9750183,
                19.1518945
              ],
              [
                72.973732,
                19.1501713
              ],
              [
                72.9735543,
                19.1499883
              ],
              [
                72.9730351,
                19.1492978
              ],
              [
                72.9729335,
                19.1491336
              ],
              [
                72.9722574,
                19.1479886
              ],
              [
                72.9718735,
                19.1473491
              ],
              [
                72.9717764,
                19.147137
              ],
              [
                72.9708794,
                19.1455921
              ],
              [
                72.9705285,
                19.1449761
              ],
              [
                72.9702949,
                19.1445265
              ],
              [
                72.9699305,
                19.1438929
              ],
              [
                72.9692865,
                19.1428151
              ],
              [
                72.969027,
                19.1423927
              ],
              [
                72.968074,
                19.140654
              ],
              [
                72.9670342,
                19.1397327
              ],
              [
                72.9656789,
                19.1390777
              ],
              [
                72.9650374,
                19.138404
              ],
              [
                72.9645245,
                19.1378731
              ],
              [
                72.9641358,
                19.1374567
              ],
              [
                72.9624581,
                19.1356997
              ],
              [
                72.9622282,
                19.135455
              ],
              [
                72.9614352,
                19.1346531
              ],
              [
                72.9613111,
                19.1345277
              ],
              [
                72.9663527,
                19.1311402
              ],
              [
                72.9681981,
                19.1285149
              ],
              [
                72.9697148,
                19.1262942
              ],
              [
                72.9738299,
                19.124279
              ],
              [
                72.9800504,
                19.122214
              ],
              [
                72.9796563,
                19.1208701
              ],
              [
                72.9795384,
                19.1205576
              ],
              [
                72.9787659,
                19.1192397
              ],
              [
                72.9784441,
                19.1171718
              ],
              [
                72.9783797,
                19.1137859
              ],
              [
                72.978487,
                19.1091227
              ],
              [
                72.9785369,
                19.1056264
              ],
              [
                72.9791629,
                19.1021732
              ],
              [
                72.979871,
                19.1005105
              ],
              [
                72.980091,
                19.1003078
              ],
              [
                72.9804182,
                19.1001911
              ],
              [
                72.9805845,
                19.1001152
              ],
              [
                72.9807327,
                19.1000403
              ],
              [
                72.9816466,
                19.0991773
              ],
              [
                72.9828862,
                19.0979654
              ],
              [
                72.9834223,
                19.097023
              ],
              [
                72.9845917,
                19.0936418
              ],
              [
                72.9847312,
                19.0897891
              ],
              [
                72.985214,
                19.0857233
              ],
              [
                72.9856324,
                19.0842836
              ],
              [
                72.9862761,
                19.0831074
              ],
              [
                72.9865765,
                19.0826715
              ],
              [
                72.9866946,
                19.0824484
              ],
              [
                72.9866971,
                19.0820859
              ],
              [
                72.9866678,
                19.0818857
              ],
              [
                72.9867175,
                19.0805036
              ],
              [
                72.9868665,
                19.0793755
              ],
              [
                72.9845088,
                19.0782434
              ],
              [
                72.9839194,
                19.0758198
              ],
              [
                72.9838432,
                19.0754737
              ],
              [
                72.9839835,
                19.0750259
              ],
              [
                72.9831487,
                19.0730186
              ],
              [
                72.9822957,
                19.0725623
              ],
              [
                72.9825854,
                19.0721871
              ],
              [
                72.9823308,
                19.0714531
              ],
              [
                72.9826283,
                19.0707675
              ],
              [
                72.9825908,
                19.0703113
              ],
              [
                72.9821777,
                19.0697434
              ],
              [
                72.9818988,
                19.0693682
              ],
              [
                72.9814589,
                19.068841
              ],
              [
                72.9807025,
                19.0679435
              ],
              [
                72.9796404,
                19.0675886
              ],
              [
                72.979061,
                19.0668991
              ],
              [
                72.9793453,
                19.0653831
              ],
              [
                72.9793311,
                19.0646059
              ],
              [
                72.9787016,
                19.0641257
              ],
              [
                72.9778898,
                19.0639416
              ],
              [
                72.9781088,
                19.0630595
              ],
              [
                72.9783949,
                19.0623938
              ],
              [
                72.9784778,
                19.0620916
              ],
              [
                72.9805137,
                19.0625936
              ],
              [
                72.9811684,
                19.062743
              ],
              [
                72.9818479,
                19.0628556
              ],
              [
                72.9824815,
                19.0629191
              ],
              [
                72.9831116,
                19.0629358
              ],
              [
                72.9836788,
                19.0628808
              ],
              [
                72.9852194,
                19.0625286
              ],
              [
                72.9864585,
                19.0620418
              ],
              [
                72.9881269,
                19.0608858
              ],
              [
                72.9909486,
                19.0598515
              ],
              [
                72.9915869,
                19.0594661
              ],
              [
                72.9918008,
                19.0590386
              ],
              [
                72.9918659,
                19.0589084
              ],
              [
                72.9919816,
                19.0587923
              ],
              [
                72.9924774,
                19.0582949
              ],
              [
                72.9934913,
                19.0557952
              ],
              [
                72.9947519,
                19.0533664
              ],
              [
                72.9967797,
                19.0500908
              ],
              [
                72.9981744,
                19.047596
              ],
              [
                72.9982173,
                19.0471295
              ],
              [
                72.998507,
                19.0448578
              ],
              [
                72.9990435,
                19.0427281
              ],
              [
                73.0001807,
                19.0394421
              ],
              [
                73.002187,
                19.0320891
              ],
              [
                73.0032129,
                19.0289652
              ],
              [
                73.0035576,
                19.0288853
              ],
              [
                73.0037884,
                19.0287055
              ],
              [
                73.0038471,
                19.0285931
              ],
              [
                73.0038205,
                19.0284771
              ],
              [
                73.0034101,
                19.0280625
              ],
              [
                73.0033162,
                19.0276898
              ],
              [
                73.003457,
                19.0273107
              ],
              [
                73.0033457,
                19.0264194
              ],
              [
                73.0028951,
                19.0247459
              ],
              [
                73.0028039,
                19.0226159
              ],
              [
                73.0030775,
                19.0219743
              ],
              [
                73.0029916,
                19.0217263
              ],
              [
                73.0027872,
                19.0215573
              ],
              [
                73.0026509,
                19.0212473
              ],
              [
                73.002404,
                19.0207603
              ],
              [
                73.0023103,
                19.0203738
              ],
              [
                73.0023231,
                19.0200236
              ],
              [
                73.0024593,
                19.0196533
              ],
              [
                73.0025062,
                19.0192709
              ],
              [
                73.002536,
                19.0190898
              ],
              [
                73.0024168,
                19.0190133
              ],
              [
                73.0018334,
                19.0188885
              ],
              [
                73.001199,
                19.0184055
              ],
              [
                73.0007349,
                19.0176729
              ],
              [
                73.0004582,
                19.0169483
              ],
              [
                73.0004284,
                19.0159742
              ],
              [
                73.0004667,
                19.0155676
              ],
              [
                73.0006455,
                19.0149879
              ],
              [
                73.0007051,
                19.0142714
              ],
              [
                73.0009095,
                19.0136112
              ],
              [
                73.0011096,
                19.0131081
              ],
              [
                73.0012033,
                19.0127498
              ],
              [
                73.0012246,
                19.0123191
              ],
              [
                73.0012429,
                19.0117524
              ],
              [
                73.001436,
                19.01017
              ],
              [
                73.0012375,
                19.0088868
              ],
              [
                73.001259,
                19.0072689
              ],
              [
                73.0014574,
                19.0062291
              ],
              [
                73.0021763,
                19.0048952
              ],
              [
                73.0023265,
                19.0038808
              ],
              [
                73.002364,
                19.002912
              ],
              [
                73.0027664,
                19.0021867
              ],
              [
                73.0026108,
                19.0009491
              ],
              [
                73.002651,
                19.0008274
              ],
              [
                73.0027878,
                19.000797
              ],
              [
                73.0038983,
                19.0013955
              ],
              [
                73.0049711,
                19.0014208
              ],
              [
                73.00569,
                19.0016592
              ],
              [
                73.0057633,
                19.0015812
              ],
              [
                73.0058941,
                19.0014419
              ],
              [
                73.0061567,
                19.0011622
              ],
              [
                73.0062962,
                19.000868
              ],
              [
                73.0069721,
                19.0004216
              ],
              [
                73.0086565,
                18.9995543
              ],
              [
                73.0085492,
                18.9992703
              ],
              [
                73.0095202,
                18.9988391
              ],
              [
                73.0118476,
                18.9985428
              ],
              [
                73.0125202,
                18.9985616
              ],
              [
                73.0140419,
                18.9984479
              ],
              [
                73.0158608,
                18.9984606
              ],
              [
                73.0161935,
                18.9984536
              ],
              [
                73.0166924,
                18.9987123
              ],
              [
                73.0169008,
                18.9987197
              ],
              [
                73.0172673,
                18.9988668
              ],
              [
                73.0181389,
                18.9991855
              ],
              [
                73.0189347,
                18.9997217
              ],
              [
                73.0197423,
                19.0015686
              ],
              [
                73.0198852,
                19.0020513
              ],
              [
                73.0203285,
                19.0019384
              ],
              [
                73.0200513,
                19.0012192
              ],
              [
                73.0200642,
                19.0011391
              ],
              [
                73.0201145,
                19.0010708
              ],
              [
                73.0201597,
                19.000993
              ],
              [
                73.0201823,
                19.0009444
              ],
              [
                73.0202171,
                19.0009228
              ],
              [
                73.0202554,
                19.0009415
              ],
              [
                73.0203009,
                19.0009755
              ],
              [
                73.0203306,
                19.0010174
              ],
              [
                73.0203118,
                19.0010408
              ],
              [
                73.020276,
                19.0010733
              ],
              [
                73.0202631,
                19.0011039
              ],
              [
                73.0202694,
                19.0011744
              ],
              [
                73.0203256,
                19.0013534
              ],
              [
                73.020425,
                19.0014828
              ],
              [
                73.0205398,
                19.0015916
              ],
              [
                73.0206687,
                19.0016428
              ],
              [
                73.0208273,
                19.0016641
              ],
              [
                73.0209872,
                19.0016575
              ],
              [
                73.0211531,
                19.0016147
              ],
              [
                73.0212644,
                19.0016008
              ],
              [
                73.0213689,
                19.0016262
              ],
              [
                73.0221497,
                19.0019534
              ],
              [
                73.0226503,
                19.0021678
              ],
              [
                73.0231433,
                19.0024675
              ],
              [
                73.023697,
                19.0025515
              ],
              [
                73.0241434,
                19.0026191
              ],
              [
                73.0242605,
                19.0026369
              ],
              [
                73.024483,
                19.0026543
              ],
              [
                73.024681,
                19.0025329
              ],
              [
                73.0257324,
                19.002785
              ],
              [
                73.0259984,
                19.0028462
              ],
              [
                73.0261945,
                19.0029691
              ],
              [
                73.0264667,
                19.0028579
              ],
              [
                73.0263767,
                19.0025672
              ],
              [
                73.027,
                19.0023363
              ],
              [
                73.0274874,
                19.0020625
              ],
              [
                73.0277659,
                19.0019081
              ],
              [
                73.0279548,
                19.0018494
              ],
              [
                73.0281498,
                19.0018606
              ],
              [
                73.0283535,
                19.001953
              ],
              [
                73.0286147,
                19.0021442
              ],
              [
                73.0287037,
                19.0022354
              ],
              [
                73.0288115,
                19.0023866
              ],
              [
                73.02893,
                19.0025126
              ],
              [
                73.0292846,
                19.0029124
              ],
              [
                73.0294248,
                19.0030705
              ],
              [
                73.02974,
                19.0034649
              ],
              [
                73.0299069,
                19.003624
              ],
              [
                73.0301249,
                19.0037565
              ],
              [
                73.0303873,
                19.0038385
              ],
              [
                73.0306723,
                19.0039122
              ],
              [
                73.0307679,
                19.0039093
              ],
              [
                73.0308435,
                19.0038467
              ],
              [
                73.0309028,
                19.0037571
              ],
              [
                73.0309417,
                19.0037211
              ],
              [
                73.0310012,
                19.0036885
              ],
              [
                73.0311142,
                19.0036891
              ],
              [
                73.0318905,
                19.0025352
              ],
              [
                73.0329687,
                19.0031393
              ],
              [
                73.0342038,
                19.0037305
              ],
              [
                73.0413187,
                19.0066874
              ],
              [
                73.0422556,
                19.0071263
              ],
              [
                73.0431304,
                19.0076517
              ],
              [
                73.0439871,
                19.0084765
              ],
              [
                73.0450783,
                19.0110316
              ],
              [
                73.0463554,
                19.0139745
              ],
              [
                73.0478952,
                19.0181669
              ],
              [
                73.0471623,
                19.020567
              ],
              [
                73.0478736,
                19.021999
              ],
              [
                73.0480161,
                19.025374
              ],
              [
                73.0490977,
                19.0270083
              ],
              [
                73.0488821,
                19.0293489
              ],
              [
                73.0488423,
                19.0311767
              ],
              [
                73.0489617,
                19.0334193
              ],
              [
                73.0497037,
                19.0358939
              ],
              [
                73.0493971,
                19.0380598
              ],
              [
                73.0492821,
                19.040309
              ],
              [
                73.0492861,
                19.0412422
              ],
              [
                73.0492959,
                19.0435319
              ],
              [
                73.0479669,
                19.0475352
              ],
              [
                73.0447285,
                19.0524592
              ],
              [
                73.0437838,
                19.0538955
              ],
              [
                73.0454212,
                19.0554642
              ],
              [
                73.0461001,
                19.0561146
              ],
              [
                73.0461562,
                19.0568521
              ],
              [
                73.0463123,
                19.0589054
              ],
              [
                73.0455892,
                19.0606305
              ],
              [
                73.0451534,
                19.0616702
              ],
              [
                73.0450548,
                19.0619055
              ],
              [
                73.04485,
                19.0623447
              ],
              [
                73.0448127,
                19.062483
              ],
              [
                73.044668,
                19.0632992
              ],
              [
                73.044498,
                19.0639961
              ],
              [
                73.0436749,
                19.0679544
              ],
              [
                73.0447006,
                19.0764572
              ],
              [
                73.0445337,
                19.0786259
              ],
              [
                73.0461645,
                19.0867778
              ],
              [
                73.0486965,
                19.0876701
              ],
              [
                73.0471086,
                19.0923745
              ],
              [
                73.0476138,
                19.0975544
              ],
              [
                73.0475303,
                19.1014982
              ],
              [
                73.0542969,
                19.101134
              ],
              [
                73.0588949,
                19.1022041
              ],
              [
                73.0618071,
                19.1044593
              ],
              [
                73.0635237,
                19.1069329
              ],
              [
                73.065034,
                19.1079531
              ],
              [
                73.0677839,
                19.1104371
              ],
              [
                73.0702615,
                19.1103595
              ],
              [
                73.070476,
                19.1109475
              ],
              [
                73.0729866,
                19.1102581
              ],
              [
                73.073797,
                19.1094522
              ],
              [
                73.0771923,
                19.1094471
              ],
              [
                73.0804968,
                19.113198
              ],
              [
                73.0812263,
                19.1133196
              ],
              [
                73.0843806,
                19.1106231
              ],
              [
                73.0861062,
                19.1120106
              ],
              [
                73.0862045,
                19.1138468
              ],
              [
                73.086977,
                19.1146172
              ],
              [
                73.089494,
                19.1132954
              ],
              [
                73.092277,
                19.1130763
              ],
              [
                73.0930447,
                19.113707
              ],
              [
                73.0956888,
                19.1131574
              ],
              [
                73.0966043,
                19.1134443
              ],
              [
                73.098886,
                19.1123667
              ],
              [
                73.0998879,
                19.1090267
              ],
              [
                73.1005597,
                19.1086564
              ],
              [
                73.1012463,
                19.1070343
              ],
              [
                73.1011371,
                19.1049234
              ],
              [
                73.1020617,
                19.1044796
              ],
              [
                73.1062812,
                19.1068563
              ],
              [
                73.1083488,
                19.1070546
              ],
              [
                73.1085505,
                19.1082225
              ],
              [
                73.1128976,
                19.1088755
              ],
              [
                73.1166837,
                19.1082635
              ],
              [
                73.117404,
                19.1054528
              ],
              [
                73.1195068,
                19.1043377
              ],
              [
                73.1219959,
                19.1070749
              ],
              [
                73.1251507,
                19.1073111
              ],
              [
                73.1298744,
                19.1055137
              ],
              [
                73.1323171,
                19.1055846
              ],
              [
                73.1406293,
                19.1242366
              ],
              [
                73.144073,
                19.1260162
              ],
              [
                73.1476878,
                19.1236096
              ],
              [
                73.1489533,
                19.1183964
              ],
              [
                73.1541297,
                19.1130101
              ],
              [
                73.1767595,
                19.1090171
              ],
              [
                73.1783914,
                19.110678
              ],
              [
                73.1815304,
                19.1173948
              ],
              [
                73.1879383,
                19.1222213
              ],
              [
                73.1913136,
                19.124169
              ],
              [
                73.1946355,
                19.1250295
              ],
              [
                73.1980133,
                19.1247434
              ],
              [
                73.2024742,
                19.1216504
              ],
              [
                73.2054238,
                19.1118446
              ],
              [
                73.2104198,
                19.1051959
              ],
              [
                73.2128863,
                19.0997479
              ],
              [
                73.2152351,
                19.0967143
              ],
              [
                73.2277731,
                19.088177
              ],
              [
                73.2316847,
                19.0815196
              ],
              [
                73.2349862,
                19.0734901
              ],
              [
                73.2387788,
                19.0690791
              ],
              [
                73.2465509,
                19.0638639
              ],
              [
                73.2499935,
                19.064894
              ],
              [
                73.2510838,
                19.0659892
              ],
              [
                73.2579593,
                19.0648411
              ],
              [
                73.264478,
                19.0662954
              ],
              [
                73.2722151,
                19.0785525
              ],
              [
                73.2794128,
                19.0845228
              ],
              [
                73.2815743,
                19.0835455
              ],
              [
                73.2876701,
                19.0856165
              ],
              [
                73.2912924,
                19.0854429
              ],
              [
                73.2949735,
                19.0829831
              ],
              [
                73.2979831,
                19.0829746
              ],
              [
                73.2999131,
                19.0821773
              ],
              [
                73.2982726,
                19.0769031
              ],
              [
                73.3003231,
                19.0749532
              ],
              [
                73.3029206,
                19.0750615
              ],
              [
                73.3049796,
                19.0814919
              ],
              [
                73.3083012,
                19.0820097
              ],
              [
                73.3121578,
                19.081205
              ],
              [
                73.3168066,
                19.08201
              ],
              [
                73.3184611,
                19.0936519
              ],
              [
                73.3107031,
                19.1052368
              ],
              [
                73.3109427,
                19.1073594
              ],
              [
                73.3171081,
                19.1100022
              ],
              [
                73.3235131,
                19.1170561
              ],
              [
                73.3274389,
                19.119632
              ],
              [
                73.3326982,
                19.1210706
              ],
              [
                73.3501471,
                19.1286959
              ],
              [
                73.3591506,
                19.1297271
              ],
              [
                73.3725362,
                19.12898
              ],
              [
                73.375795,
                19.127377
              ],
              [
                73.3849217,
                19.1317349
              ],
              [
                73.3900523,
                19.1322841
              ],
              [
                73.3932996,
                19.1320744
              ],
              [
                73.4022999,
                19.1346493
              ],
              [
                73.4130362,
                19.1301108
              ],
              [
                73.4321551,
                19.1274669
              ],
              [
                73.4410358,
                19.1291839
              ],
              [
                73.4456902,
                19.1326828
              ],
              [
                73.4548012,
                19.1318746
              ],
              [
                73.4593789,
                19.1303741
              ],
              [
                73.4726104,
                19.1348985
              ],
              [
                73.4829175,
                19.1301844
              ],
              [
                73.4865747,
                19.1247363
              ],
              [
                73.4949824,
                19.1282836
              ],
              [
                73.5068103,
                19.1290162
              ],
              [
                73.51466,
                19.1306721
              ],
              [
                73.5258078,
                19.1296603
              ],
              [
                73.5274172,
                19.1285655
              ],
              [
                73.5284042,
                19.128525
              ],
              [
                73.5303998,
                19.128079
              ],
              [
                73.5316872,
                19.1279371
              ],
              [
                73.5335755,
                19.1275114
              ],
              [
                73.5368371,
                19.1254232
              ],
              [
                73.5377812,
                19.1242271
              ],
              [
                73.539176,
                19.122443
              ],
              [
                73.5408282,
                19.1205981
              ],
              [
                73.5417938,
                19.1189154
              ],
              [
                73.5416436,
                19.1203548
              ],
              [
                73.5416007,
                19.1221795
              ],
              [
                73.5416221,
                19.1233148
              ],
              [
                73.5416436,
                19.1247136
              ],
              [
                73.5416865,
                19.1260517
              ],
              [
                73.5418582,
                19.1276938
              ],
              [
                73.54218,
                19.1294576
              ],
              [
                73.5428238,
                19.1335729
              ],
              [
                73.5431242,
                19.1357015
              ],
              [
                73.5439825,
                19.1386611
              ],
              [
                73.5450554,
                19.1404248
              ],
              [
                73.5450125,
                19.1416208
              ],
              [
                73.5438323,
                19.14306
              ],
              [
                73.5423732,
                19.1442763
              ],
              [
                73.5410857,
                19.1452493
              ],
              [
                73.5393047,
                19.1456344
              ],
              [
                73.5381031,
                19.1468101
              ],
              [
                73.5369409,
                19.1479837
              ],
              [
                73.5368585,
                19.1480669
              ],
              [
                73.5352063,
                19.1477426
              ],
              [
                73.5345411,
                19.1464453
              ],
              [
                73.5337686,
                19.1461615
              ],
              [
                73.5331678,
                19.1467291
              ],
              [
                73.5328245,
                19.1479048
              ],
              [
                73.5309362,
                19.1528507
              ],
              [
                73.5303783,
                19.1547561
              ],
              [
                73.5303632,
                19.1551211
              ],
              [
                73.5303613,
                19.1551674
              ],
              [
                73.5303139,
                19.1563168
              ],
              [
                73.5306573,
                19.1575735
              ],
              [
                73.5339403,
                19.1593572
              ],
              [
                73.534863,
                19.1599247
              ],
              [
                73.536129,
                19.160472
              ],
              [
                73.5375237,
                19.1606342
              ],
              [
                73.5391545,
                19.1603301
              ],
              [
                73.5403991,
                19.1605328
              ],
              [
                73.5407209,
                19.1617895
              ],
              [
                73.5390687,
                19.1647284
              ],
              [
                73.5384893,
                19.1656811
              ],
              [
                73.5377383,
                19.167039
              ],
              [
                73.5370517,
                19.1686402
              ],
              [
                73.5362792,
                19.1710723
              ],
              [
                73.5354209,
                19.1742138
              ],
              [
                73.5350132,
                19.1762203
              ],
              [
                73.5349917,
                19.1775376
              ],
              [
                73.5354423,
                19.1781051
              ],
              [
                73.5365152,
                19.1775376
              ],
              [
                73.5373091,
                19.1769701
              ],
              [
                73.5383177,
                19.1767877
              ],
              [
                73.5393905,
                19.1766459
              ],
              [
                73.540678,
                19.1766864
              ],
              [
                73.5420942,
                19.1764837
              ],
              [
                73.5432529,
                19.1766864
              ],
              [
                73.5440039,
                19.1777808
              ],
              [
                73.5446477,
                19.179463
              ],
              [
                73.5439825,
                19.1814693
              ],
              [
                73.5431027,
                19.1826245
              ],
              [
                73.5435748,
                19.1842053
              ],
              [
                73.5443043,
                19.1852794
              ],
              [
                73.5466003,
                19.1853807
              ],
              [
                73.5491538,
                19.1840837
              ],
              [
                73.5512566,
                19.1827056
              ],
              [
                73.5538316,
                19.1818747
              ],
              [
                73.5558915,
                19.183496
              ],
              [
                73.5568356,
                19.1840837
              ],
              [
                73.5578012,
                19.1847525
              ],
              [
                73.5592603,
                19.1855023
              ],
              [
                73.5606551,
                19.1850564
              ],
              [
                73.5621786,
                19.1846106
              ],
              [
                73.5630798,
                19.1842053
              ],
              [
                73.5640025,
                19.1838608
              ],
              [
                73.5645604,
                19.184185
              ],
              [
                73.5647106,
                19.1852186
              ],
              [
                73.5644102,
                19.1867182
              ],
              [
                73.5644531,
                19.1882179
              ],
              [
                73.5655904,
                19.1888461
              ],
              [
                73.5675216,
                19.1890488
              ],
              [
                73.5704183,
                19.1901634
              ],
              [
                73.5725856,
                19.1906903
              ],
              [
                73.5741734,
                19.1912982
              ],
              [
                73.5759759,
                19.1918657
              ],
              [
                73.5772848,
                19.1917035
              ],
              [
                73.5785293,
                19.1910956
              ],
              [
                73.579731,
                19.1906903
              ],
              [
                73.5823703,
                19.1892514
              ],
              [
                73.5833788,
                19.1891501
              ],
              [
                73.5848593,
                19.1894338
              ],
              [
                73.586061,
                19.1901837
              ],
              [
                73.5872841,
                19.1910348
              ],
              [
                73.5886359,
                19.1914198
              ],
              [
                73.5901594,
                19.1911564
              ],
              [
                73.5922622,
                19.1906903
              ],
              [
                73.5945368,
                19.1922912
              ],
              [
                73.5954165,
                19.1931424
              ],
              [
                73.5962319,
                19.1937503
              ],
              [
                73.597455,
                19.1939732
              ],
              [
                73.5986352,
                19.1934463
              ],
              [
                73.5998583,
                19.1920683
              ],
              [
                73.6006093,
                19.1929195
              ],
              [
                73.6013388,
                19.193264
              ],
              [
                73.6026478,
                19.1936895
              ],
              [
                73.6039138,
                19.1934058
              ],
              [
                73.6055231,
                19.1919467
              ],
              [
                73.6060595,
                19.1951283
              ],
              [
                73.6085701,
                19.1939935
              ],
              [
                73.6087417,
                19.1948649
              ],
              [
                73.6094928,
                19.1969521
              ],
              [
                73.6102009,
                19.2016332
              ],
              [
                73.610909,
                19.2044498
              ],
              [
                73.6112094,
                19.2073272
              ],
              [
                73.6122179,
                19.2115014
              ],
              [
                73.6143851,
                19.2121903
              ],
              [
                73.616445,
                19.2124335
              ],
              [
                73.6187839,
                19.2124943
              ],
              [
                73.6200928,
                19.2127982
              ],
              [
                73.621552,
                19.2134061
              ],
              [
                73.6226463,
                19.2154323
              ],
              [
                73.6236977,
                19.2156147
              ],
              [
                73.6244702,
                19.2138721
              ],
              [
                73.6261225,
                19.211238
              ],
              [
                73.6264443,
                19.2095562
              ],
              [
                73.6264872,
                19.207773
              ],
              [
                73.6269808,
                19.2065572
              ],
              [
                73.6276674,
                19.2057872
              ],
              [
                73.628912,
                19.2053617
              ],
              [
                73.630135,
                19.2049969
              ],
              [
                73.6310792,
                19.2050172
              ],
              [
                73.6323452,
                19.2063951
              ],
              [
                73.6341047,
                19.2086849
              ],
              [
                73.6350274,
                19.2103464
              ],
              [
                73.6356926,
                19.2120688
              ],
              [
                73.6362076,
                19.2134263
              ],
              [
                73.6376023,
                19.2153107
              ],
              [
                73.6400914,
                19.2168101
              ],
              [
                73.645091,
                19.2197279
              ],
              [
                73.646357,
                19.2212272
              ],
              [
                73.6500048,
                19.2281565
              ],
              [
                73.6558842,
                19.2349234
              ],
              [
                73.6575794,
                19.2371317
              ],
              [
                73.6591244,
                19.2389753
              ],
              [
                73.661077,
                19.2403124
              ],
              [
                73.6634159,
                19.2403124
              ],
              [
                73.6643616,
                19.2402227
              ],
              [
                73.6681151,
                19.2398667
              ],
              [
                73.6719775,
                19.2400288
              ],
              [
                73.6754322,
                19.2398667
              ],
              [
                73.6801314,
                19.2414672
              ],
              [
                73.6822772,
                19.2417306
              ],
              [
                73.6837792,
                19.2422978
              ],
              [
                73.6849594,
                19.2429461
              ],
              [
                73.6855817,
                19.2438172
              ],
              [
                73.6864185,
                19.2448707
              ],
              [
                73.6876201,
                19.2457418
              ],
              [
                73.6879849,
                19.246937
              ],
              [
                73.6887145,
                19.2486387
              ],
              [
                73.690507,
                19.250284
              ],
              [
                73.6918044,
                19.2514748
              ],
              [
                73.6939716,
                19.2530549
              ],
              [
                73.694551,
                19.2550807
              ],
              [
                73.6943149,
                19.2569241
              ],
              [
                73.6939931,
                19.2583623
              ],
              [
                73.6925554,
                19.2599221
              ],
              [
                73.6920404,
                19.2616642
              ],
              [
                73.6911607,
                19.2651078
              ],
              [
                73.6903024,
                19.2683284
              ],
              [
                73.6877489,
                19.2715896
              ],
              [
                73.6863971,
                19.2730074
              ],
              [
                73.6846804,
                19.2738987
              ],
              [
                73.6832213,
                19.2741215
              ],
              [
                73.6815262,
                19.2744253
              ],
              [
                73.680861,
                19.2753975
              ],
              [
                73.6801314,
                19.2782737
              ],
              [
                73.6791658,
                19.2792864
              ],
              [
                73.6774707,
                19.2810485
              ],
              [
                73.6756038,
                19.2841069
              ],
              [
                73.6743808,
                19.2870639
              ],
              [
                73.6731577,
                19.2884209
              ],
              [
                73.6715483,
                19.2897981
              ],
              [
                73.6700463,
                19.2906689
              ],
              [
                73.6688232,
                19.2916816
              ],
              [
                73.6682224,
                19.292836
              ],
              [
                73.6682653,
                19.294517
              ],
              [
                73.6695742,
                19.2977776
              ],
              [
                73.672471,
                19.3018279
              ],
              [
                73.6730718,
                19.302638
              ],
              [
                73.6753034,
                19.3032253
              ],
              [
                73.6780715,
                19.3032455
              ],
              [
                73.6803889,
                19.3035493
              ],
              [
                73.6819124,
                19.3042986
              ],
              [
                73.6823416,
                19.3080653
              ],
              [
                73.6828995,
                19.3096448
              ],
              [
                73.6848092,
                19.3115281
              ],
              [
                73.6891651,
                19.3126621
              ],
              [
                73.6931777,
                19.3133507
              ],
              [
                73.6953234,
                19.3148087
              ],
              [
                73.6988854,
                19.3172184
              ],
              [
                73.7017607,
                19.3197091
              ],
              [
                73.7038421,
                19.3228072
              ],
              [
                73.7054729,
                19.3242246
              ],
              [
                73.7073827,
                19.325399
              ],
              [
                73.7119531,
                19.3264722
              ],
              [
                73.7190342,
                19.3275656
              ],
              [
                73.7234545,
                19.328578
              ],
              [
                73.7277245,
                19.3301574
              ],
              [
                73.7322521,
                19.331676
              ],
              [
                73.7385177,
                19.3343082
              ],
              [
                73.7424016,
                19.3353003
              ],
              [
                73.7450623,
                19.3350371
              ],
              [
                73.7469506,
                19.3353408
              ],
              [
                73.7480879,
                19.3348144
              ],
              [
                73.7477875,
                19.3331946
              ],
              [
                73.7466502,
                19.3305016
              ],
              [
                73.74547,
                19.3282946
              ],
              [
                73.7441396,
                19.3261077
              ],
              [
                73.7430453,
                19.3245081
              ],
              [
                73.7431741,
                19.3237184
              ],
              [
                73.7440753,
                19.3232324
              ],
              [
                73.7454057,
                19.3231312
              ],
              [
                73.7471652,
                19.3233337
              ],
              [
                73.7504482,
                19.3241639
              ],
              [
                73.7540102,
                19.3267759
              ],
              [
                73.7562203,
                19.3281933
              ],
              [
                73.7580871,
                19.3287603
              ],
              [
                73.7605333,
                19.3291045
              ],
              [
                73.7646746,
                19.329388
              ],
              [
                73.7689447,
                19.3306636
              ],
              [
                73.7708115,
                19.3313318
              ],
              [
                73.7722277,
                19.3315747
              ],
              [
                73.7729573,
                19.3323037
              ],
              [
                73.7731719,
                19.3331541
              ],
              [
                73.7732148,
                19.3351788
              ],
              [
                73.7728715,
                19.3372036
              ],
              [
                73.7727856,
                19.3389448
              ],
              [
                73.7732148,
                19.3399976
              ],
              [
                73.774395,
                19.3402001
              ],
              [
                73.7764334,
                19.3383171
              ],
              [
                73.7795019,
                19.3356445
              ],
              [
                73.7810254,
                19.3344297
              ],
              [
                73.7820124,
                19.33364
              ],
              [
                73.7829137,
                19.3331541
              ],
              [
                73.7835145,
                19.3333363
              ],
              [
                73.7841368,
                19.3340045
              ],
              [
                73.7852311,
                19.3352193
              ],
              [
                73.786025,
                19.3361709
              ],
              [
                73.7876987,
                19.3367379
              ],
              [
                73.7892222,
                19.3367379
              ],
              [
                73.7907243,
                19.3367581
              ],
              [
                73.7911105,
                19.3358672
              ],
              [
                73.7911749,
                19.3344297
              ],
              [
                73.7914538,
                19.3329718
              ],
              [
                73.7922907,
                19.3319797
              ],
              [
                73.7934708,
                19.3312305
              ],
              [
                73.7944793,
                19.331109
              ],
              [
                73.7954449,
                19.3317367
              ],
              [
                73.7957883,
                19.3334173
              ],
              [
                73.7964105,
                19.3361709
              ],
              [
                73.7970543,
                19.33937
              ],
              [
                73.7969255,
                19.3406253
              ],
              [
                73.7961316,
                19.3422045
              ],
              [
                73.7950802,
                19.3432371
              ],
              [
                73.7940717,
                19.3447556
              ],
              [
                73.7931275,
                19.3463145
              ],
              [
                73.7923121,
                19.3477722
              ],
              [
                73.7919044,
                19.3507078
              ],
              [
                73.7929773,
                19.3544937
              ],
              [
                73.7931919,
                19.3562348
              ],
              [
                73.793664,
                19.358401
              ],
              [
                73.7929559,
                19.3600812
              ],
              [
                73.7915611,
                19.3611137
              ],
              [
                73.7901342,
                19.3619741
              ],
              [
                73.7891686,
                19.3633
              ],
              [
                73.7874305,
                19.3674196
              ],
              [
                73.7847483,
                19.3738063
              ],
              [
                73.7833428,
                19.3768629
              ],
              [
                73.781948,
                19.3801422
              ],
              [
                73.7782037,
                19.3867762
              ],
              [
                73.7716377,
                19.386002
              ],
              [
                73.7701142,
                19.3915682
              ],
              [
                73.7567205,
                19.3956622
              ],
              [
                73.7535596,
                19.3966283
              ],
              [
                73.7531197,
                19.3966687
              ],
              [
                73.7529588,
                19.398298
              ],
              [
                73.7513924,
                19.4068288
              ],
              [
                73.7466357,
                19.4080242
              ],
              [
                73.7448692,
                19.4084681
              ],
              [
                73.7358141,
                19.4071728
              ],
              [
                73.7359643,
                19.4096824
              ],
              [
                73.7315977,
                19.4168668
              ],
              [
                73.7294948,
                19.4203273
              ],
              [
                73.7287438,
                19.4215921
              ],
              [
                73.7291515,
                19.423292
              ],
              [
                73.7304872,
                19.4298535
              ],
              [
                73.7297362,
                19.4301469
              ],
              [
                73.7262064,
                19.4312599
              ],
              [
                73.7260616,
                19.4312751
              ],
              [
                73.7219685,
                19.4306124
              ],
              [
                73.7194848,
                19.4306781
              ],
              [
                73.7152952,
                19.4308653
              ],
              [
                73.7142384,
                19.4309614
              ],
              [
                73.7102848,
                19.431356
              ],
              [
                73.7078923,
                19.4309715
              ],
              [
                73.7072915,
                19.430324
              ],
              [
                73.7074846,
                19.4279665
              ],
              [
                73.7074685,
                19.4273342
              ],
              [
                73.7069642,
                19.4285837
              ],
              [
                73.7067765,
                19.4294235
              ],
              [
                73.7063312,
                19.431179
              ],
              [
                73.7049311,
                19.4323577
              ],
              [
                73.7027371,
                19.4342193
              ],
              [
                73.702029,
                19.4338652
              ],
              [
                73.7007844,
                19.4347606
              ],
              [
                73.7003177,
                19.4348871
              ],
              [
                73.7002158,
                19.4349022
              ],
              [
                73.6968899,
                19.4344469
              ],
              [
                73.6925447,
                19.4332581
              ],
              [
                73.6912948,
                19.4349124
              ],
              [
                73.6879688,
                19.4392122
              ],
              [
                73.6871052,
                19.4399306
              ],
              [
                73.6883283,
                19.4404465
              ],
              [
                73.6874646,
                19.4412407
              ],
              [
                73.6840153,
                19.4444933
              ],
              [
                73.6835781,
                19.4453457
              ],
              [
                73.684659,
                19.4464408
              ],
              [
                73.6849272,
                19.4468253
              ],
              [
                73.6847985,
                19.4486362
              ],
              [
                73.6852813,
                19.4493443
              ],
              [
                73.6841172,
                19.4553434
              ],
              [
                73.6841494,
                19.4562741
              ],
              [
                73.6842245,
                19.458884
              ],
              [
                73.684262,
                19.4622526
              ],
              [
                73.6843425,
                19.4658791
              ],
              [
                73.6866492,
                19.4672042
              ],
              [
                73.6903506,
                19.4676999
              ],
              [
                73.6908925,
                19.4678213
              ],
              [
                73.6913162,
                19.4680944
              ],
              [
                73.6928075,
                19.4686507
              ],
              [
                73.6936873,
                19.469111
              ],
              [
                73.6941379,
                19.4692577
              ],
              [
                73.6944544,
                19.4695409
              ],
              [
                73.6947066,
                19.4699809
              ],
              [
                73.6955005,
                19.4716246
              ],
              [
                73.6960584,
                19.4746238
              ],
              [
                73.696214,
                19.4756606
              ],
              [
                73.6962354,
                19.4762017
              ],
              [
                73.6961818,
                19.4766417
              ],
              [
                73.6957687,
                19.4772081
              ],
              [
                73.6954522,
                19.4775773
              ],
              [
                73.6954361,
                19.4778555
              ],
              [
                73.6953771,
                19.4781691
              ],
              [
                73.6955112,
                19.4784523
              ],
              [
                73.6958545,
                19.4785585
              ],
              [
                73.6962515,
                19.4785989
              ],
              [
                73.6969972,
                19.4786394
              ],
              [
                73.6981881,
                19.4786748
              ],
              [
                73.7006128,
                19.4785484
              ],
              [
                73.7010419,
                19.4785534
              ],
              [
                73.7013102,
                19.4785888
              ],
              [
                73.7014818,
                19.4786546
              ],
              [
                73.7017608,
                19.4789833
              ],
              [
                73.7019271,
                19.4791198
              ],
              [
                73.7022918,
                19.4791856
              ],
              [
                73.7035954,
                19.4788771
              ],
              [
                73.7045395,
                19.4787102
              ],
              [
                73.7052476,
                19.4787051
              ],
              [
                73.7055641,
                19.4787203
              ],
              [
                73.7057787,
                19.4787658
              ],
              [
                73.7060523,
                19.4788973
              ],
              [
                73.706342,
                19.4791249
              ],
              [
                73.7065136,
                19.479666
              ],
              [
                73.7067014,
                19.4800959
              ],
              [
                73.7070394,
                19.4811681
              ],
              [
                73.7073827,
                19.4826296
              ],
              [
                73.7074792,
                19.4835146
              ],
              [
                73.7076187,
                19.4840153
              ],
              [
                73.707726,
                19.4841873
              ],
              [
                73.7079245,
                19.4842833
              ],
              [
                73.7085199,
                19.4843086
              ],
              [
                73.7127739,
                19.4840456
              ],
              [
                73.7132272,
                19.4841139
              ],
              [
                73.7132862,
                19.484167
              ],
              [
                73.7132809,
                19.4843289
              ],
              [
                73.7132701,
                19.4845514
              ],
              [
                73.7132165,
                19.4848042
              ],
              [
                73.7129563,
                19.4852872
              ],
              [
                73.7124521,
                19.4859219
              ],
              [
                73.7120604,
                19.4865136
              ],
              [
                73.7117815,
                19.4870395
              ],
              [
                73.7117091,
                19.4871583
              ],
              [
                73.7116715,
                19.4872949
              ],
              [
                73.7104055,
                19.4881773
              ],
              [
                73.7094641,
                19.488855
              ],
              [
                73.7090135,
                19.489477
              ],
              [
                73.7083992,
                19.4905162
              ],
              [
                73.708013,
                19.4912343
              ],
              [
                73.7077716,
                19.491874
              ],
              [
                73.7076509,
                19.4923696
              ],
              [
                73.7076777,
                19.4929663
              ],
              [
                73.7079594,
                19.4934088
              ],
              [
                73.7080801,
                19.4937097
              ],
              [
                73.7082812,
                19.4941497
              ],
              [
                73.7083107,
                19.4945062
              ],
              [
                73.7082973,
                19.494893
              ],
              [
                73.7082034,
                19.4952293
              ],
              [
                73.7079701,
                19.4956086
              ],
              [
                73.7076482,
                19.4959676
              ],
              [
                73.707034,
                19.4965517
              ],
              [
                73.7064841,
                19.4971105
              ],
              [
                73.7061542,
                19.4972723
              ],
              [
                73.7052771,
                19.497467
              ],
              [
                73.7045744,
                19.4975681
              ],
              [
                73.7034103,
                19.4977147
              ],
              [
                73.7021068,
                19.4977552
              ],
              [
                73.6998805,
                19.4978462
              ],
              [
                73.6970535,
                19.497869
              ],
              [
                73.6942801,
                19.4981319
              ],
              [
                73.6927995,
                19.4982179
              ],
              [
                73.6922657,
                19.4983671
              ],
              [
                73.6920109,
                19.4985668
              ],
              [
                73.6907262,
                19.4988854
              ],
              [
                73.6896479,
                19.4992318
              ],
              [
                73.6876067,
                19.4995731
              ],
              [
                73.6863139,
                19.4998386
              ],
              [
                73.6861342,
                19.499922
              ],
              [
                73.6861262,
                19.500051
              ],
              [
                73.6861744,
                19.5001395
              ],
              [
                73.6864239,
                19.5003139
              ],
              [
                73.6865687,
                19.5004909
              ],
              [
                73.6865661,
                19.5006375
              ],
              [
                73.6866412,
                19.5007842
              ],
              [
                73.6872178,
                19.5015376
              ],
              [
                73.6879045,
                19.5022633
              ],
              [
                73.6881646,
                19.5027259
              ],
              [
                73.6887145,
                19.5033429
              ],
              [
                73.6890149,
                19.5037727
              ],
              [
                73.6891973,
                19.5040179
              ],
              [
                73.689436,
                19.5042682
              ],
              [
                73.6897123,
                19.5044098
              ],
              [
                73.6899617,
                19.5046399
              ],
              [
                73.6900234,
                19.5048194
              ],
              [
                73.6899778,
                19.5051986
              ],
              [
                73.6899188,
                19.5053301
              ],
              [
                73.6897686,
                19.5055273
              ],
              [
                73.6897203,
                19.5057447
              ],
              [
                73.6897042,
                19.5058054
              ],
              [
                73.6897176,
                19.5059318
              ],
              [
                73.6896962,
                19.5062403
              ],
              [
                73.6895755,
                19.5065083
              ],
              [
                73.6891839,
                19.5068041
              ],
              [
                73.6886689,
                19.5074007
              ],
              [
                73.688449,
                19.5075878
              ],
              [
                73.6881351,
                19.5079367
              ],
              [
                73.6878884,
                19.5083311
              ],
              [
                73.6874807,
                19.508771
              ],
              [
                73.6871803,
                19.5089531
              ],
              [
                73.6869147,
                19.5092514
              ],
              [
                73.6865285,
                19.5099087
              ],
              [
                73.6863461,
                19.5102829
              ],
              [
                73.6862817,
                19.5105458
              ],
              [
                73.6862388,
                19.5121335
              ],
              [
                73.6862013,
                19.5131195
              ],
              [
                73.6861771,
                19.5140676
              ],
              [
                73.6860913,
                19.5142446
              ],
              [
                73.6858633,
                19.5143785
              ],
              [
                73.6854395,
                19.5144898
              ],
              [
                73.6851874,
                19.5145656
              ],
              [
                73.6843827,
                19.5145909
              ],
              [
                73.6827895,
                19.5149499
              ],
              [
                73.6822852,
                19.5150536
              ],
              [
                73.6820841,
                19.5151673
              ],
              [
                73.6818776,
                19.5153493
              ],
              [
                73.6818212,
                19.5155541
              ],
              [
                73.6816013,
                19.5158044
              ],
              [
                73.6813518,
                19.5161659
              ],
              [
                73.6812633,
                19.5163758
              ],
              [
                73.6810783,
                19.5168081
              ],
              [
                73.6808422,
                19.5171392
              ],
              [
                73.6806384,
                19.5176373
              ],
              [
                73.6804694,
                19.5180216
              ],
              [
                73.6802709,
                19.5182592
              ],
              [
                73.6796272,
                19.5185626
              ],
              [
                73.679375,
                19.5186055
              ],
              [
                73.6791605,
                19.518598
              ],
              [
                73.6790264,
                19.5185347
              ],
              [
                73.6789888,
                19.5184235
              ],
              [
                73.6790693,
                19.5181024
              ],
              [
                73.6790666,
                19.5175362
              ],
              [
                73.6792007,
                19.5161659
              ],
              [
                73.67919,
                19.5149752
              ],
              [
                73.679198,
                19.5138072
              ],
              [
                73.6789942,
                19.5132055
              ],
              [
                73.6787876,
                19.5128541
              ],
              [
                73.6785248,
                19.5126013
              ],
              [
                73.6775646,
                19.5120248
              ],
              [
                73.6771864,
                19.5118074
              ],
              [
                73.6769155,
                19.511504
              ],
              [
                73.6765587,
                19.510963
              ],
              [
                73.6761966,
                19.5104447
              ],
              [
                73.6760196,
                19.5102121
              ],
              [
                73.6758399,
                19.5100984
              ],
              [
                73.6756575,
                19.5098936
              ],
              [
                73.6754724,
                19.5095396
              ],
              [
                73.6753517,
                19.5094082
              ],
              [
                73.6751398,
                19.5092792
              ],
              [
                73.6747697,
                19.5092666
              ],
              [
                73.6744639,
                19.509264
              ],
              [
                73.6742574,
                19.5093424
              ],
              [
                73.674067,
                19.5094865
              ],
              [
                73.6739543,
                19.5096104
              ],
              [
                73.673788,
                19.5098658
              ],
              [
                73.6736941,
                19.5103006
              ],
              [
                73.6727473,
                19.5114206
              ],
              [
                73.6722672,
                19.511863
              ],
              [
                73.6713901,
                19.5123838
              ],
              [
                73.6707973,
                19.5127808
              ],
              [
                73.6705103,
                19.5129527
              ],
              [
                73.6699176,
                19.5131549
              ],
              [
                73.6695018,
                19.5132232
              ],
              [
                73.6692309,
                19.5132156
              ],
              [
                73.6690539,
                19.5131423
              ],
              [
                73.6688983,
                19.5131423
              ],
              [
                73.6687401,
                19.5132181
              ],
              [
                73.6685148,
                19.513256
              ],
              [
                73.6682868,
                19.5132763
              ],
              [
                73.6679515,
                19.5132333
              ],
              [
                73.6676028,
                19.5131448
              ],
              [
                73.6674687,
                19.5130412
              ],
              [
                73.6672568,
                19.5127782
              ],
              [
                73.6671495,
                19.512758
              ],
              [
                73.6669108,
                19.5128541
              ],
              [
                73.6666614,
                19.5128389
              ],
              [
                73.6663958,
                19.5127529
              ],
              [
                73.6660498,
                19.5124748
              ],
              [
                73.6654946,
                19.5122144
              ],
              [
                73.6648536,
                19.5119288
              ],
              [
                73.6646685,
                19.511901
              ],
              [
                73.6645853,
                19.511901
              ],
              [
                73.6645102,
                19.5119363
              ],
              [
                73.6644566,
                19.5120122
              ],
              [
                73.6644298,
                19.512131
              ],
              [
                73.6644351,
                19.5123004
              ],
              [
                73.6644083,
                19.5128869
              ],
              [
                73.6642447,
                19.5141207
              ],
              [
                73.6640865,
                19.5147401
              ],
              [
                73.6639899,
                19.5154682
              ],
              [
                73.6637592,
                19.5173137
              ],
              [
                73.66355,
                19.5185246
              ],
              [
                73.6633381,
                19.5199682
              ],
              [
                73.6630511,
                19.5211488
              ],
              [
                73.66285,
                19.5215507
              ],
              [
                73.6627775,
                19.5218996
              ],
              [
                73.6625737,
                19.5221448
              ],
              [
                73.6621338,
                19.5225366
              ],
              [
                73.6617529,
                19.5230498
              ],
              [
                73.6610931,
                19.5238032
              ],
              [
                73.6608383,
                19.5240939
              ],
              [
                73.6603609,
                19.5251733
              ],
              [
                73.6601758,
                19.5254211
              ],
              [
                73.6600202,
                19.5257775
              ],
              [
                73.6600068,
                19.5261946
              ],
              [
                73.6601892,
                19.526905
              ],
              [
                73.6603662,
                19.5272665
              ],
              [
                73.6603796,
                19.52759
              ],
              [
                73.6603689,
                19.5278732
              ],
              [
                73.6604306,
                19.5285608
              ],
              [
                73.6604065,
                19.5290992
              ],
              [
                73.6603421,
                19.5294809
              ],
              [
                73.659862,
                19.5303581
              ],
              [
                73.6597654,
                19.5304542
              ],
              [
                73.6590761,
                19.5313061
              ],
              [
                73.6585799,
                19.5319709
              ],
              [
                73.6578423,
                19.5339856
              ],
              [
                73.657617,
                19.5351762
              ],
              [
                73.6573756,
                19.5365008
              ],
              [
                73.65711,
                19.5366726
              ],
              [
                73.6542723,
                19.5373147
              ],
              [
                73.6520299,
                19.5377191
              ],
              [
                73.6508605,
                19.537934
              ],
              [
                73.6501926,
                19.5380882
              ],
              [
                73.6495221,
                19.5381944
              ],
              [
                73.6488971,
                19.5381817
              ],
              [
                73.6482936,
                19.5381388
              ],
              [
                73.647497,
                19.5378304
              ],
              [
                73.6471644,
                19.5376686
              ],
              [
                73.6469552,
                19.5376509
              ],
              [
                73.6467862,
                19.5376585
              ],
              [
                73.6466052,
                19.5375852
              ],
              [
                73.646353,
                19.5372389
              ],
              [
                73.64618,
                19.5370619
              ],
              [
                73.6459789,
                19.5369254
              ],
              [
                73.6457549,
                19.5368926
              ],
              [
                73.6455296,
                19.5369153
              ],
              [
                73.6453311,
                19.5369924
              ],
              [
                73.6452185,
                19.5371201
              ],
              [
                73.6451179,
                19.537273
              ],
              [
                73.6449972,
                19.5374866
              ],
              [
                73.644737,
                19.5381729
              ],
              [
                73.6445895,
                19.5383309
              ],
              [
                73.6443481,
                19.5383245
              ],
              [
                73.6440893,
                19.538188
              ],
              [
                73.6435729,
                19.5381956
              ],
              [
                73.6429748,
                19.5383144
              ],
              [
                73.6426851,
                19.5384598
              ],
              [
                73.6424866,
                19.5385179
              ],
              [
                73.6421715,
                19.5386721
              ],
              [
                73.6415935,
                19.5389059
              ],
              [
                73.6413333,
                19.5390753
              ],
              [
                73.6411093,
                19.5391246
              ],
              [
                73.6409457,
                19.5390879
              ],
              [
                73.6408223,
                19.538959
              ],
              [
                73.6407687,
                19.5388465
              ],
              [
                73.640656,
                19.5386949
              ],
              [
                73.6405072,
                19.5385609
              ],
              [
                73.6403275,
                19.5385419
              ],
              [
                73.640015,
                19.5385849
              ],
              [
                73.6397307,
                19.5387492
              ],
              [
                73.6396046,
                19.538892
              ],
              [
                73.6393578,
                19.5390159
              ],
              [
                73.6391245,
                19.5389666
              ],
              [
                73.6390373,
                19.5387934
              ],
              [
                73.6390293,
                19.5384724
              ],
              [
                73.6389166,
                19.5381286
              ],
              [
                73.6383614,
                19.5375498
              ],
              [
                73.6381468,
                19.5374158
              ],
              [
                73.6378866,
                19.5371681
              ],
              [
                73.6377794,
                19.5366726
              ],
              [
                73.6377686,
                19.5363415
              ],
              [
                73.6375728,
                19.535884
              ],
              [
                73.6374414,
                19.5356691
              ],
              [
                73.6371544,
                19.5352975
              ],
              [
                73.6370042,
                19.5346984
              ],
              [
                73.6369103,
                19.5344937
              ],
              [
                73.6366957,
                19.5343218
              ],
              [
                73.6363846,
                19.5340918
              ],
              [
                73.6360681,
                19.5338794
              ],
              [
                73.6358535,
                19.5336469
              ],
              [
                73.6355397,
                19.5330933
              ],
              [
                73.635309,
                19.5328177
              ],
              [
                73.6350596,
                19.5325801
              ],
              [
                73.6348423,
                19.5325346
              ],
              [
                73.6345071,
                19.5325422
              ],
              [
                73.6341503,
                19.5325978
              ],
              [
                73.6334476,
                19.53257
              ],
              [
                73.6331123,
                19.5325751
              ],
              [
                73.6329272,
                19.5326736
              ],
              [
                73.6328495,
                19.5328556
              ],
              [
                73.6328307,
                19.5332677
              ],
              [
                73.6330131,
                19.5346453
              ],
              [
                73.633052,
                19.5360432
              ],
              [
                73.633111,
                19.537096
              ],
              [
                73.6331512,
                19.5376496
              ],
              [
                73.633229,
                19.5383574
              ],
              [
                73.6332317,
                19.5388061
              ],
              [
                73.6331941,
                19.539069
              ],
              [
                73.6330949,
                19.5392409
              ],
              [
                73.6329554,
                19.539366
              ],
              [
                73.6328065,
                19.5394443
              ],
              [
                73.6326537,
                19.5395581
              ],
              [
                73.6324203,
                19.5398311
              ],
              [
                73.6323157,
                19.5400308
              ],
              [
                73.6322299,
                19.5402279
              ],
              [
                73.6321641,
                19.5404339
              ],
              [
                73.6321548,
                19.5408675
              ],
              [
                73.6321668,
                19.5410823
              ],
              [
                73.6322312,
                19.5412428
              ],
              [
                73.6322299,
                19.5413869
              ],
              [
                73.6321722,
                19.5415322
              ],
              [
                73.6320931,
                19.5415765
              ],
              [
                73.6318664,
                19.5415828
              ],
              [
                73.6316572,
                19.5415133
              ],
              [
                73.6311811,
                19.5412946
              ],
              [
                73.6309639,
                19.5411708
              ],
              [
                73.6306728,
                19.5410431
              ],
              [
                73.6303791,
                19.5408649
              ],
              [
                73.6301163,
                19.5407929
              ],
              [
                73.629785,
                19.5407221
              ],
              [
                73.6294819,
                19.5406893
              ],
              [
                73.6291668,
                19.5406968
              ],
              [
                73.6289535,
                19.54076
              ],
              [
                73.6288463,
                19.5408536
              ],
              [
                73.6287376,
                19.5410457
              ],
              [
                73.6286102,
                19.5413212
              ],
              [
                73.6283876,
                19.5414994
              ],
              [
                73.6278874,
                19.5418419
              ],
              [
                73.6272396,
                19.5420706
              ],
              [
                73.6269674,
                19.5422046
              ],
              [
                73.6267367,
                19.5423575
              ],
              [
                73.6261788,
                19.5430286
              ],
              [
                73.6259294,
                19.5432346
              ],
              [
                73.6256544,
                19.54338
              ],
              [
                73.6254278,
                19.5433901
              ],
              [
                73.6252186,
                19.543356
              ],
              [
                73.625071,
                19.543289
              ],
              [
                73.6247277,
                19.5429794
              ],
              [
                73.6242409,
                19.5427026
              ],
              [
                73.6238278,
                19.5423841
              ],
              [
                73.6233464,
                19.5419809
              ],
              [
                73.6230902,
                19.5419266
              ],
              [
                73.6229374,
                19.5419379
              ],
              [
                73.6228971,
                19.541962
              ],
              [
                73.622877,
                19.542039
              ],
              [
                73.6228864,
                19.5421199
              ],
              [
                73.6229011,
                19.5422097
              ],
              [
                73.6230084,
                19.5423929
              ],
              [
                73.6233062,
                19.5432625
              ],
              [
                73.6233102,
                19.5437642
              ],
              [
                73.6234497,
                19.54418
              ],
              [
                73.6235704,
                19.544659
              ],
              [
                73.6235905,
                19.5450445
              ],
              [
                73.6235972,
                19.5452859
              ],
              [
                73.6234805,
                19.5455399
              ],
              [
                73.6234778,
                19.5462148
              ],
              [
                73.6234134,
                19.5464473
              ],
              [
                73.6232445,
                19.5467961
              ],
              [
                73.6229816,
                19.5469832
              ],
              [
                73.6222494,
                19.548434
              ],
              [
                73.6258247,
                19.5509894
              ],
              [
                73.626954,
                19.5528143
              ],
              [
                73.6271766,
                19.5534765
              ],
              [
                73.6279491,
                19.5561001
              ],
              [
                73.6279142,
                19.5562113
              ],
              [
                73.6280778,
                19.5569013
              ],
              [
                73.6279866,
                19.5587539
              ],
              [
                73.626785,
                19.5609982
              ],
              [
                73.6268494,
                19.5626815
              ],
              [
                73.6263773,
                19.5658938
              ],
              [
                73.6278605,
                19.5666444
              ],
              [
                73.6289696,
                19.5684236
              ],
              [
                73.6284506,
                19.5699475
              ],
              [
                73.6283782,
                19.5707462
              ],
              [
                73.6283433,
                19.5707828
              ],
              [
                73.6283085,
                19.5712554
              ],
              [
                73.6282589,
                19.5716029
              ],
              [
                73.627422,
                19.5728513
              ],
              [
                73.6271766,
                19.5728994
              ],
              [
                73.6261949,
                19.5715422
              ],
              [
                73.6258838,
                19.5724116
              ],
              [
                73.6250174,
                19.5748125
              ],
              [
                73.6237943,
                19.5761948
              ],
              [
                73.622134,
                19.5778299
              ],
              [
                73.6204416,
                19.5794397
              ],
              [
                73.6183736,
                19.5813022
              ],
              [
                73.618167,
                19.5809433
              ],
              [
                73.6169493,
                19.5788054
              ],
              [
                73.6160642,
                19.5772588
              ],
              [
                73.6150664,
                19.5767028
              ],
              [
                73.615002,
                19.5767154
              ],
              [
                73.6160695,
                19.5797808
              ],
              [
                73.6163163,
                19.5845115
              ],
              [
                73.6189154,
                19.586293
              ],
              [
                73.6182582,
                19.5867353
              ],
              [
                73.6180437,
                19.587175
              ],
              [
                73.6177486,
                19.5868313
              ],
              [
                73.6173463,
                19.586801
              ],
              [
                73.6166114,
                19.5861187
              ],
              [
                73.6164826,
                19.5867353
              ],
              [
                73.6164719,
                19.5874631
              ],
              [
                73.6166328,
                19.5903337
              ],
              [
                73.6157799,
                19.5936086
              ],
              [
                73.6156028,
                19.5938613
              ],
              [
                73.6148143,
                19.5955038
              ],
              [
                73.6088061,
                19.5955492
              ],
              [
                73.6071324,
                19.5949933
              ],
              [
                73.6058289,
                19.5963629
              ],
              [
                73.6041766,
                19.5969138
              ],
              [
                73.6012798,
                19.5980003
              ],
              [
                73.6007595,
                19.5984501
              ],
              [
                73.5985279,
                19.5990818
              ],
              [
                73.5970581,
                19.6004715
              ],
              [
                73.5953736,
                19.6014165
              ],
              [
                73.5941505,
                19.6024727
              ],
              [
                73.5928255,
                19.6014923
              ],
              [
                73.5921013,
                19.6017399
              ],
              [
                73.5914898,
                19.6022504
              ],
              [
                73.5912484,
                19.602973
              ],
              [
                73.5879493,
                19.6051662
              ],
              [
                73.5873967,
                19.6060202
              ],
              [
                73.5867315,
                19.6062123
              ],
              [
                73.5847682,
                19.6066266
              ],
              [
                73.5837918,
                19.6049186
              ],
              [
                73.5833305,
                19.6045497
              ],
              [
                73.5824239,
                19.6037411
              ],
              [
                73.581351,
                19.60316
              ],
              [
                73.5806268,
                19.6024828
              ],
              [
                73.576566,
                19.6023413
              ],
              [
                73.5761476,
                19.6023969
              ],
              [
                73.5769308,
                19.6034986
              ],
              [
                73.5786313,
                19.6049388
              ],
              [
                73.5798222,
                19.6061314
              ],
              [
                73.5825044,
                19.6088602
              ],
              [
                73.5832232,
                19.6107603
              ],
              [
                73.582322,
                19.6130847
              ],
              [
                73.5791194,
                19.614722
              ],
              [
                73.5784757,
                19.6159852
              ],
              [
                73.5783523,
                19.6176022
              ],
              [
                73.5765767,
                19.6185168
              ],
              [
                73.5744953,
                19.6185219
              ],
              [
                73.5718346,
                19.6196638
              ],
              [
                73.5698712,
                19.6163693
              ],
              [
                73.5665935,
                19.6182591
              ],
              [
                73.5642868,
                19.6185876
              ],
              [
                73.5638952,
                19.6193051
              ],
              [
                73.5639381,
                19.6204622
              ],
              [
                73.5642224,
                19.6210888
              ],
              [
                73.5640025,
                19.6221095
              ],
              [
                73.5640025,
                19.6238679
              ],
              [
                73.5639864,
                19.6247268
              ],
              [
                73.5643297,
                19.6262376
              ],
              [
                73.5635304,
                19.6290469
              ],
              [
                73.5631603,
                19.6303758
              ],
              [
                73.5625863,
                19.6331446
              ],
              [
                73.5618621,
                19.6343724
              ],
              [
                73.5614759,
                19.6349382
              ],
              [
                73.5613686,
                19.6358426
              ],
              [
                73.5610735,
                19.6367521
              ],
              [
                73.5613471,
                19.6406323
              ],
              [
                73.5603762,
                19.644376
              ],
              [
                73.5579461,
                19.6469274
              ],
              [
                73.5562402,
                19.6486249
              ],
              [
                73.5555214,
                19.6484683
              ],
              [
                73.5546201,
                19.6485895
              ],
              [
                73.5539013,
                19.6476801
              ],
              [
                73.5523349,
                19.6506861
              ],
              [
                73.5507202,
                19.6527069
              ],
              [
                73.5499906,
                19.6531919
              ],
              [
                73.5491109,
                19.6531666
              ],
              [
                73.5486495,
                19.6548994
              ],
              [
                73.5475928,
                19.6557431
              ],
              [
                73.5446155,
                19.6579002
              ],
              [
                73.5442024,
                19.6596582
              ],
              [
                73.5436928,
                19.6617193
              ],
              [
                73.5436767,
                19.6625326
              ],
              [
                73.5434246,
                19.6633307
              ],
              [
                73.5436928,
                19.6634974
              ],
              [
                73.544358,
                19.6648563
              ],
              [
                73.5429579,
                19.6674376
              ],
              [
                73.5428131,
                19.6674073
              ],
              [
                73.5403669,
                19.6696805
              ],
              [
                73.5373414,
                19.6724486
              ],
              [
                73.5350937,
                19.6745146
              ],
              [
                73.5347128,
                19.6756158
              ],
              [
                73.534289,
                19.6772675
              ],
              [
                73.5331196,
                19.6796314
              ],
              [
                73.5315049,
                19.6829904
              ],
              [
                73.5302871,
                19.6856572
              ],
              [
                73.5287529,
                19.6891322
              ],
              [
                73.5283023,
                19.6912081
              ],
              [
                73.5282594,
                19.6916525
              ],
              [
                73.5282057,
                19.6923849
              ],
              [
                73.5284847,
                19.6942486
              ],
              [
                73.5288709,
                19.6966527
              ],
              [
                73.5290372,
                19.6976729
              ],
              [
                73.5282721,
                19.697476
              ],
              [
                73.5265052,
                19.6970214
              ],
              [
                73.5238767,
                19.6963395
              ],
              [
                73.5232598,
                19.6965012
              ],
              [
                73.5222405,
                19.6969304
              ],
              [
                73.5200947,
                19.697789
              ],
              [
                73.518421,
                19.6982739
              ],
              [
                73.5150844,
                19.6986072
              ],
              [
                73.5152829,
                19.699385
              ],
              [
                73.5158944,
                19.7004001
              ],
              [
                73.5163289,
                19.7008597
              ],
              [
                73.5174394,
                19.7020516
              ],
              [
                73.5173267,
                19.7032738
              ],
              [
                73.5186464,
                19.7052586
              ],
              [
                73.5192257,
                19.7064403
              ],
              [
                73.5196334,
                19.7071575
              ],
              [
                73.5196763,
                19.7072686
              ],
              [
                73.5195261,
                19.7074655
              ],
              [
                73.5190701,
                19.707112
              ],
              [
                73.5169029,
                19.7080564
              ],
              [
                73.5134482,
                19.7095361
              ],
              [
                73.5132658,
                19.7092785
              ],
              [
                73.5101008,
                19.7107683
              ],
              [
                73.5054499,
                19.713258
              ],
              [
                73.5025316,
                19.7148387
              ],
              [
                73.5020113,
                19.7146569
              ],
              [
                73.5011262,
                19.7148437
              ],
              [
                73.5008311,
                19.7152073
              ],
              [
                73.5007721,
                19.715682
              ],
              [
                73.5000908,
                19.7165708
              ],
              [
                73.4977037,
                19.7174343
              ],
              [
                73.497178,
                19.7174495
              ],
              [
                73.4956545,
                19.7167829
              ],
              [
                73.4954023,
                19.7167324
              ],
              [
                73.4943616,
                19.7175252
              ],
              [
                73.4932458,
                19.720545
              ],
              [
                73.4929347,
                19.7205551
              ],
              [
                73.4922802,
                19.7203531
              ],
              [
                73.4916311,
                19.720444
              ],
              [
                73.4909874,
                19.7212974
              ],
              [
                73.4904188,
                19.7217822
              ],
              [
                73.4887236,
                19.7226104
              ],
              [
                73.4883535,
                19.7226457
              ],
              [
                73.4873611,
                19.7223983
              ],
              [
                73.4867066,
                19.7223579
              ],
              [
                73.4865028,
                19.7225498
              ],
              [
                73.4864116,
                19.7228881
              ],
              [
                73.4864169,
                19.7236304
              ],
              [
                73.4862506,
                19.7255594
              ],
              [
                73.4861714,
                19.7256927
              ],
              [
                73.4859778,
                19.7255664
              ],
              [
                73.4833087,
                19.725722
              ],
              [
                73.4810444,
                19.7271938
              ],
              [
                73.4776271,
                19.7302217
              ],
              [
                73.4762712,
                19.7314263
              ],
              [
                73.4761605,
                19.7299612
              ],
              [
                73.4763957,
                19.7279947
              ],
              [
                73.4765341,
                19.7273435
              ],
              [
                73.4767416,
                19.7247388
              ],
              [
                73.4760637,
                19.7236709
              ],
              [
                73.4723558,
                19.7217499
              ],
              [
                73.4654519,
                19.7181748
              ],
              [
                73.4650576,
                19.7180771
              ],
              [
                73.4641445,
                19.7183311
              ],
              [
                73.4624635,
                19.7197377
              ],
              [
                73.4595581,
                19.722069
              ],
              [
                73.4579047,
                19.7234495
              ],
              [
                73.4571715,
                19.7233648
              ],
              [
                73.4568878,
                19.7227462
              ],
              [
                73.4571715,
                19.7220494
              ],
              [
                73.4576142,
                19.7183311
              ],
              [
                73.4572337,
                19.7167161
              ],
              [
                73.4555942,
                19.7141894
              ],
              [
                73.4552991,
                19.7141075
              ],
              [
                73.4544912,
                19.7140942
              ],
              [
                73.4525359,
                19.7142873
              ],
              [
                73.4512613,
                19.7146734
              ],
              [
                73.4510987,
                19.7149213
              ],
              [
                73.4507645,
                19.7155887
              ],
              [
                73.449573,
                19.7163492
              ],
              [
                73.4481534,
                19.7172778
              ],
              [
                73.4476496,
                19.7174409
              ],
              [
                73.4474445,
                19.7172828
              ],
              [
                73.4465111,
                19.7169849
              ],
              [
                73.4466313,
                19.7166621
              ],
              [
                73.4445665,
                19.7133603
              ],
              [
                73.4397579,
                19.7084074
              ],
              [
                73.4359606,
                19.7101849
              ],
              [
                73.4339382,
                19.7105044
              ],
              [
                73.4339594,
                19.7079947
              ],
              [
                73.4325593,
                19.7032614
              ],
              [
                73.4303601,
                19.70187
              ],
              [
                73.4292216,
                19.702316
              ],
              [
                73.4278957,
                19.7045196
              ],
              [
                73.4257389,
                19.7059043
              ],
              [
                73.4244095,
                19.7067431
              ],
              [
                73.4224755,
                19.7071526
              ],
              [
                73.4219098,
                19.7072757
              ],
              [
                73.4204071,
                19.7072058
              ],
              [
                73.4199333,
                19.7056547
              ],
              [
                73.4185862,
                19.7055249
              ],
              [
                73.4151566,
                19.7083608
              ],
              [
                73.4138519,
                19.7074854
              ],
              [
                73.4157212,
                19.6974057
              ],
              [
                73.4154176,
                19.6970246
              ],
              [
                73.4044665,
                19.7006042
              ],
              [
                73.4034328,
                19.700298
              ],
              [
                73.4010835,
                19.6990866
              ],
              [
                73.4002523,
                19.6988756
              ],
              [
                73.3974404,
                19.6995834
              ],
              [
                73.3970717,
                19.6995017
              ],
              [
                73.395561,
                19.6981883
              ],
              [
                73.3948815,
                19.6977255
              ],
              [
                73.3929732,
                19.6974125
              ],
              [
                73.391101,
                19.6967319
              ],
              [
                73.3905878,
                19.6959152
              ],
              [
                73.3892939,
                19.6949488
              ],
              [
                73.3867495,
                19.6949148
              ],
              [
                73.3846604,
                19.695575
              ],
              [
                73.3841906,
                19.6991955
              ],
              [
                73.3831352,
                19.6994609
              ],
              [
                73.3806197,
                19.6984877
              ],
              [
                73.3804679,
                19.6975826
              ],
              [
                73.380945,
                19.6942343
              ],
              [
                73.3816028,
                19.6899534
              ],
              [
                73.3805763,
                19.6886876
              ],
              [
                73.376991,
                19.687619
              ],
              [
                73.3752851,
                19.6876394
              ],
              [
                73.3688807,
                19.6897016
              ],
              [
                73.367753,
                19.6884834
              ],
              [
                73.3681361,
                19.686006
              ],
              [
                73.3595921,
                19.6861932
              ],
              [
                73.3594077,
                19.6860196
              ],
              [
                73.3572753,
                19.6876258
              ],
              [
                73.3496384,
                19.6944588
              ],
              [
                73.3417955,
                19.694595
              ],
              [
                73.3415758,
                19.694948
              ],
              [
                73.340714,
                19.6943345
              ],
              [
                73.3314013,
                19.6943143
              ],
              [
                73.3291858,
                19.690107
              ],
              [
                73.3290839,
                19.6900262
              ],
              [
                73.3277696,
                19.6878089
              ],
              [
                73.3251679,
                19.683253
              ],
              [
                73.3232152,
                19.6796314
              ],
              [
                73.3209085,
                19.6752167
              ],
              [
                73.3201468,
                19.6737923
              ],
              [
                73.3200395,
                19.6723829
              ],
              [
                73.3163059,
                19.6735296
              ],
              [
                73.3141333,
                19.6736963
              ],
              [
                73.3115691,
                19.6724335
              ],
              [
                73.3113331,
                19.6734488
              ],
              [
                73.3081305,
                19.6769897
              ],
              [
                73.3072668,
                19.6773382
              ],
              [
                73.3064139,
                19.6810407
              ],
              [
                73.3018273,
                19.6863896
              ],
              [
                73.3020633,
                19.688516
              ],
              [
                73.300041,
                19.6873038
              ],
              [
                73.2893872,
                19.6923748
              ],
              [
                73.2843876,
                19.6901727
              ],
              [
                73.2799887,
                19.6828691
              ],
              [
                73.2804662,
                19.6788384
              ],
              [
                73.2801282,
                19.6786566
              ],
              [
                73.2806003,
                19.6780403
              ],
              [
                73.2794952,
                19.6771311
              ],
              [
                73.2793128,
                19.6766816
              ],
              [
                73.2784653,
                19.6735447
              ],
              [
                73.2778323,
                19.6718374
              ],
              [
                73.2766253,
                19.6692461
              ],
              [
                73.2761049,
                19.667276
              ],
              [
                73.2745331,
                19.6652705
              ],
              [
                73.2718831,
                19.6659677
              ],
              [
                73.2717276,
                19.6659727
              ],
              [
                73.2717544,
                19.6654473
              ],
              [
                73.2724518,
                19.6606534
              ],
              [
                73.2736802,
                19.6584306
              ],
              [
                73.2732725,
                19.6547024
              ],
              [
                73.2730687,
                19.6531211
              ],
              [
                73.2708853,
                19.6522573
              ],
              [
                73.2680046,
                19.6505396
              ],
              [
                73.2718241,
                19.6475387
              ],
              [
                73.2754612,
                19.6442952
              ],
              [
                73.2766092,
                19.6429513
              ],
              [
                73.2774353,
                19.6416478
              ],
              [
                73.2790553,
                19.6388488
              ],
              [
                73.2800853,
                19.6378687
              ],
              [
                73.2805735,
                19.6368127
              ],
              [
                73.2810563,
                19.6350646
              ],
              [
                73.2814264,
                19.633372
              ],
              [
                73.2820916,
                19.6320229
              ],
              [
                73.2825154,
                19.6307648
              ],
              [
                73.2834971,
                19.6289307
              ],
              [
                73.2836902,
                19.628097
              ],
              [
                73.2842374,
                19.6267833
              ],
              [
                73.2848811,
                19.6256262
              ],
              [
                73.2843071,
                19.62455
              ],
              [
                73.2823598,
                19.6232413
              ],
              [
                73.2814425,
                19.6225339
              ],
              [
                73.2799458,
                19.6223975
              ],
              [
                73.2786208,
                19.6227006
              ],
              [
                73.2774138,
                19.6227158
              ],
              [
                73.2750589,
                19.624267
              ],
              [
                73.2742381,
                19.6249542
              ],
              [
                73.2736427,
                19.625798
              ],
              [
                73.2727522,
                19.6262124
              ],
              [
                73.2719475,
                19.6264498
              ],
              [
                73.2702094,
                19.6263538
              ],
              [
                73.2693243,
                19.6264953
              ],
              [
                73.2682353,
                19.6266115
              ],
              [
                73.2668298,
                19.6271067
              ],
              [
                73.264668,
                19.6279859
              ],
              [
                73.2617658,
                19.6278444
              ],
              [
                73.2606018,
                19.6279808
              ],
              [
                73.2596254,
                19.6281779
              ],
              [
                73.258751,
                19.6284406
              ],
              [
                73.2578015,
                19.629249
              ],
              [
                73.2564604,
                19.6306133
              ],
              [
                73.257705,
                19.6273341
              ],
              [
                73.2531452,
                19.6246814
              ],
              [
                73.2512838,
                19.6214728
              ],
              [
                73.2500285,
                19.6194365
              ],
              [
                73.2503182,
                19.617673
              ],
              [
                73.2487625,
                19.6146057
              ],
              [
                73.2478291,
                19.6116041
              ],
              [
                73.2477057,
                19.6092645
              ],
              [
                73.2441223,
                19.6107906
              ],
              [
                73.2410592,
                19.6106036
              ],
              [
                73.2390314,
                19.6110281
              ],
              [
                73.2372665,
                19.6119579
              ],
              [
                73.2372934,
                19.6141307
              ],
              [
                73.2376045,
                19.6149392
              ],
              [
                73.2370895,
                19.6151414
              ],
              [
                73.2343054,
                19.6157528
              ],
              [
                73.2336885,
                19.6152475
              ],
              [
                73.2333505,
                19.6148887
              ],
              [
                73.2325244,
                19.6143025
              ],
              [
                73.23165,
                19.6137568
              ],
              [
                73.2306468,
                19.6134031
              ],
              [
                73.2301962,
                19.6135092
              ],
              [
                73.2301211,
                19.6108563
              ],
              [
                73.2274389,
                19.6023464
              ],
              [
                73.2238126,
                19.6037209
              ],
              [
                73.2075584,
                19.6005271
              ],
              [
                73.2058096,
                19.6008202
              ],
              [
                73.1993079,
                19.6002037
              ],
              [
                73.1968188,
                19.5985259
              ],
              [
                73.1947267,
                19.5995972
              ],
              [
                73.1942439,
                19.5988796
              ],
              [
                73.194083,
                19.5973736
              ],
              [
                73.1947803,
                19.5937855
              ],
              [
                73.1962073,
                19.5918752
              ],
              [
                73.1963897,
                19.5908442
              ],
              [
                73.1985998,
                19.5897727
              ],
              [
                73.2015931,
                19.5842538
              ],
              [
                73.2039106,
                19.5800184
              ],
              [
                73.2046616,
                19.5786133
              ],
              [
                73.2045329,
                19.5721943
              ],
              [
                73.2043934,
                19.5693334
              ],
              [
                73.2072365,
                19.5650673
              ],
              [
                73.2102942,
                19.5633993
              ],
              [
                73.211469,
                19.5619587
              ],
              [
                73.2112062,
                19.5616908
              ],
              [
                73.2097471,
                19.5605484
              ],
              [
                73.2089853,
                19.5591937
              ],
              [
                73.2089907,
                19.5589763
              ],
              [
                73.2082772,
                19.5561253
              ],
              [
                73.2077622,
                19.5556451
              ],
              [
                73.2070702,
                19.5553721
              ],
              [
                73.2046884,
                19.5550891
              ],
              [
                73.2004827,
                19.554351
              ],
              [
                73.1983155,
                19.5532035
              ],
              [
                73.1976664,
                19.5518336
              ],
              [
                73.1978971,
                19.5510753
              ],
              [
                73.1977951,
                19.5504637
              ],
              [
                73.197425,
                19.5501957
              ],
              [
                73.1967598,
                19.5501048
              ],
              [
                73.1952739,
                19.5489421
              ],
              [
                73.1944638,
                19.5484214
              ],
              [
                73.1927097,
                19.5477591
              ],
              [
                73.1923771,
                19.5477693
              ],
              [
                73.1900918,
                19.5460606
              ],
              [
                73.1894642,
                19.5447968
              ],
              [
                73.189196,
                19.5441396
              ],
              [
                73.1875652,
                19.5416928
              ],
              [
                73.1871414,
                19.5411771
              ],
              [
                73.1846255,
                19.5391853
              ],
              [
                73.1822652,
                19.5386595
              ],
              [
                73.180688,
                19.5383106
              ],
              [
                73.1795508,
                19.5376281
              ],
              [
                73.1791753,
                19.5367434
              ],
              [
                73.1784618,
                19.534883
              ],
              [
                73.1782579,
                19.5341752
              ],
              [
                73.1771153,
                19.5325119
              ],
              [
                73.1765628,
                19.5318192
              ],
              [
                73.1750929,
                19.5305376
              ],
              [
                73.1739959,
                19.5297287
              ],
              [
                73.1735721,
                19.5290714
              ],
              [
                73.1733978,
                19.5281892
              ],
              [
                73.173151,
                19.5277443
              ],
              [
                73.1729525,
                19.5270137
              ],
              [
                73.1724939,
                19.5260278
              ],
              [
                73.1715631,
                19.5255753
              ],
              [
                73.1702408,
                19.5249003
              ],
              [
                73.1688407,
                19.5232394
              ],
              [
                73.168087,
                19.5224077
              ],
              [
                73.1659976,
                19.5220487
              ],
              [
                73.1648067,
                19.5211993
              ],
              [
                73.1633744,
                19.5202033
              ],
              [
                73.161698,
                19.5200491
              ],
              [
                73.1600216,
                19.5198797
              ],
              [
                73.157385,
                19.5204182
              ],
              [
                73.1548557,
                19.5199201
              ],
              [
                73.1516102,
                19.5198772
              ],
              [
                73.1505775,
                19.5198291
              ],
              [
                73.1486732,
                19.5196698
              ],
              [
                73.1467152,
                19.5193513
              ],
              [
                73.1452292,
                19.5190985
              ],
              [
                73.1423888,
                19.5190505
              ],
              [
                73.1406185,
                19.5189999
              ],
              [
                73.1399372,
                19.5184791
              ],
              [
                73.1389153,
                19.5176853
              ],
              [
                73.1365818,
                19.5177182
              ],
              [
                73.1355223,
                19.5177258
              ],
              [
                73.1338593,
                19.5168536
              ],
              [
                73.1334865,
                19.5166488
              ],
              [
                73.133162,
                19.5157286
              ],
              [
                73.1324753,
                19.5147375
              ],
              [
                73.1311047,
                19.5129982
              ],
              [
                73.130343,
                19.5121993
              ],
              [
                73.1297046,
                19.510877
              ],
              [
                73.1302062,
                19.5097368
              ],
              [
                73.1312737,
                19.5085941
              ],
              [
                73.1315124,
                19.5077572
              ],
              [
                73.1315231,
                19.5065133
              ],
              [
                73.1322312,
                19.5048902
              ],
              [
                73.1327945,
                19.5034946
              ],
              [
                73.1332451,
                19.5019169
              ],
              [
                73.1332612,
                19.5011634
              ],
              [
                73.1313863,
                19.5007311
              ],
              [
                73.1301069,
                19.4999397
              ],
              [
                73.1291574,
                19.4995959
              ],
              [
                73.1281033,
                19.4994492
              ],
              [
                73.1269017,
                19.4995428
              ],
              [
                73.1249168,
                19.4990093
              ],
              [
                73.1234604,
                19.4990421
              ],
              [
                73.122527,
                19.4985668
              ],
              [
                73.1218377,
                19.4979069
              ],
              [
                73.1216311,
                19.4977173
              ],
              [
                73.1196114,
                19.496534
              ],
              [
                73.1186727,
                19.4959676
              ],
              [
                73.1182408,
                19.4959297
              ],
              [
                73.117758,
                19.4957856
              ],
              [
                73.1159744,
                19.4961572
              ],
              [
                73.1139171,
                19.4962381
              ],
              [
                73.1123239,
                19.4962912
              ],
              [
                73.1115085,
                19.4956743
              ],
              [
                73.1100816,
                19.4945972
              ],
              [
                73.1088316,
                19.4940688
              ],
              [
                73.1077105,
                19.4941041
              ],
              [
                73.1046742,
                19.4960207
              ],
              [
                73.1038159,
                19.496228
              ],
              [
                73.1019384,
                19.4958791
              ],
              [
                73.1006563,
                19.4955757
              ],
              [
                73.0998838,
                19.4947363
              ],
              [
                73.0991328,
                19.4930675
              ],
              [
                73.098017,
                19.4923342
              ],
              [
                73.09659,
                19.4907767
              ],
              [
                73.0961555,
                19.490544
              ],
              [
                73.0954528,
                19.4903114
              ],
              [
                73.0928135,
                19.4895478
              ],
              [
                73.0883717,
                19.4888247
              ],
              [
                73.0873471,
                19.4880357
              ],
              [
                73.086403,
                19.4871609
              ],
              [
                73.0853569,
                19.485492
              ],
              [
                73.0852604,
                19.4853504
              ],
              [
                73.0845094,
                19.4848801
              ],
              [
                73.0832165,
                19.4845564
              ],
              [
                73.0819827,
                19.4845514
              ],
              [
                73.0810493,
                19.4842125
              ],
              [
                73.0805424,
                19.483631
              ],
              [
                73.0795526,
                19.4839192
              ],
              [
                73.078984,
                19.4842581
              ],
              [
                73.0783564,
                19.4843289
              ],
              [
                73.0775356,
                19.4841266
              ],
              [
                73.077305,
                19.4837068
              ],
              [
                73.0773103,
                19.4829685
              ],
              [
                73.0768973,
                19.4823034
              ],
              [
                73.0758592,
                19.4814386
              ],
              [
                73.0748078,
                19.4806623
              ],
              [
                73.0732629,
                19.4794713
              ],
              [
                73.0729544,
                19.4792008
              ],
              [
                73.0701891,
                19.4794612
              ],
              [
                73.0674666,
                19.479618
              ],
              [
                73.064476,
                19.4797672
              ],
              [
                73.0637088,
                19.4798127
              ],
              [
                73.0631375,
                19.480063
              ],
              [
                73.0627432,
                19.4799771
              ],
              [
                73.061547,
                19.4797596
              ],
              [
                73.0613619,
                19.4795244
              ],
              [
                73.0603319,
                19.4792842
              ],
              [
                73.0596453,
                19.4791906
              ],
              [
                73.0585134,
                19.4789909
              ],
              [
                73.0574217,
                19.479006
              ],
              [
                73.0563167,
                19.4792109
              ],
              [
                73.0548924,
                19.4804347
              ],
              [
                73.0536532,
                19.481603
              ],
              [
                73.0530739,
                19.4822655
              ],
              [
                73.0530632,
                19.4829128
              ],
              [
                73.0522665,
                19.4852113
              ],
              [
                73.0511829,
                19.4871558
              ],
              [
                73.0502629,
                19.4889258
              ],
              [
                73.0497158,
                19.4900839
              ],
              [
                73.0493134,
                19.4913936
              ],
              [
                73.0488896,
                19.492807
              ],
              [
                73.0484685,
                19.4932015
              ],
              [
                73.0473125,
                19.4933077
              ],
              [
                73.047055,
                19.4931534
              ],
              [
                73.0464515,
                19.4928096
              ],
              [
                73.0452123,
                19.4925845
              ],
              [
                73.043595,
                19.4931737
              ],
              [
                73.042168,
                19.493955
              ],
              [
                73.0416235,
                19.494266
              ],
              [
                73.0412132,
                19.4945896
              ],
              [
                73.0401134,
                19.49618
              ],
              [
                73.0393785,
                19.4967818
              ],
              [
                73.0389976,
                19.4970953
              ],
              [
                73.0366427,
                19.4973228
              ],
              [
                73.0355054,
                19.4964505
              ],
              [
                73.0341455,
                19.4949234
              ],
              [
                73.0326998,
                19.493295
              ],
              [
                73.0323511,
                19.4929057
              ],
              [
                73.0316189,
                19.4921193
              ],
              [
                73.0307418,
                19.491563
              ],
              [
                73.0293122,
                19.4909082
              ],
              [
                73.0278853,
                19.4911989
              ],
              [
                73.0283734,
                19.4920232
              ],
              [
                73.0284834,
                19.4922963
              ],
              [
                73.0284297,
                19.4929436
              ],
              [
                73.0280113,
                19.4931509
              ],
              [
                73.0270994,
                19.4932698
              ],
              [
                73.0261204,
                19.4934821
              ],
              [
                73.0237412,
                19.4940157
              ],
              [
                73.0231833,
                19.4944531
              ],
              [
                73.0224216,
                19.4960359
              ],
              [
                73.0217618,
                19.4978361
              ],
              [
                73.0212843,
                19.4990978
              ],
              [
                73.0205119,
                19.5016287
              ],
              [
                73.0197608,
                19.5033353
              ],
              [
                73.018637,
                19.5056942
              ],
              [
                73.0184278,
                19.5060886
              ],
              [
                73.0175695,
                19.5070746
              ],
              [
                73.0171189,
                19.5072617
              ],
              [
                73.0163062,
                19.5075575
              ],
              [
                73.0151823,
                19.507646
              ],
              [
                73.01478,
                19.5074437
              ],
              [
                73.0142972,
                19.5066195
              ],
              [
                73.0139887,
                19.5059116
              ],
              [
                73.01364,
                19.5045033
              ],
              [
                73.0125591,
                19.5035755
              ],
              [
                73.011159,
                19.5026501
              ],
              [
                73.0100512,
                19.5023897
              ],
              [
                73.0085894,
                19.5024529
              ],
              [
                73.0062532,
                19.5036058
              ],
              [
                73.0040163,
                19.5036867
              ],
              [
                73.0033672,
                19.5019068
              ],
              [
                73.0032653,
                19.4999701
              ],
              [
                73.0026001,
                19.4984733
              ],
              [
                73.0003899,
                19.4960106
              ],
              [
                72.9983514,
                19.4949487
              ],
              [
                72.9971176,
                19.4938412
              ],
              [
                72.9945481,
                19.4924
              ],
              [
                72.9905838,
                19.4902356
              ],
              [
                72.9888411,
                19.4898885
              ],
              [
                72.9891837,
                19.4892444
              ],
              [
                72.9905248,
                19.4888398
              ],
              [
                72.9902726,
                19.4882026
              ],
              [
                72.9905167,
                19.4879144
              ],
              [
                72.9911014,
                19.4875755
              ],
              [
                72.9910585,
                19.4874112
              ],
              [
                72.9905891,
                19.4870294
              ],
              [
                72.9906227,
                19.4868612
              ],
              [
                72.9909472,
                19.4863315
              ],
              [
                72.9914998,
                19.4862051
              ],
              [
                72.9918297,
                19.4855337
              ],
              [
                72.9924197,
                19.4855122
              ],
              [
                72.9929361,
                19.4851228
              ],
              [
                72.9933304,
                19.4849661
              ],
              [
                72.9934457,
                19.4848674
              ],
              [
                72.9932539,
                19.4843111
              ],
              [
                72.9935624,
                19.4835602
              ],
              [
                72.9940733,
                19.4831214
              ],
              [
                72.9946017,
                19.4829255
              ],
              [
                72.9949544,
                19.4820341
              ],
              [
                72.9948485,
                19.4819481
              ],
              [
                72.9950805,
                19.4816586
              ],
              [
                72.995055,
                19.4811453
              ],
              [
                72.9950349,
                19.4810669
              ],
              [
                72.9950953,
                19.4805081
              ],
              [
                72.9951905,
                19.4804044
              ],
              [
                72.9951945,
                19.4803045
              ],
              [
                72.9956129,
                19.4793221
              ],
              [
                72.9958262,
                19.478848
              ],
              [
                72.9953501,
                19.4770046
              ],
              [
                72.9951328,
                19.4759589
              ],
              [
                72.9947707,
                19.4743266
              ],
              [
                72.9945964,
                19.4736578
              ],
              [
                72.9933813,
                19.4711163
              ],
              [
                72.9938963,
                19.4684358
              ],
              [
                72.9942262,
                19.4667743
              ],
              [
                72.9947519,
                19.4662685
              ],
              [
                72.9959321,
                19.4658133
              ],
              [
                72.9996872,
                19.4619087
              ],
              [
                73.0018437,
                19.460189
              ],
              [
                73.005234,
                19.4587626
              ],
              [
                73.0064034,
                19.4585704
              ],
              [
                73.0064893,
                19.4580849
              ],
              [
                73.0090427,
                19.4564359
              ],
              [
                73.0106521,
                19.45592
              ],
              [
                73.0118,
                19.4550905
              ],
              [
                73.0127871,
                19.4535629
              ],
              [
                73.013345,
                19.453219
              ],
              [
                73.0161238,
                19.4512867
              ],
              [
                73.0163383,
                19.4505179
              ],
              [
                73.0177331,
                19.4477763
              ],
              [
                73.0191064,
                19.447584
              ],
              [
                73.0207586,
                19.4469062
              ],
              [
                73.0195033,
                19.4464105
              ],
              [
                73.0185699,
                19.4458642
              ],
              [
                73.0173468,
                19.4452167
              ],
              [
                73.0146968,
                19.4427178
              ],
              [
                73.0113172,
                19.4391465
              ],
              [
                73.0082273,
                19.4356965
              ],
              [
                73.0052555,
                19.4333897
              ],
              [
                73.0040753,
                19.4317405
              ],
              [
                73.0033028,
                19.4262667
              ],
              [
                72.9992688,
                19.4230997
              ],
              [
                72.9973698,
                19.4213695
              ],
              [
                72.9961252,
                19.4214201
              ],
              [
                72.9956478,
                19.4212734
              ],
              [
                72.995165,
                19.4213037
              ],
              [
                72.9908359,
                19.4180001
              ],
              [
                72.9899669,
                19.4152579
              ],
              [
                72.9872954,
                19.4120806
              ],
              [
                72.9824352,
                19.4121615
              ],
              [
                72.9812658,
                19.4137705
              ],
              [
                72.9777253,
                19.408124
              ],
              [
                72.9774141,
                19.3998464
              ],
              [
                72.9773283,
                19.3986826
              ],
              [
                72.9748392,
                19.3973164
              ],
              [
                72.9728007,
                19.3978831
              ],
              [
                72.9656124,
                19.3992594
              ],
              [
                72.9601729,
                19.3987231
              ],
              [
                72.9595184,
                19.3940477
              ],
              [
                72.9625439,
                19.3855061
              ],
              [
                72.9594755,
                19.3816198
              ],
              [
                72.9572224,
                19.3829557
              ],
              [
                72.9496908,
                19.379211
              ],
              [
                72.9496264,
                19.3780977
              ],
              [
                72.9491329,
                19.3700614
              ],
              [
                72.9479313,
                19.3536839
              ],
              [
                72.9440474,
                19.3459501
              ],
              [
                72.9438543,
                19.3436218
              ],
              [
                72.9438543,
                19.3391473
              ],
              [
                72.9425025,
                19.3319797
              ],
              [
                72.9443908,
                19.3246498
              ],
              [
                72.944777,
                19.3215315
              ],
              [
                72.944777,
                19.3179474
              ],
              [
                72.9441011,
                19.3175322
              ],
              [
                72.9450667,
                19.3148289
              ],
              [
                72.9453564,
                19.313705
              ],
              [
                72.9455924,
                19.3127634
              ],
              [
                72.9463541,
                19.3126368
              ],
              [
                72.9501522,
                19.3090221
              ],
              [
                72.9509836,
                19.3080298
              ],
              [
                72.9529738,
                19.3056048
              ],
              [
                72.9532742,
                19.3052251
              ],
              [
                72.9547334,
                19.3046429
              ],
              [
                72.9559618,
                19.3001875
              ],
              [
                72.9487842,
                19.2982332
              ],
              [
                72.9439348,
                19.296927
              ],
              [
                72.9408503,
                19.2941271
              ],
              [
                72.9380071,
                19.2892208
              ],
              [
                72.9358515,
                19.2881933
              ],
              [
                72.933147,
                19.286998
              ],
              [
                72.9306069,
                19.2881626
              ],
              [
                72.9296601,
                19.2886335
              ],
              [
                72.9260659,
                19.2892512
              ],
              [
                72.9232335,
                19.2898892
              ],
              [
                72.9166353,
                19.2889373
              ],
              [
                72.9098654,
                19.2887753
              ],
              [
                72.9082024,
                19.2888057
              ],
              [
                72.9030633,
                19.2895044
              ],
              [
                72.8967762,
                19.2936967
              ],
              [
                72.8957999,
                19.2942942
              ],
              [
                72.8887403,
                19.3021722
              ],
              [
                72.8805005,
                19.3107991
              ],
              [
                72.8760052,
                19.3156794
              ],
              [
                72.8720784,
                19.321896
              ],
              [
                72.8608346,
                19.3260065
              ],
              [
                72.8565001,
                19.326452
              ],
              [
                72.849977,
                19.326209
              ],
              [
                72.8394413,
                19.3270189
              ],
              [
                72.8311586,
                19.3283351
              ],
              [
                72.8250512,
                19.3259829
              ],
              [
                72.8259515,
                19.322352
              ],
              [
                72.8295869,
                19.3127381
              ],
              [
                72.8296459,
                19.3124444
              ],
              [
                72.8293178,
                19.3123002
              ],
              [
                72.8278059,
                19.31168
              ],
              [
                72.8268886,
                19.311113
              ],
              [
                72.8253758,
                19.3098524
              ],
              [
                72.8239703,
                19.3085817
              ],
              [
                72.8222161,
                19.3074173
              ],
              [
                72.8202796,
                19.3062123
              ],
              [
                72.8187454,
                19.3053517
              ],
              [
                72.8179514,
                19.3050428
              ],
              [
                72.8172648,
                19.3044809
              ],
              [
                72.8166372,
                19.3035847
              ],
              [
                72.816267,
                19.3034961
              ],
              [
                72.8159022,
                19.3036531
              ],
              [
                72.8156917,
                19.3039992
              ],
              [
                72.8155924,
                19.3040568
              ],
              [
                72.8155033,
                19.3040366
              ],
              [
                72.8154677,
                19.3040075
              ],
              [
                72.8155106,
                19.3038429
              ],
              [
                72.8157306,
                19.3031848
              ],
              [
                72.8157252,
                19.3028861
              ],
              [
                72.8154731,
                19.3027645
              ],
              [
                72.8150117,
                19.3029468
              ],
              [
                72.8141642,
                19.3029519
              ],
              [
                72.8123295,
                19.3028152
              ],
              [
                72.8110689,
                19.303043
              ],
              [
                72.8107631,
                19.3030936
              ],
              [
                72.8106773,
                19.3030126
              ],
              [
                72.8105485,
                19.3023241
              ],
              [
                72.8099953,
                19.3021616
              ],
              [
                72.8098297,
                19.3027595
              ],
              [
                72.8096795,
                19.3029012
              ],
              [
                72.8094006,
                19.3028962
              ],
              [
                72.8093013,
                19.3027494
              ],
              [
                72.8092691,
                19.3025772
              ],
              [
                72.8086442,
                19.3026582
              ],
              [
                72.8085369,
                19.3029519
              ],
              [
                72.8077161,
                19.3034784
              ],
              [
                72.8034675,
                19.3038936
              ],
              [
                72.8030062,
                19.3035797
              ],
              [
                72.8025341,
                19.3036101
              ],
              [
                72.8023195,
                19.3038733
              ],
              [
                72.7981889,
                19.305463
              ],
              [
                72.7976632,
                19.3054529
              ],
              [
                72.7972368,
                19.3056199
              ],
              [
                72.7970624,
                19.3058934
              ],
              [
                72.7967298,
                19.3060908
              ],
              [
                72.7958178,
                19.3063592
              ],
              [
                72.7952921,
                19.306106
              ],
              [
                72.7948254,
                19.3064376
              ],
              [
                72.7941871,
                19.3074729
              ],
              [
                72.7939537,
                19.3078577
              ],
              [
                72.7937113,
                19.3083178
              ],
              [
                72.793825,
                19.3087184
              ],
              [
                72.7940359,
                19.3090665
              ],
              [
                72.7940044,
                19.3090845
              ],
              [
                72.793825,
                19.3091993
              ],
              [
                72.7937686,
                19.3091107
              ],
              [
                72.7936855,
                19.3091689
              ],
              [
                72.7935594,
                19.3094499
              ],
              [
                72.7930069,
                19.3096803
              ],
              [
                72.7924785,
                19.3100119
              ],
              [
                72.7919984,
                19.3099081
              ],
              [
                72.7915692,
                19.3097967
              ],
              [
                72.7911991,
                19.3094828
              ],
              [
                72.7908236,
                19.3094474
              ],
              [
                72.7906144,
                19.3094119
              ],
              [
                72.7902281,
                19.3093968
              ],
              [
                72.7899009,
                19.3091436
              ],
              [
                72.7896327,
                19.3090272
              ],
              [
                72.7893591,
                19.308769
              ],
              [
                72.7889621,
                19.3086475
              ],
              [
                72.7886617,
                19.308526
              ],
              [
                72.7880663,
                19.3078526
              ],
              [
                72.7879429,
                19.3076552
              ],
              [
                72.7875513,
                19.3075793
              ],
              [
                72.7870095,
                19.3067945
              ],
              [
                72.7865428,
                19.306506
              ],
              [
                72.7862533,
                19.3063501
              ],
              [
                72.786196,
                19.306239
              ],
              [
                72.7861991,
                19.3060951
              ],
              [
                72.7861684,
                19.306131
              ],
              [
                72.7861059,
                19.306123
              ],
              [
                72.7861131,
                19.305975
              ],
              [
                72.7860978,
                19.3058316
              ],
              [
                72.7860531,
                19.3058013
              ],
              [
                72.786027,
                19.3057253
              ],
              [
                72.7859632,
                19.3056004
              ],
              [
                72.7858985,
                19.3053791
              ],
              [
                72.7859492,
                19.3052249
              ],
              [
                72.7859031,
                19.3050549
              ],
              [
                72.7861994,
                19.3047239
              ],
              [
                72.7861136,
                19.3043087
              ],
              [
                72.7859205,
                19.3040353
              ],
              [
                72.7855772,
                19.3039847
              ],
              [
                72.7853092,
                19.3038587
              ],
              [
                72.7850193,
                19.3031594
              ],
              [
                72.784971,
                19.3025671
              ],
              [
                72.7846599,
                19.3022684
              ],
              [
                72.7844775,
                19.3018684
              ],
              [
                72.784551,
                19.3014992
              ],
              [
                72.7844989,
                19.3010077
              ],
              [
                72.7846706,
                19.3007166
              ],
              [
                72.7845579,
                19.2991572
              ],
              [
                72.7844667,
                19.2967194
              ],
              [
                72.7845311,
                19.2948866
              ],
              [
                72.7845258,
                19.29316
              ],
              [
                72.7845472,
                19.2916917
              ],
              [
                72.7844721,
                19.2903398
              ],
              [
                72.7843434,
                19.2894386
              ],
              [
                72.7841824,
                19.2883449
              ],
              [
                72.7840805,
                19.2878234
              ],
              [
                72.7838284,
                19.2868259
              ],
              [
                72.7839518,
                19.2855955
              ],
              [
                72.7839947,
                19.2849626
              ],
              [
                72.784009,
                19.2843344
              ],
              [
                72.7840108,
                19.2840714
              ],
              [
                72.7839054,
                19.2826248
              ],
              [
                72.7840364,
                19.2819949
              ],
              [
                72.7840376,
                19.281722
              ],
              [
                72.7840161,
                19.2812511
              ],
              [
                72.7833266,
                19.2800786
              ],
              [
                72.7831464,
                19.2797015
              ],
              [
                72.7829319,
                19.2793876
              ],
              [
                72.7827602,
                19.2791445
              ],
              [
                72.7828138,
                19.2790331
              ],
              [
                72.7827387,
                19.2789217
              ],
              [
                72.7826422,
                19.2788205
              ],
              [
                72.7825027,
                19.2787698
              ],
              [
                72.7822881,
                19.2789622
              ],
              [
                72.7820736,
                19.2791445
              ],
              [
                72.7819555,
                19.2792256
              ],
              [
                72.7818912,
                19.2793066
              ],
              [
                72.7818697,
                19.2794686
              ],
              [
                72.781741,
                19.2793977
              ],
              [
                72.7815908,
                19.2792661
              ],
              [
                72.7813762,
                19.279185
              ],
              [
                72.7812229,
                19.2792494
              ],
              [
                72.781065,
                19.2792559
              ],
              [
                72.7808612,
                19.2792661
              ],
              [
                72.7807646,
                19.2794281
              ],
              [
                72.7806359,
                19.2795294
              ],
              [
                72.7805179,
                19.2796509
              ],
              [
                72.7804213,
                19.27958
              ],
              [
                72.7803462,
                19.279499
              ],
              [
                72.7802175,
                19.2796306
              ],
              [
                72.7801102,
                19.2795901
              ],
              [
                72.7800243,
                19.2797117
              ],
              [
                72.7798634,
                19.2796104
              ],
              [
                72.7797669,
                19.2794889
              ],
              [
                72.7796596,
                19.279499
              ],
              [
                72.779563,
                19.27958
              ],
              [
                72.779445,
                19.2795192
              ],
              [
                72.7792948,
                19.2794483
              ],
              [
                72.7792519,
                19.2793572
              ],
              [
                72.7791768,
                19.2792154
              ],
              [
                72.7790802,
                19.2790939
              ],
              [
                72.7790158,
                19.2789926
              ],
              [
                72.7788442,
                19.2789319
              ],
              [
                72.7787047,
                19.2788002
              ],
              [
                72.7786189,
                19.2786382
              ],
              [
                72.7786725,
                19.2785673
              ],
              [
                72.7787798,
                19.2786179
              ],
              [
                72.7788334,
                19.2787091
              ],
              [
                72.7789837,
                19.2786888
              ],
              [
                72.7790943,
                19.2786032
              ],
              [
                72.7791982,
                19.2785572
              ],
              [
                72.779209,
                19.2783749
              ],
              [
                72.7792948,
                19.2781824
              ],
              [
                72.7792626,
                19.2780305
              ],
              [
                72.7792411,
                19.2778989
              ],
              [
                72.7792197,
                19.2777368
              ],
              [
                72.7792353,
                19.2776057
              ],
              [
                72.7793484,
                19.2776963
              ],
              [
                72.7793913,
                19.2776052
              ],
              [
                72.7793055,
                19.2775039
              ],
              [
                72.7792626,
                19.2773723
              ],
              [
                72.7792841,
                19.277271
              ],
              [
                72.7793592,
                19.2772204
              ],
              [
                72.7794557,
                19.2772811
              ],
              [
                72.7795416,
                19.2773925
              ],
              [
                72.7795308,
                19.2772204
              ],
              [
                72.7795094,
                19.2770988
              ],
              [
                72.7795845,
                19.2770279
              ],
              [
                72.7797239,
                19.2769469
              ],
              [
                72.7798205,
                19.276795
              ],
              [
                72.7799171,
                19.2766431
              ],
              [
                72.7800565,
                19.2764608
              ],
              [
                72.7802067,
                19.2761671
              ],
              [
                72.7803355,
                19.2759139
              ],
              [
                72.780432,
                19.2754582
              ],
              [
                72.7805715,
                19.2748809
              ],
              [
                72.7806359,
                19.2746278
              ],
              [
                72.7806681,
                19.2744353
              ],
              [
                72.780711,
                19.2742834
              ],
              [
                72.7806895,
                19.2741821
              ],
              [
                72.7804642,
                19.2741112
              ],
              [
                72.7801769,
                19.274028
              ],
              [
                72.7800458,
                19.2738378
              ],
              [
                72.7801531,
                19.2737467
              ],
              [
                72.7803891,
                19.2738176
              ],
              [
                72.7805608,
                19.2738378
              ],
              [
                72.7806574,
                19.2737467
              ],
              [
                72.7807539,
                19.2734935
              ],
              [
                72.780829,
                19.2732099
              ],
              [
                72.7807754,
                19.2729162
              ],
              [
                72.7808505,
                19.2726124
              ],
              [
                72.7809578,
                19.272268
              ],
              [
                72.7811938,
                19.2719136
              ],
              [
                72.7813011,
                19.2717819
              ],
              [
                72.7813333,
                19.271711
              ],
              [
                72.7812904,
                19.2716401
              ],
              [
                72.7813333,
                19.2715692
              ],
              [
                72.7814942,
                19.2715794
              ],
              [
                72.7815693,
                19.271468
              ],
              [
                72.7815371,
                19.2713667
              ],
              [
                72.7815157,
                19.2712249
              ],
              [
                72.7815157,
                19.2710628
              ],
              [
                72.7815157,
                19.2709413
              ],
              [
                72.7815264,
                19.2708502
              ],
              [
                72.7813762,
                19.2708704
              ],
              [
                72.7812367,
                19.2707185
              ],
              [
                72.7810758,
                19.2705261
              ],
              [
                72.7810114,
                19.2703134
              ],
              [
                72.7810329,
                19.2701108
              ],
              [
                72.7811723,
                19.2700602
              ],
              [
                72.781344,
                19.2699488
              ],
              [
                72.7814513,
                19.2698171
              ],
              [
                72.7815693,
                19.2696754
              ],
              [
                72.781741,
                19.2695032
              ],
              [
                72.7818912,
                19.2693108
              ],
              [
                72.7821057,
                19.2692399
              ],
              [
                72.7822023,
                19.2690677
              ],
              [
                72.7822989,
                19.2689765
              ],
              [
                72.782492,
                19.2689867
              ],
              [
                72.7826958,
                19.2689259
              ],
              [
                72.7829641,
                19.269017
              ],
              [
                72.7831035,
                19.2691386
              ],
              [
                72.783243,
                19.2691487
              ],
              [
                72.7833825,
                19.2689765
              ],
              [
                72.7835112,
                19.2687132
              ],
              [
                72.7836078,
                19.2683385
              ],
              [
                72.7837151,
                19.2679739
              ],
              [
                72.7838891,
                19.2675088
              ],
              [
                72.7841013,
                19.2670928
              ],
              [
                72.7842193,
                19.266799
              ],
              [
                72.7842301,
                19.2665762
              ],
              [
                72.784391,
                19.2663332
              ],
              [
                72.7846377,
                19.2663129
              ],
              [
                72.7848416,
                19.2664041
              ],
              [
                72.7849811,
                19.2664851
              ],
              [
                72.7851527,
                19.2664952
              ],
              [
                72.7853137,
                19.2663939
              ],
              [
                72.7854317,
                19.2661812
              ],
              [
                72.7854531,
                19.2659888
              ],
              [
                72.7854853,
                19.2656343
              ],
              [
                72.7854853,
                19.2654318
              ],
              [
                72.7853888,
                19.2652596
              ],
              [
                72.7851849,
                19.2651887
              ],
              [
                72.7849811,
                19.2651381
              ],
              [
                72.7848094,
                19.2651077
              ],
              [
                72.7846679,
                19.265047
              ],
              [
                72.7845982,
                19.2650217
              ],
              [
                72.7844319,
                19.2650394
              ],
              [
                72.7842736,
                19.2650622
              ],
              [
                72.783994,
                19.2650469
              ],
              [
                72.7838814,
                19.2650039
              ],
              [
                72.7837151,
                19.2648545
              ]
            ]
          ]
        ]
      },
      "properties": {
        "name": "Thane"
      }
    }
  ]
}