{
  "type": "FeatureCollection",
  "features": [
    {
      "type": "Feature",
      "geometry": {
        "type": "Polygon",
        "coordinates": [
          [
            [
              73.08574948055659,
              19.427290445073545
            ],
            [
              72.96041767148571,
              19.377592964497968
            ],
            [
              72.90196024555787,
              19.451625036080294
            ],
            [
              72.9016434670157,
              19.494786520021254
            ],
            [
              72.9024593,
              19.4944149
            ],
            [
              72.9027341,
              19.4941605
            ],
            [
              72.9043692,
              19.4936647
            ],
            [
              72.904644,
              19.4934104
            ],
            [
              72.905733,
              19.4931656
            ],
            [
              72.9060076,
              19.4929114
            ],
            [
              72.9084603,
              19.4921675
            ],
            [
              72.9085971,
              19.4920407
            ],
            [
              72.9086095,
              19.4912622
            ],
            [
              72.9088851,
              19.490757
            ],
            [
              72.9092977,
              19.4903752
            ],
            [
              72.9106547,
              19.4903907
            ],
            [
              72.9114756,
              19.4898855
            ],
            [
              72.9117766,
              19.4895281
            ],
            [
              72.9121684,
              19.4887354
            ],
            [
              72.9127179,
              19.4882268
            ],
            [
              72.9129991,
              19.4874578
            ],
            [
              72.9138265,
              19.4864378
            ],
            [
              72.9143892,
              19.4848997
            ],
            [
              72.9144221,
              19.4823257
            ],
            [
              72.9149847,
              19.4807876
            ],
            [
              72.9162146,
              19.4801579
            ],
            [
              72.916764,
              19.4796493
            ],
            [
              72.9178528,
              19.4794043
            ],
            [
              72.9198723,
              19.4795177
            ],
            [
              72.9203412,
              19.4791149
            ],
            [
              72.9208102,
              19.4785746
            ],
            [
              72.9216334,
              19.4784272
            ],
            [
              72.9222795,
              19.4786728
            ],
            [
              72.9226234,
              19.4790068
            ],
            [
              72.9226234,
              19.4793409
            ],
            [
              72.9219669,
              19.4794882
            ],
            [
              72.921425,
              19.4794391
            ],
            [
              72.9212374,
              19.4796847
            ],
            [
              72.9225088,
              19.4798223
            ],
            [
              72.9234779,
              19.4799696
            ],
            [
              72.9243741,
              19.4799598
            ],
            [
              72.9257231,
              19.4794947
            ],
            [
              72.9259979,
              19.4792405
            ],
            [
              72.926177,
              19.4789086
            ],
            [
              72.9265489,
              19.4786035
            ],
            [
              72.926896,
              19.4782602
            ],
            [
              72.927292,
              19.4778672
            ],
            [
              72.927886,
              19.4777395
            ],
            [
              72.9282091,
              19.4772974
            ],
            [
              72.9286035,
              19.4770825
            ],
            [
              72.9294274,
              19.4763196
            ],
            [
              72.9297054,
              19.475808
            ],
            [
              72.9309418,
              19.4746633
            ],
            [
              72.9325767,
              19.4741671
            ],
            [
              72.9352905,
              19.4741979
            ],
            [
              72.9358299,
              19.4744616
            ],
            [
              72.9367679,
              19.4753737
            ],
            [
              72.9370263,
              19.4764064
            ],
            [
              72.9375627,
              19.4769273
            ],
            [
              72.9376857,
              19.4779585
            ],
            [
              72.9387762,
              19.4775842
            ],
            [
              72.9391877,
              19.4772032
            ],
            [
              72.93975,
              19.4756651
            ],
            [
              72.939776,
              19.473606
            ],
            [
              72.9395079,
              19.4733455
            ],
            [
              72.9392495,
              19.4723128
            ],
            [
              72.938104,
              19.4714144
            ],
            [
              72.9376904,
              19.4703317
            ],
            [
              72.9372406,
              19.4702304
            ],
            [
              72.936963,
              19.4698226
            ],
            [
              72.9368133,
              19.4693952
            ],
            [
              72.9371274,
              19.4684272
            ],
            [
              72.9375398,
              19.4680452
            ],
            [
              72.9383604,
              19.4675398
            ],
            [
              72.9427057,
              19.4673318
            ],
            [
              72.9428426,
              19.4672051
            ],
            [
              72.9430936,
              19.4667137
            ],
            [
              72.9433327,
              19.4668472
            ],
            [
              72.9430608,
              19.4674525
            ],
            [
              72.953018,
              19.4674486
            ],
            [
              72.9546494,
              19.4672095
            ],
            [
              72.954924,
              19.4669553
            ],
            [
              72.9566522,
              19.4669017
            ],
            [
              72.9573633,
              19.4672401
            ],
            [
              72.9599581,
              19.468401
            ],
            [
              72.9608719,
              19.4688243
            ],
            [
              72.9614672,
              19.4690285
            ],
            [
              72.9622223,
              19.4693544
            ],
            [
              72.9638441,
              19.4698874
            ],
            [
              72.9651386,
              19.4706175
            ],
            [
              72.9657486,
              19.4712117
            ],
            [
              72.9661996,
              19.4716292
            ],
            [
              72.9668976,
              19.4725575
            ],
            [
              72.9671958,
              19.4731435
            ],
            [
              72.9672544,
              19.4733209
            ],
            [
              72.9672094,
              19.4737031
            ],
            [
              72.9673595,
              19.4749771
            ],
            [
              72.9672753,
              19.4765351
            ],
            [
              72.9675097,
              19.4769234
            ],
            [
              72.967825,
              19.4771403
            ],
            [
              72.968448,
              19.4773268
            ],
            [
              72.969182,
              19.4771556
            ],
            [
              72.9697216,
              19.4774191
            ],
            [
              72.970377,
              19.4777294
            ],
            [
              72.9710572,
              19.478133
            ],
            [
              72.9718768,
              19.4787303
            ],
            [
              72.9725575,
              19.4792518
            ],
            [
              72.9733449,
              19.480678
            ],
            [
              72.9738982,
              19.4819837
            ],
            [
              72.9736508,
              19.4831246
            ],
            [
              72.9735716,
              19.4836469
            ],
            [
              72.9738429,
              19.4842877
            ],
            [
              72.9742457,
              19.4846778
            ],
            [
              72.9747885,
              19.4846838
            ],
            [
              72.9754685,
              19.4847134
            ],
            [
              72.9756663,
              19.484655
            ],
            [
              72.9766915,
              19.4844478
            ],
            [
              72.9772375,
              19.4841964
            ],
            [
              72.9796802,
              19.4842236
            ],
            [
              72.9802862,
              19.4843627
            ],
            [
              72.9810017,
              19.4849035
            ],
            [
              72.9819078,
              19.4854176
            ],
            [
              72.982314,
              19.4856738
            ],
            [
              72.9825057,
              19.4861864
            ],
            [
              72.9826153,
              19.4869996
            ],
            [
              72.9828608,
              19.487526
            ],
            [
              72.9832279,
              19.4883857
            ],
            [
              72.9840247,
              19.4889434
            ],
            [
              72.9843122,
              19.4893092
            ],
            [
              72.9845003,
              19.4895553
            ],
            [
              72.9861241,
              19.489959
            ],
            [
              72.9874812,
              19.4899741
            ],
            [
              72.9888411,
              19.4898885
            ],
            [
              72.9905838,
              19.4902356
            ],
            [
              72.9945481,
              19.4924
            ],
            [
              72.9971176,
              19.4938412
            ],
            [
              72.9983514,
              19.4949487
            ],
            [
              73.0003899,
              19.4960106
            ],
            [
              73.0026001,
              19.4984733
            ],
            [
              73.0032653,
              19.4999701
            ],
            [
              73.0033672,
              19.5019068
            ],
            [
              73.0040163,
              19.5036867
            ],
            [
              73.0062532,
              19.5036058
            ],
            [
              73.0085894,
              19.5024529
            ],
            [
              73.0100512,
              19.5023897
            ],
            [
              73.011159,
              19.5026501
            ],
            [
              73.0125591,
              19.5035755
            ],
            [
              73.01364,
              19.5045033
            ],
            [
              73.0139887,
              19.5059116
            ],
            [
              73.0142972,
              19.5066195
            ],
            [
              73.01478,
              19.5074437
            ],
            [
              73.0151823,
              19.507646
            ],
            [
              73.0163062,
              19.5075575
            ],
            [
              73.0171189,
              19.5072617
            ],
            [
              73.0175695,
              19.5070746
            ],
            [
              73.0184278,
              19.5060886
            ],
            [
              73.018637,
              19.5056942
            ],
            [
              73.0197608,
              19.5033353
            ],
            [
              73.0205119,
              19.5016287
            ],
            [
              73.0212843,
              19.4990978
            ],
            [
              73.0217618,
              19.4978361
            ],
            [
              73.0224216,
              19.4960359
            ],
            [
              73.0231833,
              19.4944531
            ],
            [
              73.0237412,
              19.4940157
            ],
            [
              73.0261204,
              19.4934821
            ],
            [
              73.0270994,
              19.4932698
            ],
            [
              73.0280113,
              19.4931509
            ],
            [
              73.0284297,
              19.4929436
            ],
            [
              73.0284834,
              19.4922963
            ],
            [
              73.0283734,
              19.4920232
            ],
            [
              73.0278853,
              19.4911989
            ],
            [
              73.0293122,
              19.4909082
            ],
            [
              73.0307418,
              19.491563
            ],
            [
              73.0316189,
              19.4921193
            ],
            [
              73.0323511,
              19.4929057
            ],
            [
              73.0326998,
              19.493295
            ],
            [
              73.0341455,
              19.4949234
            ],
            [
              73.0355054,
              19.4964505
            ],
            [
              73.0366427,
              19.4973228
            ],
            [
              73.0389976,
              19.4970953
            ],
            [
              73.0393785,
              19.4967818
            ],
            [
              73.0401134,
              19.49618
            ],
            [
              73.0412132,
              19.4945896
            ],
            [
              73.0416235,
              19.494266
            ],
            [
              73.042168,
              19.493955
            ],
            [
              73.043595,
              19.4931737
            ],
            [
              73.0452123,
              19.4925845
            ],
            [
              73.0464515,
              19.4928096
            ],
            [
              73.047055,
              19.4931534
            ],
            [
              73.0473125,
              19.4933077
            ],
            [
              73.0484685,
              19.4932015
            ],
            [
              73.0488896,
              19.492807
            ],
            [
              73.0493134,
              19.4913936
            ],
            [
              73.0497158,
              19.4900839
            ],
            [
              73.0502629,
              19.4889258
            ],
            [
              73.0511829,
              19.4871558
            ],
            [
              73.0522665,
              19.4852113
            ],
            [
              73.0530632,
              19.4829128
            ],
            [
              73.0530739,
              19.4822655
            ],
            [
              73.0536532,
              19.481603
            ],
            [
              73.0548924,
              19.4804347
            ],
            [
              73.0563167,
              19.4792109
            ],
            [
              73.0574217,
              19.479006
            ],
            [
              73.0585134,
              19.4789909
            ],
            [
              73.0596453,
              19.4791906
            ],
            [
              73.0603319,
              19.4792842
            ],
            [
              73.0613619,
              19.4795244
            ],
            [
              73.061547,
              19.4797596
            ],
            [
              73.0627432,
              19.4799771
            ],
            [
              73.0631375,
              19.480063
            ],
            [
              73.0637088,
              19.4798127
            ],
            [
              73.064476,
              19.4797672
            ],
            [
              73.0674666,
              19.479618
            ],
            [
              73.0701891,
              19.4794612
            ],
            [
              73.0729544,
              19.4792008
            ],
            [
              73.0732629,
              19.4794713
            ],
            [
              73.0748078,
              19.4806623
            ],
            [
              73.0758592,
              19.4814386
            ],
            [
              73.0768973,
              19.4823034
            ],
            [
              73.0773103,
              19.4829685
            ],
            [
              73.077305,
              19.4837068
            ],
            [
              73.0775356,
              19.4841266
            ],
            [
              73.0783564,
              19.4843289
            ],
            [
              73.078984,
              19.4842581
            ],
            [
              73.0795526,
              19.4839192
            ],
            [
              73.0805424,
              19.483631
            ],
            [
              73.0810493,
              19.4842125
            ],
            [
              73.0819827,
              19.4845514
            ],
            [
              73.0832165,
              19.4845564
            ],
            [
              73.0845094,
              19.4848801
            ],
            [
              73.0852604,
              19.4853504
            ],
            [
              73.0853569,
              19.485492
            ],
            [
              73.086403,
              19.4871609
            ],
            [
              73.0873471,
              19.4880357
            ],
            [
              73.0883717,
              19.4888247
            ],
            [
              73.0928135,
              19.4895478
            ],
            [
              73.0954528,
              19.4903114
            ],
            [
              73.09587908616363,
              19.490452504542
            ],
            [
              73.08574948055659,
              19.427290445073545
            ]
          ]
        ]
      },
      "properties": {
        "id": 1,
        "name": "Mumbai South",
        "zone": "Central",
        "area_km2": 182.06,
        "population": 71768,
        "density_per_km2": 394,
        "lst_avg_celsius": 31.73,
        "ndvi_avg": 0.319,
        "slum_density": 0.39,
        "outdoor_labor_index": 0.39,
        "elderly_ratio": 0.073,
        "child_ratio": 0.109,
        "water_scarcity_index": 0.39,
        "tree_canopy_ratio": 0.48,
        "public_water_access": 0.61,
        "cool_roofs_ratio": 0.21,
        "risk_score": 45.4,
        "vulnerability": "Medium Risk"
      }
    },
    {
      "type": "Feature",
      "geometry": {
        "type": "Polygon",
        "coordinates": [
          [
            [
              73.12905773915324,
              19.129335121425292
            ],
            [
              73.22624692408397,
              19.222933722330957
            ],
            [
              73.30503929044914,
              19.235166890345578
            ],
            [
              73.3051586,
              19.2349032
            ],
            [
              73.3079052,
              19.2298381
            ],
            [
              73.3093214,
              19.2271637
            ],
            [
              73.3101797,
              19.2250161
            ],
            [
              73.3108663,
              19.2231926
            ],
            [
              73.3126688,
              19.2224227
            ],
            [
              73.3148145,
              19.2227874
            ],
            [
              73.317604,
              19.2222606
            ],
            [
              73.3200931,
              19.2210044
            ],
            [
              73.3221101,
              19.2197481
            ],
            [
              73.324213,
              19.218654
            ],
            [
              73.3299636,
              19.217803
            ],
            [
              73.338375,
              19.2146421
            ],
            [
              73.3446407,
              19.2131427
            ],
            [
              73.3472156,
              19.2113191
            ],
            [
              73.3494043,
              19.2081986
            ],
            [
              73.3503484,
              19.2062533
            ],
            [
              73.3514213,
              19.2031732
            ],
            [
              73.3514642,
              19.2001742
            ],
            [
              73.3503484,
              19.1972156
            ],
            [
              73.3496189,
              19.1952297
            ],
            [
              73.3498764,
              19.1932437
            ],
            [
              73.351078,
              19.190974
            ],
            [
              73.3511209,
              19.1881774
            ],
            [
              73.3508634,
              19.1859482
            ],
            [
              73.3509922,
              19.1840026
            ],
            [
              73.3523225,
              19.1820165
            ],
            [
              73.3534812,
              19.1797467
            ],
            [
              73.3550262,
              19.1773552
            ],
            [
              73.3593607,
              19.1721668
            ],
            [
              73.3617639,
              19.1690861
            ],
            [
              73.363223,
              19.1675458
            ],
            [
              73.3656263,
              19.1660459
            ],
            [
              73.3697032,
              19.1653973
            ],
            [
              73.3732652,
              19.1650325
            ],
            [
              73.3765268,
              19.1649109
            ],
            [
              73.3798742,
              19.1619111
            ],
            [
              73.3814191,
              19.1582627
            ],
            [
              73.3826208,
              19.1553844
            ],
            [
              73.3847236,
              19.1509656
            ],
            [
              73.3864402,
              19.1445601
            ],
            [
              73.3878994,
              19.1414384
            ],
            [
              73.3892726,
              19.1383976
            ],
            [
              73.3895731,
              19.1364515
            ],
            [
              73.3895731,
              19.1347081
            ],
            [
              73.3900523,
              19.1322841
            ],
            [
              73.3849217,
              19.1317349
            ],
            [
              73.375795,
              19.127377
            ],
            [
              73.3725362,
              19.12898
            ],
            [
              73.3591506,
              19.1297271
            ],
            [
              73.3501471,
              19.1286959
            ],
            [
              73.3326982,
              19.1210706
            ],
            [
              73.3274389,
              19.119632
            ],
            [
              73.3235131,
              19.1170561
            ],
            [
              73.3171081,
              19.1100022
            ],
            [
              73.3109427,
              19.1073594
            ],
            [
              73.3107031,
              19.1052368
            ],
            [
              73.3184611,
              19.0936519
            ],
            [
              73.31705088562866,
              19.083728917413218
            ],
            [
              73.12905773915324,
              19.129335121425292
            ]
          ]
        ]
      },
      "properties": {
        "id": 2,
        "name": "Mumbai North",
        "zone": "North",
        "area_km2": 275.51,
        "population": 99927,
        "density_per_km2": 362,
        "lst_avg_celsius": 33.0,
        "ndvi_avg": 0.176,
        "slum_density": 0.39,
        "outdoor_labor_index": 0.43,
        "elderly_ratio": 0.109,
        "child_ratio": 0.161,
        "water_scarcity_index": 0.36,
        "tree_canopy_ratio": 0.26,
        "public_water_access": 0.64,
        "cool_roofs_ratio": 0.22,
        "risk_score": 67.3,
        "vulnerability": "High Risk"
      }
    },
    {
      "type": "Feature",
      "geometry": {
        "type": "Polygon",
        "coordinates": [
          [
            [
              72.78421253833997,
              19.347223111724794
            ],
            [
              72.7842092,
              19.3472256
            ],
            [
              72.7833295,
              19.3478127
            ],
            [
              72.7819347,
              19.3492704
            ],
            [
              72.7794456,
              19.3504851
            ],
            [
              72.7781402,
              19.3509209
            ],
            [
              72.777214,
              19.3519833
            ],
            [
              72.7762484,
              19.3539269
            ],
            [
              72.7753258,
              19.3587046
            ],
            [
              72.7747035,
              19.3595751
            ],
            [
              72.7737593,
              19.3595346
            ],
            [
              72.7731156,
              19.3596359
            ],
            [
              72.7724504,
              19.3601015
            ],
            [
              72.7713185,
              19.3611744
            ],
            [
              72.7709269,
              19.3621461
            ],
            [
              72.7683949,
              19.3655066
            ],
            [
              72.7662331,
              19.3674955
            ],
            [
              72.7646989,
              19.3688822
            ],
            [
              72.7629393,
              19.3701019
            ],
            [
              72.7619415,
              19.3707952
            ],
            [
              72.7612871,
              19.3714936
            ],
            [
              72.760815,
              19.3720958
            ],
            [
              72.7599031,
              19.3730725
            ],
            [
              72.7590877,
              19.3740441
            ],
            [
              72.758342,
              19.3749196
            ],
            [
              72.7579665,
              19.375618
            ],
            [
              72.7578217,
              19.376534
            ],
            [
              72.7578109,
              19.3776119
            ],
            [
              72.7577037,
              19.3784064
            ],
            [
              72.7575964,
              19.3791756
            ],
            [
              72.7577197,
              19.3798942
            ],
            [
              72.7578539,
              19.3804761
            ],
            [
              72.758224,
              19.3814173
            ],
            [
              72.7583957,
              19.3823586
            ],
            [
              72.7585566,
              19.3830164
            ],
            [
              72.759034,
              19.3839071
            ],
            [
              72.7592701,
              19.3845042
            ],
            [
              72.7595449,
              19.3851761
            ],
            [
              72.7599031,
              19.3863309
            ],
            [
              72.7601123,
              19.386928
            ],
            [
              72.7603215,
              19.3874948
            ],
            [
              72.7604771,
              19.3880261
            ],
            [
              72.7607238,
              19.3888054
            ],
            [
              72.7609491,
              19.3892304
            ],
            [
              72.7610457,
              19.3896302
            ],
            [
              72.761271,
              19.3903842
            ],
            [
              72.7617431,
              19.3909964
            ],
            [
              72.7622688,
              19.3913405
            ],
            [
              72.7628642,
              19.3914873
            ],
            [
              72.7633524,
              19.3916694
            ],
            [
              72.7641946,
              19.391634
            ],
            [
              72.7646511,
              19.3918666
            ],
            [
              72.7652531,
              19.3919611
            ],
            [
              72.7660433,
              19.3919726
            ],
            [
              72.7665857,
              19.3919792
            ],
            [
              72.7673602,
              19.3923746
            ],
            [
              72.7676265,
              19.392719
            ],
            [
              72.7681717,
              19.3930576
            ],
            [
              72.7691081,
              19.393992
            ],
            [
              72.7685216,
              19.3946911
            ],
            [
              72.7681482,
              19.3947156
            ],
            [
              72.7677865,
              19.3946432
            ],
            [
              72.7673703,
              19.3944676
            ],
            [
              72.7669726,
              19.394218
            ],
            [
              72.7666461,
              19.3936277
            ],
            [
              72.7664054,
              19.3933176
            ],
            [
              72.7657825,
              19.3930913
            ],
            [
              72.765643,
              19.3929446
            ],
            [
              72.7653748,
              19.3929446
            ],
            [
              72.7644038,
              19.3931267
            ],
            [
              72.763925,
              19.3935227
            ],
            [
              72.7635884,
              19.3936327
            ],
            [
              72.7629849,
              19.394183
            ],
            [
              72.762419,
              19.3947915
            ],
            [
              72.7620327,
              19.3955049
            ],
            [
              72.7617323,
              19.3964613
            ],
            [
              72.7616036,
              19.3976149
            ],
            [
              72.7615446,
              19.3991582
            ],
            [
              72.7615231,
              19.4008786
            ],
            [
              72.7616492,
              19.4023611
            ],
            [
              72.7615982,
              19.4046278
            ],
            [
              72.7612334,
              19.4065935
            ],
            [
              72.7605763,
              19.4085642
            ],
            [
              72.7602974,
              19.4101099
            ],
            [
              72.7601606,
              19.410965
            ],
            [
              72.7601981,
              19.4120199
            ],
            [
              72.7603134,
              19.4132873
            ],
            [
              72.7602625,
              19.4148279
            ],
            [
              72.7599969,
              19.4157082
            ],
            [
              72.7598387,
              19.4169047
            ],
            [
              72.759769,
              19.4174435
            ],
            [
              72.7593023,
              19.4181493
            ],
            [
              72.759144,
              19.4186654
            ],
            [
              72.7591136,
              19.4187724
            ],
            [
              72.7590831,
              19.4188794
            ],
            [
              72.7590454,
              19.4190121
            ],
            [
              72.7590175,
              19.4191104
            ],
            [
              72.7589871,
              19.4192173
            ],
            [
              72.7589587,
              19.4193171
            ],
            [
              72.7589346,
              19.419402
            ],
            [
              72.75893455223095,
              19.419402167903115
            ],
            [
              72.81331314367968,
              19.4434468088735
            ],
            [
              72.87265579889525,
              19.439421733260385
            ],
            [
              72.78421253833997,
              19.347223111724794
            ]
          ]
        ]
      },
      "properties": {
        "id": 3,
        "name": "Thane City",
        "zone": "East",
        "area_km2": 69.96,
        "population": 51779,
        "density_per_km2": 740,
        "lst_avg_celsius": 31.19,
        "ndvi_avg": 0.365,
        "slum_density": 0.24,
        "outdoor_labor_index": 0.27,
        "elderly_ratio": 0.102,
        "child_ratio": 0.107,
        "water_scarcity_index": 0.31,
        "tree_canopy_ratio": 0.55,
        "public_water_access": 0.69,
        "cool_roofs_ratio": 0.26,
        "risk_score": 31.9,
        "vulnerability": "Low Risk"
      }
    },
    {
      "type": "Feature",
      "geometry": {
        "type": "Polygon",
        "coordinates": [
          [
            [
              73.05931946110042,
              19.20528293037478
            ],
            [
              73.16319061528534,
              19.36260125518196
            ],
            [
              73.19181728761212,
              19.362947832529468
            ],
            [
              73.22624692408397,
              19.222933722330957
            ],
            [
              73.12905773915324,
              19.129335121425292
            ],
            [
              73.10552798055197,
              19.123458031841626
            ],
            [
              73.0615005064717,
              19.1920857907807
            ],
            [
              73.05931946110042,
              19.20528293037478
            ]
          ]
        ]
      },
      "properties": {
        "id": 4,
        "name": "Navi Mumbai East",
        "zone": "South",
        "area_km2": 277.13,
        "population": 102888,
        "density_per_km2": 371,
        "lst_avg_celsius": 32.97,
        "ndvi_avg": 0.17,
        "slum_density": 0.33,
        "outdoor_labor_index": 0.45,
        "elderly_ratio": 0.078,
        "child_ratio": 0.118,
        "water_scarcity_index": 0.37,
        "tree_canopy_ratio": 0.25,
        "public_water_access": 0.63,
        "cool_roofs_ratio": 0.26,
        "risk_score": 64.0,
        "vulnerability": "High Risk"
      }
    },
    {
      "type": "Feature",
      "geometry": {
        "type": "Polygon",
        "coordinates": [
          [
            [
              73.29978974485614,
              18.88962455563135
            ],
            [
              73.43701405400145,
              18.892459076754744
            ],
            [
              73.4375095,
              18.890533
            ],
            [
              73.437252,
              18.887244
            ],
            [
              73.4372091,
              18.8842393
            ],
            [
              73.437252,
              18.8818029
            ],
            [
              73.4363079,
              18.8795696
            ],
            [
              73.4340763,
              18.8764834
            ],
            [
              73.429141,
              18.8689303
            ],
            [
              73.4272956,
              18.866047
            ],
            [
              73.4256219,
              18.8640978
            ],
            [
              73.4236478,
              18.8621485
            ],
            [
              73.4192276,
              18.8610926
            ],
            [
              73.414936,
              18.8597524
            ],
            [
              73.4120607,
              18.8580873
            ],
            [
              73.4077692,
              18.8524828
            ],
            [
              73.4054088,
              18.8495993
            ],
            [
              73.4040784,
              18.8474061
            ],
            [
              73.4021902,
              18.8441163
            ],
            [
              73.4014177,
              18.843304
            ],
            [
              73.398714,
              18.8462689
            ],
            [
              73.397212,
              18.8482184
            ],
            [
              73.3960533,
              18.8503303
            ],
            [
              73.3938646,
              18.8515893
            ],
            [
              73.3927488,
              18.8524422
            ],
            [
              73.3903026,
              18.8529702
            ],
            [
              73.3879852,
              18.8526453
            ],
            [
              73.3869552,
              18.8463501
            ],
            [
              73.3861904,
              18.8423905
            ],
            [
              73.3861379,
              18.8421185
            ],
            [
              73.3846954,
              18.8346497
            ],
            [
              73.384037,
              18.8312408
            ],
            [
              73.3829212,
              18.8257573
            ],
            [
              73.3831358,
              18.8217765
            ],
            [
              73.3832216,
              18.8197049
            ],
            [
              73.3794021,
              18.8188924
            ],
            [
              73.378458,
              18.8178363
            ],
            [
              73.3790159,
              18.8159677
            ],
            [
              73.3801317,
              18.8149928
            ],
            [
              73.3802604,
              18.8138553
            ],
            [
              73.37996,
              18.8117023
            ],
            [
              73.3796596,
              18.8109305
            ],
            [
              73.379445,
              18.8100368
            ],
            [
              73.3795309,
              18.8092649
            ],
            [
              73.3799922,
              18.8085946
            ],
            [
              73.3805072,
              18.8082696
            ],
            [
              73.3810329,
              18.8081274
            ],
            [
              73.3814299,
              18.8078939
            ],
            [
              73.3816337,
              18.8075079
            ],
            [
              73.3816767,
              18.8071525
            ],
            [
              73.3815586,
              18.806279
            ],
            [
              73.3815479,
              18.8053752
            ],
            [
              73.381741,
              18.8041056
            ],
            [
              73.381741,
              18.8021658
            ],
            [
              73.3815801,
              18.8012212
            ],
            [
              73.3814299,
              18.8008353
            ],
            [
              73.3811617,
              18.8003681
            ],
            [
              73.3805823,
              18.7995962
            ],
            [
              73.3796918,
              18.7986618
            ],
            [
              73.3792412,
              18.798286
            ],
            [
              73.3790374,
              18.7979509
            ],
            [
              73.3790159,
              18.7975751
            ],
            [
              73.3788443,
              18.7964071
            ],
            [
              73.3785975,
              18.7953
            ],
            [
              73.3784151,
              18.7948734
            ],
            [
              73.3782756,
              18.7945992
            ],
            [
              73.378222,
              18.7944468
            ],
            [
              73.37834,
              18.7941421
            ],
            [
              73.3785331,
              18.7937358
            ],
            [
              73.3787262,
              18.7933803
            ],
            [
              73.3788443,
              18.7931366
            ],
            [
              73.378855,
              18.7929233
            ],
            [
              73.3783615,
              18.7923037
            ],
            [
              73.3770955,
              18.7912169
            ],
            [
              73.3761835,
              18.7900489
            ],
            [
              73.3756578,
              18.7894293
            ],
            [
              73.3752179,
              18.7890738
            ],
            [
              73.3749175,
              18.7889011
            ],
            [
              73.3745205,
              18.7888402
            ],
            [
              73.3740914,
              18.7887792
            ],
            [
              73.3737481,
              18.7884136
            ],
            [
              73.3735227,
              18.7881089
            ],
            [
              73.3722889,
              18.7889316
            ],
            [
              73.3719134,
              18.7898051
            ],
            [
              73.3708834,
              18.7917959
            ],
            [
              73.3691454,
              18.7939695
            ],
            [
              73.3679652,
              18.7932585
            ],
            [
              73.3673215,
              18.7916943
            ],
            [
              73.3670854,
              18.7902926
            ],
            [
              73.3657336,
              18.7852344
            ],
            [
              73.3648109,
              18.7821871
            ],
            [
              73.3645105,
              18.7803994
            ],
            [
              73.3641243,
              18.7784694
            ],
            [
              73.3634805,
              18.7762144
            ],
            [
              73.363266,
              18.7750158
            ],
            [
              73.3611417,
              18.7716636
            ],
            [
              73.3604336,
              18.7697742
            ],
            [
              73.3597469,
              18.7687381
            ],
            [
              73.3575582,
              18.7662188
            ],
            [
              73.3564424,
              18.7632931
            ],
            [
              73.3535027,
              18.7613426
            ],
            [
              73.3504557,
              18.7581324
            ],
            [
              73.3509278,
              18.7567102
            ],
            [
              73.3461856,
              18.7575026
            ],
            [
              73.3441257,
              18.7650201
            ],
            [
              73.3420229,
              18.7683927
            ],
            [
              73.3394479,
              18.7667673
            ],
            [
              73.33146489715635,
              18.776938972083016
            ],
            [
              73.29978974485614,
              18.88962455563135
            ]
          ]
        ]
      },
      "properties": {
        "id": 5,
        "name": "Navi Mumbai West",
        "zone": "West",
        "area_km2": 118.21,
        "population": 106257,
        "density_per_km2": 898,
        "lst_avg_celsius": 31.95,
        "ndvi_avg": 0.301,
        "slum_density": 0.4,
        "outdoor_labor_index": 0.47,
        "elderly_ratio": 0.089,
        "child_ratio": 0.099,
        "water_scarcity_index": 0.38,
        "tree_canopy_ratio": 0.45,
        "public_water_access": 0.62,
        "cool_roofs_ratio": 0.21,
        "risk_score": 51.5,
        "vulnerability": "Medium Risk"
      }
    },
    {
      "type": "Feature",
      "geometry": {
        "type": "MultiPolygon",
        "coordinates": [
          [
            [
              [
                72.83331029701512,
                18.921040803148856
              ],
              [
                72.8332976,
                18.9210123
              ],
              [
                72.8328514,
                18.920119
              ],
              [
                72.8327403,
                18.9198698
              ],
              [
                72.8327486,
                18.9198526
              ],
              [
                72.8320811,
                18.9183577
              ],
              [
                72.8328057,
                18.9181873
              ],
              [
                72.8328392,
                18.9181382
              ],
              [
                72.8328336,
                18.9181108
              ],
              [
                72.8328074,
                18.9180817
              ],
              [
                72.8327845,
                18.9180673
              ],
              [
                72.8327478,
                18.9180614
              ],
              [
                72.8320913,
                18.9181303
              ],
              [
                72.8320685,
                18.9181267
              ],
              [
                72.8320572,
                18.9181197
              ],
              [
                72.8320435,
                18.9181053
              ],
              [
                72.8320379,
                18.9180913
              ],
              [
                72.8319627,
                18.9177766
              ],
              [
                72.8318843,
                18.9174416
              ],
              [
                72.8318678,
                18.9173799
              ],
              [
                72.8318572,
                18.9173643
              ],
              [
                72.8318328,
                18.9173528
              ],
              [
                72.8318116,
                18.9173496
              ],
              [
                72.831611,
                18.9173911
              ],
              [
                72.8315343,
                18.917412
              ],
              [
                72.8315065,
                18.9174112
              ],
              [
                72.8314939,
                18.9174075
              ],
              [
                72.8314589,
                18.9173826
              ],
              [
                72.8307411,
                18.916775
              ],
              [
                72.830575,
                18.9166427
              ],
              [
                72.8304842,
                18.9165642
              ],
              [
                72.8303423,
                18.9164416
              ],
              [
                72.8302236,
                18.9163491
              ],
              [
                72.8298417,
                18.9160248
              ],
              [
                72.8298637,
                18.9159841
              ],
              [
                72.8299283,
                18.9158649
              ],
              [
                72.8300749,
                18.9156387
              ],
              [
                72.8301113,
                18.9155701
              ],
              [
                72.8302047,
                18.9153939
              ],
              [
                72.8303163,
                18.9153672
              ],
              [
                72.8303932,
                18.9153629
              ],
              [
                72.8304463,
                18.9153672
              ],
              [
                72.8304678,
                18.9153694
              ],
              [
                72.8305107,
                18.915381
              ],
              [
                72.8306632,
                18.9154396
              ],
              [
                72.8307175,
                18.9154576
              ],
              [
                72.8307537,
                18.9154556
              ],
              [
                72.8307706,
                18.91545
              ],
              [
                72.8308542,
                18.9153869
              ],
              [
                72.8312373,
                18.9150919
              ],
              [
                72.8312599,
                18.9150629
              ],
              [
                72.8312644,
                18.9150478
              ],
              [
                72.8312633,
                18.915036
              ],
              [
                72.8312381,
                18.9150121
              ],
              [
                72.8310403,
                18.9147876
              ],
              [
                72.8308947,
                18.9146155
              ],
              [
                72.8307003,
                18.9143966
              ],
              [
                72.8302975,
                18.9138766
              ],
              [
                72.8298477,
                18.9132855
              ],
              [
                72.8294887,
                18.9129806
              ],
              [
                72.8294657,
                18.9129537
              ],
              [
                72.8294339,
                18.9129176
              ],
              [
                72.8293974,
                18.9128859
              ],
              [
                72.8290551,
                18.9126448
              ],
              [
                72.8285401,
                18.9122981
              ],
              [
                72.8284043,
                18.9122018
              ],
              [
                72.8282258,
                18.9120804
              ],
              [
                72.8281038,
                18.9119993
              ],
              [
                72.8278163,
                18.9118065
              ],
              [
                72.8275876,
                18.911642
              ],
              [
                72.8275076,
                18.9115859
              ],
              [
                72.8269464,
                18.9112154
              ],
              [
                72.8269383,
                18.9112121
              ],
              [
                72.8269263,
                18.9111999
              ],
              [
                72.8268415,
                18.9109581
              ],
              [
                72.8268167,
                18.9108673
              ],
              [
                72.8267821,
                18.910715
              ],
              [
                72.8267082,
                18.9104453
              ],
              [
                72.8268299,
                18.9103823
              ],
              [
                72.8265774,
                18.9099225
              ],
              [
                72.8259371,
                18.9088567
              ],
              [
                72.8258897,
                18.9087862
              ],
              [
                72.8258563,
                18.9087635
              ],
              [
                72.8256484,
                18.9082936
              ],
              [
                72.8250286,
                18.9073382
              ],
              [
                72.8249291,
                18.9073906
              ],
              [
                72.8237195,
                18.9087232
              ],
              [
                72.8237194,
                18.9087233
              ],
              [
                72.8222963,
                18.9102523
              ],
              [
                72.8215792,
                18.9095187
              ],
              [
                72.8207328,
                18.9086198
              ],
              [
                72.820521,
                18.9084011
              ],
              [
                72.82048,
                18.908342
              ],
              [
                72.8205596,
                18.908272
              ],
              [
                72.8195512,
                18.9072963
              ],
              [
                72.8191594,
                18.9075717
              ],
              [
                72.8185345,
                18.9069927
              ],
              [
                72.8179982,
                18.9075107
              ],
              [
                72.8178626,
                18.9074559
              ],
              [
                72.817501,
                18.9068636
              ],
              [
                72.8174261,
                18.9065243
              ],
              [
                72.8174836,
                18.9063042
              ],
              [
                72.8175999,
                18.906092
              ],
              [
                72.8177053,
                18.9059153
              ],
              [
                72.8181034,
                18.9052822
              ],
              [
                72.8178748,
                18.9050736
              ],
              [
                72.8176268,
                18.9050607
              ],
              [
                72.8175613,
                18.9049276
              ],
              [
                72.8177861,
                18.9046135
              ],
              [
                72.8177529,
                18.9041126
              ],
              [
                72.8174008,
                18.9029638
              ],
              [
                72.8177422,
                18.9029496
              ],
              [
                72.817749,
                18.9028637
              ],
              [
                72.8178998,
                18.9028612
              ],
              [
                72.8178988,
                18.9027386
              ],
              [
                72.8175853,
                18.9027191
              ],
              [
                72.8175678,
                18.9025298
              ],
              [
                72.8174299,
                18.9025333
              ],
              [
                72.817417,
                18.902286
              ],
              [
                72.818732,
                18.9022937
              ],
              [
                72.8187759,
                18.9022957
              ],
              [
                72.8188111,
                18.9022912
              ],
              [
                72.818821,
                18.9022767
              ],
              [
                72.8188151,
                18.9022582
              ],
              [
                72.818791,
                18.902248
              ],
              [
                72.8180829,
                18.9022391
              ],
              [
                72.81804,
                18.9022112
              ],
              [
                72.817472,
                18.902253
              ],
              [
                72.8173485,
                18.9020634
              ],
              [
                72.8173192,
                18.9020057
              ],
              [
                72.8173198,
                18.9019531
              ],
              [
                72.8173054,
                18.9019027
              ],
              [
                72.8172832,
                18.9018738
              ],
              [
                72.8173513,
                18.9018483
              ],
              [
                72.8173698,
                18.9017816
              ],
              [
                72.817348,
                18.9017168
              ],
              [
                72.8173134,
                18.9016782
              ],
              [
                72.8172464,
                18.9016153
              ],
              [
                72.8172398,
                18.9015387
              ],
              [
                72.8172132,
                18.9014724
              ],
              [
                72.8172217,
                18.9014518
              ],
              [
                72.8172215,
                18.9014148
              ],
              [
                72.8172149,
                18.9013996
              ],
              [
                72.8172013,
                18.9013808
              ],
              [
                72.8171499,
                18.9013142
              ],
              [
                72.8172712,
                18.9010563
              ],
              [
                72.8174412,
                18.9009421
              ],
              [
                72.8170895,
                18.9004736
              ],
              [
                72.8168769,
                18.9000928
              ],
              [
                72.8166437,
                18.8996867
              ],
              [
                72.8165988,
                18.8996275
              ],
              [
                72.8163214,
                18.899288
              ],
              [
                72.8160814,
                18.8991425
              ],
              [
                72.8156637,
                18.8986531
              ],
              [
                72.8152444,
                18.8981957
              ],
              [
                72.8149112,
                18.8977807
              ],
              [
                72.8148317,
                18.8974645
              ],
              [
                72.8146258,
                18.8966638
              ],
              [
                72.8143831,
                18.8963361
              ],
              [
                72.8138336,
                18.8957766
              ],
              [
                72.8136102,
                18.8954262
              ],
              [
                72.8134472,
                18.8952798
              ],
              [
                72.8132209,
                18.8950986
              ],
              [
                72.8129195,
                18.8948418
              ],
              [
                72.8124962,
                18.8947334
              ],
              [
                72.8119735,
                18.8947386
              ],
              [
                72.8115285,
                18.8948526
              ],
              [
                72.8111346,
                18.8948418
              ],
              [
                72.8109196,
                18.894778
              ],
              [
                72.8108094,
                18.8947187
              ],
              [
                72.8106401,
                18.8946104
              ],
              [
                72.8104694,
                18.894515
              ],
              [
                72.8103361,
                18.8943719
              ],
              [
                72.8101893,
                18.8943647
              ],
              [
                72.8101035,
                18.8942509
              ],
              [
                72.8099116,
                18.8940161
              ],
              [
                72.809884,
                18.8939979
              ],
              [
                72.8098432,
                18.8939778
              ],
              [
                72.8097905,
                18.8939603
              ],
              [
                72.8097308,
                18.8939566
              ],
              [
                72.8095232,
                18.8939905
              ],
              [
                72.8093776,
                18.8940254
              ],
              [
                72.8092567,
                18.894057
              ],
              [
                72.8091558,
                18.8941141
              ],
              [
                72.8089005,
                18.8942954
              ],
              [
                72.8087442,
                18.8944132
              ],
              [
                72.8082536,
                18.8947617
              ],
              [
                72.808,
                18.8949593
              ],
              [
                72.8078003,
                18.8951376
              ],
              [
                72.8075275,
                18.8953723
              ],
              [
                72.8069727,
                18.895897
              ],
              [
                72.8066764,
                18.8962195
              ],
              [
                72.8064769,
                18.8964116
              ],
              [
                72.8062634,
                18.8966637
              ],
              [
                72.8060162,
                18.8969715
              ],
              [
                72.8057687,
                18.897261
              ],
              [
                72.8055508,
                18.89755
              ],
              [
                72.8051592,
                18.8981134
              ],
              [
                72.8049809,
                18.8984155
              ],
              [
                72.804783,
                18.8987317
              ],
              [
                72.8046429,
                18.8990015
              ],
              [
                72.8045313,
                18.8992629
              ],
              [
                72.8044049,
                18.8996529
              ],
              [
                72.804334,
                18.8999152
              ],
              [
                72.8041857,
                18.9004332
              ],
              [
                72.8040519,
                18.9009917
              ],
              [
                72.80386,
                18.9018788
              ],
              [
                72.8037513,
                18.9024375
              ],
              [
                72.8036952,
                18.9027708
              ],
              [
                72.8036532,
                18.9030339
              ],
              [
                72.8036277,
                18.9032966
              ],
              [
                72.8036205,
                18.9033845
              ],
              [
                72.8035972,
                18.9035806
              ],
              [
                72.8035818,
                18.9037672
              ],
              [
                72.8035651,
                18.9041016
              ],
              [
                72.8035507,
                18.90453
              ],
              [
                72.8035438,
                18.9048431
              ],
              [
                72.8035383,
                18.9051521
              ],
              [
                72.8035599,
                18.9055333
              ],
              [
                72.8035594,
                18.9056515
              ],
              [
                72.8036022,
                18.9062035
              ],
              [
                72.8037046,
                18.9067206
              ],
              [
                72.8038242,
                18.9073778
              ],
              [
                72.803875,
                18.9075976
              ],
              [
                72.8039875,
                18.9080845
              ],
              [
                72.8040963,
                18.9084154
              ],
              [
                72.8042141,
                18.9087151
              ],
              [
                72.804337,
                18.9090516
              ],
              [
                72.804392,
                18.9092333
              ],
              [
                72.8044577,
                18.9094527
              ],
              [
                72.8048464,
                18.9102116
              ],
              [
                72.8053274,
                18.9110822
              ],
              [
                72.8060655,
                18.9121885
              ],
              [
                72.8071074,
                18.9135115
              ],
              [
                72.8075391,
                18.9139863
              ],
              [
                72.8142139,
                18.9214197
              ],
              [
                72.818003,
                18.9255324
              ],
              [
                72.818759,
                18.9263595
              ],
              [
                72.8190371,
                18.9266552
              ],
              [
                72.8194531,
                18.9271032
              ],
              [
                72.8195803,
                18.9272446
              ],
              [
                72.8196899,
                18.9273691
              ],
              [
                72.81984992681463,
                18.92757534478086
              ],
              [
                72.83331029701512,
                18.921040803148856
              ]
            ]
          ],
          [
            [
              [
                72.93054435635192,
                18.87383704877053
              ],
              [
                72.94518443259665,
                18.846113431444085
              ],
              [
                72.9446496,
                18.845925
              ],
              [
                72.9438885,
                18.8456594
              ],
              [
                72.9433399,
                18.8457227
              ],
              [
                72.9428081,
                18.8458272
              ],
              [
                72.9421993,
                18.846321
              ],
              [
                72.9416072,
                18.8467484
              ],
              [
                72.9410084,
                18.8471916
              ],
              [
                72.9404765,
                18.8477931
              ],
              [
                72.9402323,
                18.8480749
              ],
              [
                72.9400517,
                18.8483155
              ],
              [
                72.9396837,
                18.8487966
              ],
              [
                72.9392321,
                18.8492145
              ],
              [
                72.9388709,
                18.8493633
              ],
              [
                72.9385163,
                18.8494235
              ],
              [
                72.9381915,
                18.8496515
              ],
              [
                72.9379242,
                18.8497337
              ],
              [
                72.9377603,
                18.8497242
              ],
              [
                72.9375495,
                18.8496514
              ],
              [
                72.9371214,
                18.8496957
              ],
              [
                72.9365126,
                18.8496419
              ],
              [
                72.9359439,
                18.8495311
              ],
              [
                72.935509,
                18.8494045
              ],
              [
                72.9353117,
                18.8494108
              ],
              [
                72.9351177,
                18.8495089
              ],
              [
                72.9349136,
                18.8496451
              ],
              [
                72.9346828,
                18.8496957
              ],
              [
                72.9342345,
                18.849721
              ],
              [
                72.9338933,
                18.8497305
              ],
              [
                72.9331005,
                18.8496387
              ],
              [
                72.9328564,
                18.8496862
              ],
              [
                72.9326523,
                18.8497938
              ],
              [
                72.9322475,
                18.8501421
              ],
              [
                72.9317763,
                18.850399
              ],
              [
                72.9310834,
                18.8506802
              ],
              [
                72.9304975,
                18.851226
              ],
              [
                72.9300301,
                18.8515449
              ],
              [
                72.9291352,
                18.8517712
              ],
              [
                72.9287765,
                18.8517472
              ],
              [
                72.9282947,
                18.8513426
              ],
              [
                72.927907,
                18.8511163
              ],
              [
                72.9275737,
                18.8509586
              ],
              [
                72.9273599,
                18.8509689
              ],
              [
                72.9271824,
                18.8510443
              ],
              [
                72.9267658,
                18.8514112
              ],
              [
                72.9259868,
                18.8518055
              ],
              [
                72.9257694,
                18.8519323
              ],
              [
                72.9255847,
                18.8520112
              ],
              [
                72.9254579,
                18.8521483
              ],
              [
                72.9253999,
                18.8523506
              ],
              [
                72.9254397,
                18.8528684
              ],
              [
                72.9252296,
                18.8530912
              ],
              [
                72.924889,
                18.8535678
              ],
              [
                72.9243927,
                18.854209
              ],
              [
                72.924226,
                18.8543907
              ],
              [
                72.9239688,
                18.8545587
              ],
              [
                72.923429,
                18.8548193
              ],
              [
                72.9232261,
                18.8550147
              ],
              [
                72.9231174,
                18.8552101
              ],
              [
                72.9230051,
                18.8555941
              ],
              [
                72.9229688,
                18.8557895
              ],
              [
                72.9229761,
                18.8559987
              ],
              [
                72.9230522,
                18.8563553
              ],
              [
                72.9232116,
                18.8567633
              ],
              [
                72.9233076,
                18.8571575
              ],
              [
                72.9233493,
                18.8575724
              ],
              [
                72.9233366,
                18.8579187
              ],
              [
                72.923409,
                18.8583421
              ],
              [
                72.9235485,
                18.8587587
              ],
              [
                72.9237572,
                18.8591109
              ],
              [
                72.9238818,
                18.8603564
              ],
              [
                72.9238239,
                18.8617072
              ],
              [
                72.9235703,
                18.8640454
              ],
              [
                72.923179,
                18.8650602
              ],
              [
                72.9228261,
                18.865807
              ],
              [
                72.9224767,
                18.8663483
              ],
              [
                72.9219761,
                18.8673641
              ],
              [
                72.9214142,
                18.8684338
              ],
              [
                72.920219,
                18.869893
              ],
              [
                72.9187819,
                18.8716473
              ],
              [
                72.9180717,
                18.8724633
              ],
              [
                72.9175137,
                18.873602
              ],
              [
                72.9168768,
                18.8751914
              ],
              [
                72.9162567,
                18.8760127
              ],
              [
                72.9151069,
                18.8776767
              ],
              [
                72.9144587,
                18.8790741
              ],
              [
                72.9136639,
                18.8802581
              ],
              [
                72.9130214,
                18.8813087
              ],
              [
                72.9122097,
                18.8822314
              ],
              [
                72.9117757,
                18.8824127
              ],
              [
                72.911291,
                18.882514
              ],
              [
                72.9106597,
                18.8826633
              ],
              [
                72.9103497,
                18.8828073
              ],
              [
                72.9101468,
                18.8831807
              ],
              [
                72.91008663416561,
                18.883768561450438
              ],
              [
                72.93054435635192,
                18.87383704877053
              ]
            ]
          ],
          [
            [
              [
                72.95268435758966,
                18.801615697723367
              ],
              [
                72.85821399445786,
                18.692681476175096
              ],
              [
                72.8581631,
                18.6927595
              ],
              [
                72.8576508,
                18.6933439
              ],
              [
                72.8572565,
                18.693852
              ],
              [
                72.8569695,
                18.6941721
              ],
              [
                72.8565511,
                18.6947209
              ],
              [
                72.8563365,
                18.6951706
              ],
              [
                72.8561246,
                18.6957092
              ],
              [
                72.8556392,
                18.6966874
              ],
              [
                72.8555426,
                18.6970075
              ],
              [
                72.855556,
                18.6971854
              ],
              [
                72.8557625,
                18.6975233
              ],
              [
                72.8558859,
                18.6978053
              ],
              [
                72.8559342,
                18.6986894
              ],
              [
                72.8559154,
                18.6990604
              ],
              [
                72.8558752,
                18.6992585
              ],
              [
                72.8556767,
                18.6995228
              ],
              [
                72.8556687,
                18.6997286
              ],
              [
                72.8556928,
                18.6998632
              ],
              [
                72.8560951,
                18.7009785
              ],
              [
                72.8562292,
                18.7010624
              ],
              [
                72.8563392,
                18.7010598
              ],
              [
                72.8572002,
                18.7008388
              ],
              [
                72.8576884,
                18.7009353
              ],
              [
                72.8579217,
                18.7012377
              ],
              [
                72.858029,
                18.7015832
              ],
              [
                72.8580236,
                18.7017636
              ],
              [
                72.8579351,
                18.7021802
              ],
              [
                72.8579271,
                18.7022666
              ],
              [
                72.85797,
                18.7023403
              ],
              [
                72.858316,
                18.7025131
              ],
              [
                72.858603,
                18.7027138
              ],
              [
                72.8590992,
                18.7033946
              ],
              [
                72.8596115,
                18.7042559
              ],
              [
                72.8601292,
                18.7055541
              ],
              [
                72.8603974,
                18.7065322
              ],
              [
                72.8606227,
                18.7073655
              ],
              [
                72.8608292,
                18.7083614
              ],
              [
                72.8610197,
                18.7088263
              ],
              [
                72.8611886,
                18.7093267
              ],
              [
                72.8612423,
                18.7095706
              ],
              [
                72.8612477,
                18.7100584
              ],
              [
                72.8614193,
                18.7111254
              ],
              [
                72.8615481,
                18.7122584
              ],
              [
                72.8618002,
                18.7132238
              ],
              [
                72.8620845,
                18.7139656
              ],
              [
                72.8623581,
                18.7147887
              ],
              [
                72.8628141,
                18.7158252
              ],
              [
                72.8633022,
                18.7171004
              ],
              [
                72.8638011,
                18.7188685
              ],
              [
                72.8638977,
                18.7192953
              ],
              [
                72.8644045,
                18.7217341
              ],
              [
                72.8644497,
                18.7228223
              ],
              [
                72.8645064,
                18.7243333
              ],
              [
                72.8645774,
                18.7262756
              ],
              [
                72.86463,
                18.7277626
              ],
              [
                72.8646568,
                18.7285719
              ],
              [
                72.8646488,
                18.7291387
              ],
              [
                72.8645898,
                18.7298433
              ],
              [
                72.8644342,
                18.7310851
              ],
              [
                72.8642763,
                18.7325178
              ],
              [
                72.8641367,
                18.733678
              ],
              [
                72.8640643,
                18.7345832
              ],
              [
                72.8638834,
                18.7351929
              ],
              [
                72.8637686,
                18.7354688
              ],
              [
                72.8634632,
                18.7360111
              ],
              [
                72.8634471,
                18.7361584
              ],
              [
                72.8634363,
                18.7372595
              ],
              [
                72.8634363,
                18.737991
              ],
              [
                72.863372,
                18.7383619
              ],
              [
                72.8630823,
                18.7394338
              ],
              [
                72.862798,
                18.7405006
              ],
              [
                72.8626323,
                18.7413647
              ],
              [
                72.8626484,
                18.7420633
              ],
              [
                72.8627264,
                18.7429704
              ],
              [
                72.862916,
                18.7445493
              ],
              [
                72.863152,
                18.7454789
              ],
              [
                72.8633022,
                18.7459158
              ],
              [
                72.8637314,
                18.7469318
              ],
              [
                72.8639191,
                18.7474398
              ],
              [
                72.8641015,
                18.7478665
              ],
              [
                72.8643268,
                18.7485979
              ],
              [
                72.8646165,
                18.7494209
              ],
              [
                72.8649652,
                18.7507467
              ],
              [
                72.8652602,
                18.7527379
              ],
              [
                72.8653783,
                18.7538503
              ],
              [
                72.8655446,
                18.755232
              ],
              [
                72.8657967,
                18.7562428
              ],
              [
                72.8660878,
                18.7569065
              ],
              [
                72.8661185,
                18.7571698
              ],
              [
                72.8663143,
                18.7572562
              ],
              [
                72.8664726,
                18.7572841
              ],
              [
                72.8666228,
                18.7577692
              ],
              [
                72.8667515,
                18.7581502
              ],
              [
                72.8666255,
                18.7582975
              ],
              [
                72.8663546,
                18.7585692
              ],
              [
                72.8660756,
                18.7588994
              ],
              [
                72.8657162,
                18.7594327
              ],
              [
                72.8653353,
                18.7600931
              ],
              [
                72.8649867,
                18.761302
              ],
              [
                72.8647238,
                18.7623839
              ],
              [
                72.8644824,
                18.7634455
              ],
              [
                72.8643799,
                18.7641712
              ],
              [
                72.8642411,
                18.7655055
              ],
              [
                72.8642841,
                18.7664254
              ],
              [
                72.8644443,
                18.7669418
              ],
              [
                72.8648366,
                18.7670452
              ],
              [
                72.8647433,
                18.7672942
              ],
              [
                72.8649135,
                18.7686125
              ],
              [
                72.8641786,
                18.7690764
              ],
              [
                72.8637641,
                18.7697172
              ],
              [
                72.8633917,
                18.7705999
              ],
              [
                72.863307,
                18.7711689
              ],
              [
                72.8633223,
                18.7717639
              ],
              [
                72.8632647,
                18.7725626
              ],
              [
                72.8632969,
                18.7729486
              ],
              [
                72.863549,
                18.7742336
              ],
              [
                72.8636187,
                18.7744825
              ],
              [
                72.8636885,
                18.7755135
              ],
              [
                72.8636348,
                18.7763515
              ],
              [
                72.8636348,
                18.7776111
              ],
              [
                72.8637207,
                18.779023
              ],
              [
                72.863785,
                18.7810393
              ],
              [
                72.8638172,
                18.7822887
              ],
              [
                72.8636885,
                18.7837615
              ],
              [
                72.8637582,
                18.7848636
              ],
              [
                72.8638011,
                18.7865548
              ],
              [
                72.8638118,
                18.7878194
              ],
              [
                72.8638709,
                18.7891093
              ],
              [
                72.8639647,
                18.7901631
              ],
              [
                72.8640425,
                18.7908411
              ],
              [
                72.8640532,
                18.7913794
              ],
              [
                72.8639191,
                18.7920904
              ],
              [
                72.8639567,
                18.7923291
              ],
              [
                72.8640962,
                18.7928623
              ],
              [
                72.8643429,
                18.79368
              ],
              [
                72.8646555,
                18.7949371
              ],
              [
                72.8646702,
                18.7952086
              ],
              [
                72.8647345,
                18.795818
              ],
              [
                72.8650403,
                18.7963817
              ],
              [
                72.8652281,
                18.7966305
              ],
              [
                72.8655586,
                18.7969959
              ],
              [
                72.8656952,
                18.7970005
              ],
              [
                72.8657028,
                18.7967981
              ],
              [
                72.8658476,
                18.7967384
              ],
              [
                72.8659415,
                18.7967016
              ],
              [
                72.86614,
                18.7966737
              ],
              [
                72.8663358,
                18.796661
              ],
              [
                72.8667532,
                18.7969091
              ],
              [
                72.866875,
                18.7970869
              ],
              [
                72.8669211,
                18.7971353
              ],
              [
                72.867018,
                18.7972372
              ],
              [
                72.8674436,
                18.7975141
              ],
              [
                72.8675455,
                18.7977401
              ],
              [
                72.8675115,
                18.7981817
              ],
              [
                72.8677735,
                18.7986491
              ],
              [
                72.8679562,
                18.7990937
              ],
              [
                72.8680002,
                18.7995618
              ],
              [
                72.8680761,
                18.8006014
              ],
              [
                72.867979,
                18.8007884
              ],
              [
                72.8680784,
                18.8010656
              ],
              [
                72.8680733,
                18.801385
              ],
              [
                72.8682724,
                18.8018179
              ],
              [
                72.8683904,
                18.8020312
              ],
              [
                72.8683984,
                18.8022369
              ],
              [
                72.8684628,
                18.8026127
              ],
              [
                72.868503,
                18.8026939
              ],
              [
                72.8687122,
                18.80293
              ],
              [
                72.8687873,
                18.8031839
              ],
              [
                72.8687529,
                18.8033749
              ],
              [
                72.8687525,
                18.8033769
              ],
              [
                72.8687739,
                18.8035267
              ],
              [
                72.8688045,
                18.8037702
              ],
              [
                72.868872,
                18.8043063
              ],
              [
                72.8688918,
                18.8051694
              ],
              [
                72.8689825,
                18.8063862
              ],
              [
                72.8697693,
                18.8065275
              ],
              [
                72.8699897,
                18.8064384
              ],
              [
                72.8697078,
                18.805497
              ],
              [
                72.8699897,
                18.8051978
              ],
              [
                72.8705374,
                18.8051126
              ],
              [
                72.8707444,
                18.8054476
              ],
              [
                72.8710372,
                18.8057926
              ],
              [
                72.8712463,
                18.8057955
              ],
              [
                72.8713425,
                18.805664
              ],
              [
                72.871162,
                18.8050452
              ],
              [
                72.8712102,
                18.8043839
              ],
              [
                72.8708692,
                18.8037121
              ],
              [
                72.8709854,
                18.8035286
              ],
              [
                72.8713743,
                18.8032223
              ],
              [
                72.8721503,
                18.8028543
              ],
              [
                72.8730184,
                18.8025897
              ],
              [
                72.8738878,
                18.8023763
              ],
              [
                72.8745277,
                18.8023131
              ],
              [
                72.8751118,
                18.8023
              ],
              [
                72.875402,
                18.8023003
              ],
              [
                72.8756879,
                18.8023042
              ],
              [
                72.8757718,
                18.8023054
              ],
              [
                72.8765148,
                18.8022293
              ],
              [
                72.8768769,
                18.8020211
              ],
              [
                72.8770244,
                18.8019474
              ],
              [
                72.8771907,
                18.8019093
              ],
              [
                72.8774616,
                18.8019322
              ],
              [
                72.8777406,
                18.8019982
              ],
              [
                72.8783199,
                18.802308
              ],
              [
                72.8785319,
                18.8023105
              ],
              [
                72.8786284,
                18.8023638
              ],
              [
                72.8788966,
                18.8027523
              ],
              [
                72.8794196,
                18.8030443
              ],
              [
                72.8795966,
                18.8033287
              ],
              [
                72.8797469,
                18.8035039
              ],
              [
                72.8802967,
                18.8039711
              ],
              [
                72.8809706,
                18.8043795
              ],
              [
                72.8813129,
                18.8046429
              ],
              [
                72.8813508,
                18.805022
              ],
              [
                72.8811202,
                18.8050918
              ],
              [
                72.8810414,
                18.8051958
              ],
              [
                72.8811824,
                18.8058002
              ],
              [
                72.8813355,
                18.8064562
              ],
              [
                72.8813968,
                18.8064833
              ],
              [
                72.8815025,
                18.8065302
              ],
              [
                72.881969,
                18.806477
              ],
              [
                72.8822498,
                18.8064372
              ],
              [
                72.8824827,
                18.8064288
              ],
              [
                72.8825175,
                18.8064383
              ],
              [
                72.8826798,
                18.8064054
              ],
              [
                72.8827428,
                18.8063147
              ],
              [
                72.8828016,
                18.8062311
              ],
              [
                72.8828394,
                18.8061417
              ],
              [
                72.8826759,
                18.8056061
              ],
              [
                72.882634,
                18.805382
              ],
              [
                72.8828609,
                18.8051746
              ],
              [
                72.8828502,
                18.8050578
              ],
              [
                72.8826919,
                18.8046007
              ],
              [
                72.8827187,
                18.8043265
              ],
              [
                72.8829955,
                18.8042159
              ],
              [
                72.8833139,
                18.8040745
              ],
              [
                72.8833514,
                18.8040579
              ],
              [
                72.8837204,
                18.8039221
              ],
              [
                72.8844361,
                18.8038011
              ],
              [
                72.8854731,
                18.8038032
              ],
              [
                72.886211,
                18.8034785
              ],
              [
                72.8868252,
                18.8033566
              ],
              [
                72.887357,
                18.8031548
              ],
              [
                72.8876489,
                18.8031011
              ],
              [
                72.8878011,
                18.8030655
              ],
              [
                72.8877555,
                18.8028818
              ],
              [
                72.8876406,
                18.8026838
              ],
              [
                72.8874689,
                18.8025289
              ],
              [
                72.8874126,
                18.8024273
              ],
              [
                72.8873751,
                18.8023283
              ],
              [
                72.8873429,
                18.8020668
              ],
              [
                72.8872034,
                18.8018839
              ],
              [
                72.8871471,
                18.8016097
              ],
              [
                72.8870532,
                18.8011908
              ],
              [
                72.8869218,
                18.8010029
              ],
              [
                72.8868654,
                18.8007871
              ],
              [
                72.8868815,
                18.8005001
              ],
              [
                72.8867823,
                18.8003453
              ],
              [
                72.8868762,
                18.8001751
              ],
              [
                72.8868923,
                18.7999695
              ],
              [
                72.8869807,
                18.7995454
              ],
              [
                72.8871685,
                18.7991341
              ],
              [
                72.8871417,
                18.7989919
              ],
              [
                72.8869982,
                18.7987748
              ],
              [
                72.8870237,
                18.7984384
              ],
              [
                72.8872329,
                18.7980473
              ],
              [
                72.8875065,
                18.7977579
              ],
              [
                72.8872329,
                18.7971637
              ],
              [
                72.8871739,
                18.7968286
              ],
              [
                72.887308,
                18.7966153
              ],
              [
                72.8873777,
                18.7970063
              ],
              [
                72.8873724,
                18.797184
              ],
              [
                72.8874743,
                18.7973212
              ],
              [
                72.8875869,
                18.7975548
              ],
              [
                72.8878766,
                18.7974633
              ],
              [
                72.8878832,
                18.7974762
              ],
              [
                72.8881341,
                18.7979661
              ],
              [
                72.8876674,
                18.7981337
              ],
              [
                72.8874207,
                18.7987342
              ],
              [
                72.8874358,
                18.7987756
              ],
              [
                72.8875145,
                18.7989919
              ],
              [
                72.8876541,
                18.7992636
              ],
              [
                72.8877925,
                18.7993047
              ],
              [
                72.8878766,
                18.7993296
              ],
              [
                72.8882065,
                18.7992534
              ],
              [
                72.8889012,
                18.7992839
              ],
              [
                72.8895883,
                18.7991625
              ],
              [
                72.8896629,
                18.7991493
              ],
              [
                72.890363,
                18.799162
              ],
              [
                72.891098,
                18.7991666
              ],
              [
                72.8919428,
                18.7992585
              ],
              [
                72.8927851,
                18.7995911
              ],
              [
                72.8934368,
                18.7997409
              ],
              [
                72.895073,
                18.8001954
              ],
              [
                72.8957315,
                18.8004371
              ],
              [
                72.8960198,
                18.8005662
              ],
              [
                72.8962612,
                18.8007109
              ],
              [
                72.8964329,
                18.8008251
              ],
              [
                72.8966072,
                18.8009724
              ],
              [
                72.8966475,
                18.8010537
              ],
              [
                72.8966609,
                18.8011654
              ],
              [
                72.8965831,
                18.8013228
              ],
              [
                72.8964972,
                18.8014498
              ],
              [
                72.8963712,
                18.8015818
              ],
              [
                72.8961666,
                18.8020035
              ],
              [
                72.89639,
                18.8020998
              ],
              [
                72.896449,
                18.801955
              ],
              [
                72.8966743,
                18.8020541
              ],
              [
                72.8968245,
                18.8016757
              ],
              [
                72.8970177,
                18.8013485
              ],
              [
                72.8972402,
                18.8012822
              ],
              [
                72.8974763,
                18.8012923
              ],
              [
                72.8977981,
                18.8013914
              ],
              [
                72.8982729,
                18.8016935
              ],
              [
                72.8987128,
                18.8020388
              ],
              [
                72.8988951,
                18.8022597
              ],
              [
                72.8988683,
                18.8026482
              ],
              [
                72.8989649,
                18.8030418
              ],
              [
                72.8991875,
                18.8033566
              ],
              [
                72.8992921,
                18.8035318
              ],
              [
                72.8994289,
                18.8037146
              ],
              [
                72.899681,
                18.8038517
              ],
              [
                72.8997561,
                18.8040472
              ],
              [
                72.8998286,
                18.8040777
              ],
              [
                72.900078,
                18.8039837
              ],
              [
                72.9003516,
                18.803707
              ],
              [
                72.9009068,
                18.8031002
              ],
              [
                72.9013145,
                18.8026127
              ],
              [
                72.9014425,
                18.8024345
              ],
              [
                72.9015881,
                18.8023943
              ],
              [
                72.9018204,
                18.8023086
              ],
              [
                72.9022935,
                18.8019982
              ],
              [
                72.9029882,
                18.8017722
              ],
              [
                72.9038143,
                18.8014625
              ],
              [
                72.9039618,
                18.8012695
              ],
              [
                72.9040422,
                18.8010359
              ],
              [
                72.9042828,
                18.800736
              ],
              [
                72.9045751,
                18.8005038
              ],
              [
                72.9052298,
                18.8003601
              ],
              [
                72.9052433,
                18.8004491
              ],
              [
                72.9055752,
                18.8004068
              ],
              [
                72.9055339,
                18.8000839
              ],
              [
                72.905503,
                18.8000819
              ],
              [
                72.9054639,
                18.7998273
              ],
              [
                72.9054102,
                18.7996597
              ],
              [
                72.9054397,
                18.7993271
              ],
              [
                72.9054736,
                18.7988742
              ],
              [
                72.9054987,
                18.7985399
              ],
              [
                72.9054718,
                18.7978556
              ],
              [
                72.9054692,
                18.7977884
              ],
              [
                72.905433,
                18.7970609
              ],
              [
                72.9052681,
                18.796826
              ],
              [
                72.9050978,
                18.796713
              ],
              [
                72.9050481,
                18.7956809
              ],
              [
                72.9052037,
                18.7952657
              ],
              [
                72.9051943,
                18.7947845
              ],
              [
                72.9053016,
                18.7945306
              ],
              [
                72.9054075,
                18.7943859
              ],
              [
                72.9055658,
                18.7942183
              ],
              [
                72.9064992,
                18.7936393
              ],
              [
                72.9066226,
                18.793487
              ],
              [
                72.9067004,
                18.7932889
              ],
              [
                72.9069253,
                18.7929889
              ],
              [
                72.9073521,
                18.792677
              ],
              [
                72.9075882,
                18.7925322
              ],
              [
                72.9077947,
                18.7925551
              ],
              [
                72.9080227,
                18.7925145
              ],
              [
                72.9081514,
                18.7924332
              ],
              [
                72.9082453,
                18.7923189
              ],
              [
                72.9082561,
                18.7920269
              ],
              [
                72.908712,
                18.7916054
              ],
              [
                72.9090522,
                18.7913091
              ],
              [
                72.9094899,
                18.7912499
              ],
              [
                72.9105842,
                18.7911407
              ],
              [
                72.9111797,
                18.7911027
              ],
              [
                72.9116034,
                18.7911204
              ],
              [
                72.9120862,
                18.7911636
              ],
              [
                72.9127943,
                18.7913464
              ],
              [
                72.9137868,
                18.79158
              ],
              [
                72.9148114,
                18.79174
              ],
              [
                72.9149187,
                18.7916994
              ],
              [
                72.9149656,
                18.7916232
              ],
              [
                72.9152425,
                18.7916942
              ],
              [
                72.9152392,
                18.7918314
              ],
              [
                72.9152754,
                18.7920015
              ],
              [
                72.9153384,
                18.7920955
              ],
              [
                72.9154336,
                18.7921666
              ],
              [
                72.915734,
                18.7923037
              ],
              [
                72.917,
                18.792969
              ],
              [
                72.9179871,
                18.7935784
              ],
              [
                72.9187971,
                18.7940964
              ],
              [
                72.919414,
                18.7945839
              ],
              [
                72.9200524,
                18.7951273
              ],
              [
                72.9207015,
                18.7956351
              ],
              [
                72.9212218,
                18.7961176
              ],
              [
                72.921651,
                18.7965391
              ],
              [
                72.9219514,
                18.7968489
              ],
              [
                72.9225898,
                18.7974532
              ],
              [
                72.9231423,
                18.7981235
              ],
              [
                72.9236895,
                18.7988091
              ],
              [
                72.9237056,
                18.7990528
              ],
              [
                72.9238182,
                18.7993982
              ],
              [
                72.9242849,
                18.800104
              ],
              [
                72.9245424,
                18.8003935
              ],
              [
                72.9253524,
                18.801333
              ],
              [
                72.9256475,
                18.8014193
              ],
              [
                72.9261732,
                18.8021658
              ],
              [
                72.9266238,
                18.8030037
              ],
              [
                72.9271924,
                18.8040752
              ],
              [
                72.9275089,
                18.804583
              ],
              [
                72.9277664,
                18.8048826
              ],
              [
                72.9279756,
                18.8052634
              ],
              [
                72.9281688,
                18.8055529
              ],
              [
                72.9286516,
                18.8064923
              ],
              [
                72.9289412,
                18.8071169
              ],
              [
                72.9296386,
                18.8087114
              ],
              [
                72.9302341,
                18.8102348
              ],
              [
                72.9311889,
                18.8125351
              ],
              [
                72.9316741,
                18.8133772
              ],
              [
                72.9322886,
                18.8148404
              ],
              [
                72.9324925,
                18.8151755
              ],
              [
                72.9327017,
                18.8154142
              ],
              [
                72.9330289,
                18.8157138
              ],
              [
                72.9333937,
                18.8157848
              ],
              [
                72.9335493,
                18.8158762
              ],
              [
                72.9337746,
                18.8161352
              ],
              [
                72.9337746,
                18.8164297
              ],
              [
                72.9342091,
                18.8177347
              ],
              [
                72.9350781,
                18.8193443
              ],
              [
                72.9360115,
                18.8211926
              ],
              [
                72.936902,
                18.8231525
              ],
              [
                72.9372561,
                18.8236196
              ],
              [
                72.9375565,
                18.823904
              ],
              [
                72.9381359,
                18.8247011
              ],
              [
                72.9393536,
                18.8272195
              ],
              [
                72.9400923,
                18.8281015
              ],
              [
                72.9409209,
                18.8287552
              ],
              [
                72.941521,
                18.8289848
              ],
              [
                72.9421968,
                18.8288995
              ],
              [
                72.9427632,
                18.828735
              ],
              [
                72.9432201,
                18.8283452
              ],
              [
                72.9435162,
                18.828071
              ],
              [
                72.9435905,
                18.8274658
              ],
              [
                72.9435226,
                18.8270903
              ],
              [
                72.9435226,
                18.8267309
              ],
              [
                72.9438186,
                18.8256223
              ],
              [
                72.9447128,
                18.8236921
              ],
              [
                72.9456722,
                18.8222901
              ],
              [
                72.9460004,
                18.821815
              ],
              [
                72.9467181,
                18.821546
              ],
              [
                72.9465179,
                18.8205566
              ],
              [
                72.9466214,
                18.8204299
              ],
              [
                72.9470945,
                18.8202494
              ],
              [
                72.9477574,
                18.8197377
              ],
              [
                72.9485815,
                18.8189312
              ],
              [
                72.9494693,
                18.8175325
              ],
              [
                72.9501201,
                18.8163292
              ],
              [
                72.9520694,
                18.8118
              ],
              [
                72.9542055,
                18.8072054
              ],
              [
                72.95481983516716,
                18.806112554871397
              ],
              [
                72.95268435758966,
                18.801615697723367
              ]
            ]
          ]
        ]
      },
      "properties": {
        "id": 6,
        "name": "Kalyan East",
        "zone": "North West",
        "area_km2": 71.78,
        "population": 79897,
        "density_per_km2": 1113,
        "lst_avg_celsius": 31.95,
        "ndvi_avg": 0.306,
        "slum_density": 0.35,
        "outdoor_labor_index": 0.18,
        "elderly_ratio": 0.09,
        "child_ratio": 0.07,
        "water_scarcity_index": 0.36,
        "tree_canopy_ratio": 0.46,
        "public_water_access": 0.64,
        "cool_roofs_ratio": 0.22,
        "risk_score": 36.9,
        "vulnerability": "Medium Risk"
      }
    },
    {
      "type": "Feature",
      "geometry": {
        "type": "Polygon",
        "coordinates": [
          [
            [
              73.08215633223554,
              19.04737328901355
            ],
            [
              73.19068823385246,
              18.89934450875284
            ],
            [
              73.1857752122922,
              18.884794597936878
            ],
            [
              73.1804465,
              18.8854981
            ],
            [
              73.1727217,
              18.8898834
            ],
            [
              73.1584738,
              18.8820873
            ],
            [
              73.1543539,
              18.8580468
            ],
            [
              73.1325529,
              18.8536607
            ],
            [
              73.1198923,
              18.8422669
            ],
            [
              73.1206031,
              18.8375578
            ],
            [
              73.1214472,
              18.8348668
            ],
            [
              73.1223801,
              18.8317133
            ],
            [
              73.1185841,
              18.8303472
            ],
            [
              73.10925,
              18.8277882
            ],
            [
              73.1026411,
              18.8218984
            ],
            [
              73.098049,
              18.8151554
            ],
            [
              73.0968474,
              18.8044308
            ],
            [
              73.1107519,
              18.8005308
            ],
            [
              73.1155585,
              18.8019933
            ],
            [
              73.1220816,
              18.7946806
            ],
            [
              73.10666179020528,
              18.79161380328603
            ],
            [
              73.0898066818062,
              18.797299984722304
            ],
            [
              73.0093431735061,
              18.938293540773458
            ],
            [
              73.08215633223554,
              19.04737328901355
            ]
          ]
        ]
      },
      "properties": {
        "id": 7,
        "name": "Kalyan West",
        "zone": "South West",
        "area_km2": 272.87,
        "population": 58390,
        "density_per_km2": 213,
        "lst_avg_celsius": 33.05,
        "ndvi_avg": 0.168,
        "slum_density": 0.4,
        "outdoor_labor_index": 0.3,
        "elderly_ratio": 0.084,
        "child_ratio": 0.138,
        "water_scarcity_index": 0.38,
        "tree_canopy_ratio": 0.25,
        "public_water_access": 0.62,
        "cool_roofs_ratio": 0.22,
        "risk_score": 61.0,
        "vulnerability": "High Risk"
      }
    },
    {
      "type": "Feature",
      "geometry": {
        "type": "MultiPolygon",
        "coordinates": [
          [
            [
              [
                72.84948506787254,
                18.97477651313617
              ],
              [
                72.8502124,
                18.974622
              ],
              [
                72.8505859,
                18.9745464
              ],
              [
                72.8513168,
                18.9743893
              ],
              [
                72.8515699,
                18.9743404
              ],
              [
                72.851808,
                18.9742897
              ],
              [
                72.8519554,
                18.9742631
              ],
              [
                72.8540801,
                18.9738278
              ],
              [
                72.8542026,
                18.9737898
              ],
              [
                72.8540814,
                18.9732646
              ],
              [
                72.8540882,
                18.9732623
              ],
              [
                72.854046,
                18.9730875
              ],
              [
                72.8540408,
                18.9730884
              ],
              [
                72.8539353,
                18.9726309
              ],
              [
                72.8536801,
                18.9720291
              ],
              [
                72.8532979,
                18.9721085
              ],
              [
                72.8529948,
                18.9721439
              ],
              [
                72.8527037,
                18.9721456
              ],
              [
                72.851954,
                18.9722465
              ],
              [
                72.8513313,
                18.9723159
              ],
              [
                72.8510419,
                18.9724331
              ],
              [
                72.8508435,
                18.9726444
              ],
              [
                72.8506283,
                18.9728117
              ],
              [
                72.850449,
                18.9728753
              ],
              [
                72.8497272,
                18.9730422
              ],
              [
                72.8496731,
                18.9727732
              ],
              [
                72.8498698,
                18.9726933
              ],
              [
                72.8499457,
                18.9726175
              ],
              [
                72.8500578,
                18.9723997
              ],
              [
                72.8500942,
                18.9722577
              ],
              [
                72.8500965,
                18.972077
              ],
              [
                72.8500348,
                18.9719503
              ],
              [
                72.8498864,
                18.97185
              ],
              [
                72.849837,
                18.9716632
              ],
              [
                72.849868,
                18.9714883
              ],
              [
                72.849985,
                18.9713472
              ],
              [
                72.8503177,
                18.9709951
              ],
              [
                72.8503831,
                18.9708315
              ],
              [
                72.8505196,
                18.9705099
              ],
              [
                72.8506185,
                18.9704344
              ],
              [
                72.8507978,
                18.9703707
              ],
              [
                72.8507573,
                18.9700239
              ],
              [
                72.8530006,
                18.9697196
              ],
              [
                72.8529791,
                18.9692918
              ],
              [
                72.8507227,
                18.9694357
              ],
              [
                72.8507141,
                18.9692899
              ],
              [
                72.8511378,
                18.9692633
              ],
              [
                72.8511558,
                18.9688933
              ],
              [
                72.8513528,
                18.9688956
              ],
              [
                72.8513601,
                18.9687596
              ],
              [
                72.8521531,
                18.9687153
              ],
              [
                72.8521676,
                18.9682295
              ],
              [
                72.8522999,
                18.9681918
              ],
              [
                72.8522965,
                18.9678077
              ],
              [
                72.851411,
                18.9678345
              ],
              [
                72.8514421,
                18.9672929
              ],
              [
                72.851235,
                18.9672833
              ],
              [
                72.8511861,
                18.9670187
              ],
              [
                72.8503823,
                18.9671618
              ],
              [
                72.8504149,
                18.9663406
              ],
              [
                72.8502569,
                18.9663593
              ],
              [
                72.8502568,
                18.9662397
              ],
              [
                72.8498271,
                18.9663367
              ],
              [
                72.8497787,
                18.9660378
              ],
              [
                72.8500541,
                18.9659865
              ],
              [
                72.8498653,
                18.9652867
              ],
              [
                72.8497256,
                18.9649984
              ],
              [
                72.8497342,
                18.9649794
              ],
              [
                72.8497252,
                18.9649471
              ],
              [
                72.8497098,
                18.9649339
              ],
              [
                72.8496952,
                18.9649355
              ],
              [
                72.8494324,
                18.9639239
              ],
              [
                72.8491349,
                18.962745
              ],
              [
                72.8487687,
                18.9612308
              ],
              [
                72.8486346,
                18.9607046
              ],
              [
                72.8485232,
                18.9602376
              ],
              [
                72.84839,
                18.9596625
              ],
              [
                72.8481795,
                18.9586773
              ],
              [
                72.848,
                18.957959
              ],
              [
                72.8496056,
                18.9573785
              ],
              [
                72.8505807,
                18.9579099
              ],
              [
                72.8507824,
                18.9588025
              ],
              [
                72.8510608,
                18.9587616
              ],
              [
                72.8508238,
                18.9577364
              ],
              [
                72.8505962,
                18.9577867
              ],
              [
                72.8498062,
                18.9572663
              ],
              [
                72.8495184,
                18.9558703
              ],
              [
                72.849105,
                18.9559624
              ],
              [
                72.8494352,
                18.9573016
              ],
              [
                72.8479547,
                18.9576874
              ],
              [
                72.8475614,
                18.9561692
              ],
              [
                72.8471966,
                18.9547093
              ],
              [
                72.8471787,
                18.9546654
              ],
              [
                72.8471518,
                18.9546246
              ],
              [
                72.8470987,
                18.9545645
              ],
              [
                72.8470427,
                18.9545204
              ],
              [
                72.8469734,
                18.9544747
              ],
              [
                72.8469034,
                18.9544396
              ],
              [
                72.8468767,
                18.9544319
              ],
              [
                72.8468523,
                18.9544315
              ],
              [
                72.8468227,
                18.9544332
              ],
              [
                72.8467955,
                18.9544399
              ],
              [
                72.846753,
                18.9542654
              ],
              [
                72.8470774,
                18.9541917
              ],
              [
                72.8470985,
                18.9541814
              ],
              [
                72.8471196,
                18.9541611
              ],
              [
                72.8471322,
                18.9541427
              ],
              [
                72.8471356,
                18.9541053
              ],
              [
                72.8471328,
                18.9540889
              ],
              [
                72.847126,
                18.9540714
              ],
              [
                72.8471123,
                18.954053
              ],
              [
                72.8470888,
                18.9540364
              ],
              [
                72.8470707,
                18.9540291
              ],
              [
                72.8470496,
                18.9540262
              ],
              [
                72.8467117,
                18.9540994
              ],
              [
                72.8466738,
                18.9539513
              ],
              [
                72.846708,
                18.9539433
              ],
              [
                72.8467481,
                18.9539165
              ],
              [
                72.8467689,
                18.9538946
              ],
              [
                72.8468077,
                18.9538349
              ],
              [
                72.8468535,
                18.9537495
              ],
              [
                72.8468946,
                18.9536583
              ],
              [
                72.8469128,
                18.9535627
              ],
              [
                72.846774,
                18.9530118
              ],
              [
                72.8466357,
                18.9524306
              ],
              [
                72.8465515,
                18.9520459
              ],
              [
                72.846606,
                18.9520232
              ],
              [
                72.8466323,
                18.9520196
              ],
              [
                72.8466549,
                18.9520081
              ],
              [
                72.8466725,
                18.9519929
              ],
              [
                72.8466923,
                18.9519493
              ],
              [
                72.8466908,
                18.9519281
              ],
              [
                72.8466772,
                18.951892
              ],
              [
                72.8466604,
                18.9518736
              ],
              [
                72.8466428,
                18.951864
              ],
              [
                72.8465122,
                18.9518389
              ],
              [
                72.8464908,
                18.951817
              ],
              [
                72.8463963,
                18.9514323
              ],
              [
                72.8463758,
                18.951326
              ],
              [
                72.8461855,
                18.9505697
              ],
              [
                72.8465048,
                18.9504397
              ],
              [
                72.8465419,
                18.9501188
              ],
              [
                72.8468218,
                18.9482093
              ],
              [
                72.8468076,
                18.9480288
              ],
              [
                72.8467307,
                18.9476046
              ],
              [
                72.8460021,
                18.9446722
              ],
              [
                72.8458364,
                18.9441059
              ],
              [
                72.8457549,
                18.9439546
              ],
              [
                72.8457384,
                18.9438644
              ],
              [
                72.8453541,
                18.9423526
              ],
              [
                72.8452242,
                18.9418711
              ],
              [
                72.8451727,
                18.9416636
              ],
              [
                72.8451364,
                18.9414254
              ],
              [
                72.844579,
                18.9392187
              ],
              [
                72.8444302,
                18.9386467
              ],
              [
                72.844261,
                18.9379565
              ],
              [
                72.8442416,
                18.9378514
              ],
              [
                72.8439702,
                18.9367395
              ],
              [
                72.8436592,
                18.9355211
              ],
              [
                72.8436434,
                18.9354822
              ],
              [
                72.8436308,
                18.9354628
              ],
              [
                72.843592,
                18.9354269
              ],
              [
                72.8435639,
                18.9354089
              ],
              [
                72.8435338,
                18.9353967
              ],
              [
                72.8435065,
                18.9353894
              ],
              [
                72.8434533,
                18.935385
              ],
              [
                72.8433938,
                18.9353986
              ],
              [
                72.8433588,
                18.9354148
              ],
              [
                72.8433166,
                18.935449
              ],
              [
                72.8432967,
                18.9354729
              ],
              [
                72.843272,
                18.9355177
              ],
              [
                72.8432582,
                18.9355964
              ],
              [
                72.8432527,
                18.9355964
              ],
              [
                72.8432514,
                18.935605
              ],
              [
                72.8429473,
                18.9355746
              ],
              [
                72.8429615,
                18.9355758
              ],
              [
                72.8429664,
                18.9355484
              ],
              [
                72.842962,
                18.9355473
              ],
              [
                72.8429633,
                18.9355374
              ],
              [
                72.8429688,
                18.9355374
              ],
              [
                72.8430426,
                18.9351353
              ],
              [
                72.8430997,
                18.9348253
              ],
              [
                72.8431534,
                18.9345266
              ],
              [
                72.8431817,
                18.9343954
              ],
              [
                72.8432761,
                18.9338428
              ],
              [
                72.8433256,
                18.9335778
              ],
              [
                72.8433297,
                18.9335704
              ],
              [
                72.8433541,
                18.9334195
              ],
              [
                72.843363,
                18.9333728
              ],
              [
                72.8434258,
                18.9332082
              ],
              [
                72.8436095,
                18.9322025
              ],
              [
                72.8437409,
                18.9314493
              ],
              [
                72.8437903,
                18.9312088
              ],
              [
                72.8442425,
                18.9290051
              ],
              [
                72.8440371,
                18.9289635
              ],
              [
                72.8440102,
                18.9291357
              ],
              [
                72.8429913,
                18.9289357
              ],
              [
                72.8425944,
                18.9313342
              ],
              [
                72.8424711,
                18.9319886
              ],
              [
                72.8424516,
                18.9320669
              ],
              [
                72.8423297,
                18.9327507
              ],
              [
                72.8422665,
                18.9331119
              ],
              [
                72.8422494,
                18.933138
              ],
              [
                72.8422377,
                18.9331484
              ],
              [
                72.8421905,
                18.9331721
              ],
              [
                72.8421782,
                18.9331742
              ],
              [
                72.8421672,
                18.9331708
              ],
              [
                72.842125,
                18.9331869
              ],
              [
                72.8412602,
                18.9333742
              ],
              [
                72.84098,
                18.9333252
              ],
              [
                72.8408132,
                18.9332891
              ],
              [
                72.8405714,
                18.9332067
              ],
              [
                72.840259,
                18.9330364
              ],
              [
                72.8400939,
                18.9328715
              ],
              [
                72.8400117,
                18.9327607
              ],
              [
                72.8399986,
                18.9325446
              ],
              [
                72.8401005,
                18.9320494
              ],
              [
                72.8403123,
                18.9310629
              ],
              [
                72.8402702,
                18.9309336
              ],
              [
                72.8398442,
                18.9306142
              ],
              [
                72.838554,
                18.929705
              ],
              [
                72.8375281,
                18.9289769
              ],
              [
                72.8369413,
                18.9293913
              ],
              [
                72.8371796,
                18.9288442
              ],
              [
                72.8371803,
                18.928832
              ],
              [
                72.8371887,
                18.9288337
              ],
              [
                72.837205,
                18.9287786
              ],
              [
                72.8372138,
                18.9287403
              ],
              [
                72.8372112,
                18.9287244
              ],
              [
                72.8371945,
                18.9287035
              ],
              [
                72.837162,
                18.9286898
              ],
              [
                72.8370918,
                18.9286681
              ],
              [
                72.8367704,
                18.9284548
              ],
              [
                72.8367625,
                18.928443
              ],
              [
                72.8362515,
                18.9281376
              ],
              [
                72.8362516,
                18.9281336
              ],
              [
                72.836237,
                18.9281267
              ],
              [
                72.8363073,
                18.9279556
              ],
              [
                72.8363161,
                18.9279647
              ],
              [
                72.8363104,
                18.9279725
              ],
              [
                72.8363472,
                18.9279939
              ],
              [
                72.8363592,
                18.9279786
              ],
              [
                72.8364309,
                18.9280184
              ],
              [
                72.8364545,
                18.9280164
              ],
              [
                72.8364747,
                18.9280023
              ],
              [
                72.8364817,
                18.9279777
              ],
              [
                72.8364752,
                18.9279563
              ],
              [
                72.8364529,
                18.927941
              ],
              [
                72.8364415,
                18.9279572
              ],
              [
                72.8363899,
                18.9279183
              ],
              [
                72.8363893,
                18.9279075
              ],
              [
                72.8363818,
                18.9278985
              ],
              [
                72.8364,
                18.9278841
              ],
              [
                72.8364644,
                18.9277751
              ],
              [
                72.8364869,
                18.9277754
              ],
              [
                72.8365197,
                18.9277907
              ],
              [
                72.8365444,
                18.9278058
              ],
              [
                72.8365366,
                18.9278192
              ],
              [
                72.8366508,
                18.9278878
              ],
              [
                72.8366738,
                18.9278841
              ],
              [
                72.8366824,
                18.9278795
              ],
              [
                72.8366905,
                18.9278685
              ],
              [
                72.8367151,
                18.9278281
              ],
              [
                72.8367083,
                18.9278239
              ],
              [
                72.8368648,
                18.927302
              ],
              [
                72.8368691,
                18.9273109
              ],
              [
                72.8379374,
                18.9277189
              ],
              [
                72.8383971,
                18.9267829
              ],
              [
                72.8392681,
                18.927182
              ],
              [
                72.8401587,
                18.9276081
              ],
              [
                72.8403435,
                18.9276956
              ],
              [
                72.8403592,
                18.9276988
              ],
              [
                72.8403878,
                18.9276878
              ],
              [
                72.8403952,
                18.9276784
              ],
              [
                72.8403978,
                18.9276532
              ],
              [
                72.8403941,
                18.9276406
              ],
              [
                72.840385,
                18.9276303
              ],
              [
                72.8400371,
                18.9274595
              ],
              [
                72.8392053,
                18.9270675
              ],
              [
                72.8378889,
                18.926466
              ],
              [
                72.8384454,
                18.9250608
              ],
              [
                72.838789,
                18.9242859
              ],
              [
                72.8400372,
                18.9216867
              ],
              [
                72.8402836,
                18.9215205
              ],
              [
                72.840207,
                18.9214185
              ],
              [
                72.8404252,
                18.9212477
              ],
              [
                72.8441819,
                18.9252216
              ],
              [
                72.8442074,
                18.9252024
              ],
              [
                72.8443252,
                18.9253494
              ],
              [
                72.844394,
                18.9255314
              ],
              [
                72.844403,
                18.92578
              ],
              [
                72.8443616,
                18.9259624
              ],
              [
                72.844376,
                18.926005
              ],
              [
                72.8444156,
                18.9260187
              ],
              [
                72.8444751,
                18.9259965
              ],
              [
                72.8445328,
                18.9257715
              ],
              [
                72.8445274,
                18.9255482
              ],
              [
                72.8444463,
                18.9252994
              ],
              [
                72.8443237,
                18.9251255
              ],
              [
                72.840466,
                18.9210519
              ],
              [
                72.8405111,
                18.920965
              ],
              [
                72.8400523,
                18.9204502
              ],
              [
                72.8395183,
                18.9202525
              ],
              [
                72.8389149,
                18.9202455
              ],
              [
                72.8385216,
                18.9202865
              ],
              [
                72.8380984,
                18.9204183
              ],
              [
                72.8375085,
                18.920849
              ],
              [
                72.834871,
                18.9236
              ],
              [
                72.8345035,
                18.9233298
              ],
              [
                72.8342645,
                18.9231461
              ],
              [
                72.8343916,
                18.922979
              ],
              [
                72.8344261,
                18.9229397
              ],
              [
                72.8349511,
                18.9229574
              ],
              [
                72.8349311,
                18.922942
              ],
              [
                72.8349445,
                18.9229335
              ],
              [
                72.8349541,
                18.9229193
              ],
              [
                72.8349567,
                18.9229038
              ],
              [
                72.8349525,
                18.9228928
              ],
              [
                72.8346631,
                18.9222677
              ],
              [
                72.8349,
                18.921992
              ],
              [
                72.8349079,
                18.9219759
              ],
              [
                72.8349056,
                18.9219515
              ],
              [
                72.8348917,
                18.9219356
              ],
              [
                72.8345065,
                18.9216429
              ],
              [
                72.8344913,
                18.921638
              ],
              [
                72.8344656,
                18.9216414
              ],
              [
                72.8344495,
                18.9216542
              ],
              [
                72.834221,
                18.9219305
              ],
              [
                72.8342096,
                18.9219308
              ],
              [
                72.8342016,
                18.9219409
              ],
              [
                72.8338953,
                18.9218888
              ],
              [
                72.8337292,
                18.9218673
              ],
              [
                72.8336909,
                18.9218517
              ],
              [
                72.8336638,
                18.9218247
              ],
              [
                72.83359,
                18.9216687
              ],
              [
                72.83331029701512,
                18.921040803148856
              ],
              [
                72.81984992681463,
                18.92757534478086
              ],
              [
                72.8198973,
                18.9276364
              ],
              [
                72.8202426,
                18.9280497
              ],
              [
                72.8204481,
                18.9282832
              ],
              [
                72.8210154,
                18.928954
              ],
              [
                72.8215046,
                18.9295742
              ],
              [
                72.8216478,
                18.9297699
              ],
              [
                72.8219483,
                18.9302519
              ],
              [
                72.8221752,
                18.9306718
              ],
              [
                72.8224371,
                18.9311864
              ],
              [
                72.8225423,
                18.9313981
              ],
              [
                72.8227625,
                18.9318958
              ],
              [
                72.8229035,
                18.9322449
              ],
              [
                72.8230406,
                18.9326173
              ],
              [
                72.8233966,
                18.9335972
              ],
              [
                72.8235314,
                18.934081
              ],
              [
                72.8235918,
                18.9343786
              ],
              [
                72.8236263,
                18.9345191
              ],
              [
                72.8236867,
                18.934796
              ],
              [
                72.823767,
                18.9352141
              ],
              [
                72.8238123,
                18.9354807
              ],
              [
                72.8238658,
                18.9358127
              ],
              [
                72.8239079,
                18.9361294
              ],
              [
                72.8239431,
                18.9365098
              ],
              [
                72.8239646,
                18.9368444
              ],
              [
                72.8239646,
                18.9368445
              ],
              [
                72.8239817,
                18.9372132
              ],
              [
                72.8239895,
                18.9375353
              ],
              [
                72.8239891,
                18.9378818
              ],
              [
                72.823978,
                18.9384316
              ],
              [
                72.8239626,
                18.9387039
              ],
              [
                72.8239451,
                18.9389288
              ],
              [
                72.8239143,
                18.9392367
              ],
              [
                72.8238807,
                18.9393766
              ],
              [
                72.8238761,
                18.9395152
              ],
              [
                72.8238421,
                18.9397279
              ],
              [
                72.8237818,
                18.9401512
              ],
              [
                72.8236718,
                18.940728
              ],
              [
                72.8236025,
                18.9410496
              ],
              [
                72.8235497,
                18.9414646
              ],
              [
                72.823492,
                18.9416568
              ],
              [
                72.823356,
                18.9421338
              ],
              [
                72.8232446,
                18.9424698
              ],
              [
                72.8231236,
                18.942816
              ],
              [
                72.8229948,
                18.9431621
              ],
              [
                72.8228228,
                18.9435821
              ],
              [
                72.8227146,
                18.9437792
              ],
              [
                72.8225837,
                18.9440688
              ],
              [
                72.8225898,
                18.9440688
              ],
              [
                72.8223646,
                18.944543
              ],
              [
                72.8220496,
                18.945144
              ],
              [
                72.82188461064229,
                18.945432112046568
              ],
              [
                72.84948506787254,
                18.97477651313617
              ]
            ]
          ],
          [
            [
              [
                72.85081496438444,
                18.97619043959135
              ],
              [
                72.8509093,
                18.9761716
              ],
              [
                72.8511799,
                18.9761175
              ],
              [
                72.8512022,
                18.9761163
              ],
              [
                72.8512145,
                18.9761266
              ],
              [
                72.8513028,
                18.9765371
              ],
              [
                72.8513149,
                18.9765735
              ],
              [
                72.8513356,
                18.9765761
              ],
              [
                72.8514634,
                18.9765525
              ],
              [
                72.851466,
                18.9765649
              ],
              [
                72.8523134,
                18.9763909
              ],
              [
                72.8537289,
                18.9761091
              ],
              [
                72.8539712,
                18.9760516
              ],
              [
                72.8542545,
                18.9759907
              ],
              [
                72.8555221,
                18.9757289
              ],
              [
                72.8558649,
                18.97566
              ],
              [
                72.8558667,
                18.9756664
              ],
              [
                72.8558997,
                18.9756596
              ],
              [
                72.8559048,
                18.975378
              ],
              [
                72.8554448,
                18.9745722
              ],
              [
                72.855433,
                18.9745587
              ],
              [
                72.8554197,
                18.9745525
              ],
              [
                72.8554069,
                18.9745519
              ],
              [
                72.8552591,
                18.9745928
              ],
              [
                72.8552611,
                18.9745987
              ],
              [
                72.8535534,
                18.9749586
              ],
              [
                72.853193,
                18.9750399
              ],
              [
                72.8525043,
                18.9751799
              ],
              [
                72.8512124,
                18.9754304
              ],
              [
                72.8512162,
                18.9754472
              ],
              [
                72.8510365,
                18.9754947
              ],
              [
                72.8509196,
                18.9750195
              ],
              [
                72.8509159,
                18.97501
              ],
              [
                72.8509083,
                18.9750043
              ],
              [
                72.8508928,
                18.9750034
              ],
              [
                72.8504588,
                18.9750977
              ],
              [
                72.8504291,
                18.9750777
              ],
              [
                72.8504069,
                18.9750691
              ],
              [
                72.84987342576947,
                18.97518940955303
              ],
              [
                72.85081496438444,
                18.97619043959135
              ]
            ]
          ],
          [
            [
              [
                72.85289143208624,
                18.978398109579672
              ],
              [
                72.8532053,
                18.9783404
              ],
              [
                72.854941,
                18.9780062
              ],
              [
                72.8556096,
                18.9778592
              ],
              [
                72.855637,
                18.9778498
              ],
              [
                72.855654,
                18.9778354
              ],
              [
                72.8556621,
                18.9778218
              ],
              [
                72.8556654,
                18.9778041
              ],
              [
                72.8556267,
                18.9776252
              ],
              [
                72.8554104,
                18.9767134
              ],
              [
                72.8553917,
                18.9766888
              ],
              [
                72.8553815,
                18.976682
              ],
              [
                72.8553709,
                18.9766775
              ],
              [
                72.8553443,
                18.9766748
              ],
              [
                72.8552871,
                18.9766843
              ],
              [
                72.8543941,
                18.9768766
              ],
              [
                72.8540001,
                18.9769566
              ],
              [
                72.853068,
                18.977155
              ],
              [
                72.852025,
                18.9773683
              ],
              [
                72.85193775904317,
                18.977384178395454
              ],
              [
                72.85289143208624,
                18.978398109579672
              ]
            ]
          ],
          [
            [
              [
                72.8595510493967,
                18.985478516974055
              ],
              [
                72.8596248,
                18.9853146
              ],
              [
                72.859843,
                18.9847915
              ],
              [
                72.8601051,
                18.9841838
              ],
              [
                72.8605243,
                18.9831875
              ],
              [
                72.8611201,
                18.9817936
              ],
              [
                72.8612014,
                18.981601
              ],
              [
                72.8608277,
                18.9812654
              ],
              [
                72.8595471,
                18.9800836
              ],
              [
                72.8594699,
                18.9800183
              ],
              [
                72.857692,
                18.9783549
              ],
              [
                72.85371189927787,
                18.97927041825743
              ],
              [
                72.8595510493967,
                18.985478516974055
              ]
            ]
          ],
          [
            [
              [
                72.88275210924604,
                19.010145543329575
              ],
              [
                72.94517040600321,
                19.0415711806195
              ],
              [
                72.9569742102192,
                19.042175339672056
              ],
              [
                72.956699,
                19.0417647
              ],
              [
                72.9561704,
                19.041165
              ],
              [
                72.9552485,
                19.0401482
              ],
              [
                72.9545766,
                19.0393977
              ],
              [
                72.9537803,
                19.0385282
              ],
              [
                72.9535219,
                19.0383412
              ],
              [
                72.954853,
                19.0375146
              ],
              [
                72.9539601,
                19.0363567
              ],
              [
                72.9538651,
                19.0363167
              ],
              [
                72.9537903,
                19.0362964
              ],
              [
                72.9535584,
                19.0362938
              ],
              [
                72.9534158,
                19.0362469
              ],
              [
                72.953241,
                19.0361115
              ],
              [
                72.953028,
                19.0359261
              ],
              [
                72.9528656,
                19.0357151
              ],
              [
                72.9528184,
                19.035581
              ],
              [
                72.952824,
                19.0351278
              ],
              [
                72.9528205,
                19.0349128
              ],
              [
                72.9523325,
                19.0333963
              ],
              [
                72.9515594,
                19.0309685
              ],
              [
                72.951523,
                19.0308778
              ],
              [
                72.9511156,
                19.0304905
              ],
              [
                72.9480784,
                19.0287061
              ],
              [
                72.9473179,
                19.0284116
              ],
              [
                72.9469993,
                19.0282697
              ],
              [
                72.9465911,
                19.0281085
              ],
              [
                72.9449108,
                19.0274242
              ],
              [
                72.9423873,
                19.0262138
              ],
              [
                72.9419032,
                19.0259893
              ],
              [
                72.9413184,
                19.0258298
              ],
              [
                72.9407287,
                19.0257158
              ],
              [
                72.9404469,
                19.0256548
              ],
              [
                72.9400699,
                19.0255637
              ],
              [
                72.9397411,
                19.0254361
              ],
              [
                72.9393003,
                19.0252327
              ],
              [
                72.93883,
                19.0249464
              ],
              [
                72.9385103,
                19.024794
              ],
              [
                72.9382639,
                19.0247966
              ],
              [
                72.9371664,
                19.0264981
              ],
              [
                72.937056,
                19.0264696
              ],
              [
                72.9366893,
                19.0263913
              ],
              [
                72.9357214,
                19.0262745
              ],
              [
                72.9353215,
                19.0261747
              ],
              [
                72.9349894,
                19.0260014
              ],
              [
                72.9335161,
                19.0253067
              ],
              [
                72.9332843,
                19.025124
              ],
              [
                72.9331309,
                19.0249209
              ],
              [
                72.9328154,
                19.023402
              ],
              [
                72.9325104,
                19.022837
              ],
              [
                72.9321379,
                19.0223242
              ],
              [
                72.9316184,
                19.0219899
              ],
              [
                72.9309981,
                19.0216968
              ],
              [
                72.9269457,
                19.0164901
              ],
              [
                72.9270555,
                19.0154665
              ],
              [
                72.9215434,
                19.0084065
              ],
              [
                72.920614,
                19.0071443
              ],
              [
                72.9196885,
                19.0053878
              ],
              [
                72.9180133,
                19.0028964
              ],
              [
                72.9155569,
                19.000272
              ],
              [
                72.9138129,
                18.9984767
              ],
              [
                72.9137156,
                18.9982369
              ],
              [
                72.9129533,
                18.9973978
              ],
              [
                72.9123368,
                18.9969326
              ],
              [
                72.9118082,
                18.9966689
              ],
              [
                72.9106193,
                18.9962354
              ],
              [
                72.9101998,
                18.9960779
              ],
              [
                72.9098796,
                18.9959979
              ],
              [
                72.9093083,
                18.9959437
              ],
              [
                72.9080043,
                18.9958908
              ],
              [
                72.9073735,
                18.9957691
              ],
              [
                72.9067445,
                18.9955138
              ],
              [
                72.9060367,
                18.9951334
              ],
              [
                72.9052301,
                18.9946279
              ],
              [
                72.9046747,
                18.9940965
              ],
              [
                72.9045253,
                18.9940089
              ],
              [
                72.9044453,
                18.9939889
              ],
              [
                72.9035895,
                18.9942084
              ],
              [
                72.9012311,
                18.9950026
              ],
              [
                72.9003453,
                18.9952121
              ],
              [
                72.8999035,
                18.9952358
              ],
              [
                72.8988292,
                18.9952713
              ],
              [
                72.8966411,
                18.9952941
              ],
              [
                72.8958192,
                18.9952084
              ],
              [
                72.895429,
                18.9951181
              ],
              [
                72.8937998,
                18.994584
              ],
              [
                72.8931784,
                18.9945197
              ],
              [
                72.8927363,
                18.9945624
              ],
              [
                72.8921443,
                18.9945446
              ],
              [
                72.8918302,
                18.994465
              ],
              [
                72.8914003,
                18.9943617
              ],
              [
                72.8912829,
                18.9943294
              ],
              [
                72.8905639,
                18.9939319
              ],
              [
                72.8902069,
                18.9937629
              ],
              [
                72.8898262,
                18.9935112
              ],
              [
                72.8891391,
                18.9929967
              ],
              [
                72.8879044,
                18.9917221
              ],
              [
                72.8875957,
                18.9916479
              ],
              [
                72.8874089,
                18.9917282
              ],
              [
                72.8872581,
                18.9919032
              ],
              [
                72.8871303,
                18.9922198
              ],
              [
                72.8870531,
                18.9924428
              ],
              [
                72.8869813,
                18.9932313
              ],
              [
                72.8869737,
                18.993832
              ],
              [
                72.8868363,
                18.9949025
              ],
              [
                72.8867257,
                18.9958201
              ],
              [
                72.8868428,
                18.9973294
              ],
              [
                72.8867833,
                18.998118
              ],
              [
                72.8864597,
                19.0011073
              ],
              [
                72.8861419,
                19.0025619
              ],
              [
                72.8860112,
                19.0038708
              ],
              [
                72.8858478,
                19.0052891
              ],
              [
                72.8855621,
                19.0058983
              ],
              [
                72.885381,
                19.0079432
              ],
              [
                72.8846812,
                19.0084783
              ],
              [
                72.88266689199926,
                19.010054941603375
              ],
              [
                72.88275210924604,
                19.010145543329575
              ]
            ]
          ],
          [
            [
              [
                73.08187699354602,
                19.04856829111852
              ],
              [
                73.08215633223554,
                19.04737328901355
              ],
              [
                73.0093431735061,
                18.938293540773458
              ],
              [
                72.93054435635192,
                18.87383704877053
              ],
              [
                72.91008663416561,
                18.883768561450438
              ],
              [
                72.9100622,
                18.8840073
              ],
              [
                72.9100228,
                18.8843753
              ],
              [
                72.9099551,
                18.8846813
              ],
              [
                72.9097959,
                18.8849699
              ],
              [
                72.9095732,
                18.8851913
              ],
              [
                72.9094197,
                18.8853272
              ],
              [
                72.9092506,
                18.8853832
              ],
              [
                72.9084896,
                18.8851913
              ],
              [
                72.9078358,
                18.8852606
              ],
              [
                72.9075201,
                18.8854526
              ],
              [
                72.907351,
                18.8859379
              ],
              [
                72.90805,
                18.8889617
              ],
              [
                72.9078865,
                18.8909776
              ],
              [
                72.9078809,
                18.8925934
              ],
              [
                72.9081063,
                18.8952438
              ],
              [
                72.9083543,
                18.8967744
              ],
              [
                72.908236,
                18.897217
              ],
              [
                72.9076498,
                18.8975209
              ],
              [
                72.907306,
                18.8977342
              ],
              [
                72.907103,
                18.8980115
              ],
              [
                72.9071763,
                18.89951
              ],
              [
                72.9072496,
                18.9004166
              ],
              [
                72.9075089,
                18.9011738
              ],
              [
                72.9082585,
                18.9023203
              ],
              [
                72.909166,
                18.9031255
              ],
              [
                72.909662,
                18.9035041
              ],
              [
                72.9098974,
                18.9041236
              ],
              [
                72.9101806,
                18.904144
              ],
              [
                72.9110091,
                18.9038187
              ],
              [
                72.9119364,
                18.9035148
              ],
              [
                72.9135287,
                18.9028962
              ],
              [
                72.9140895,
                18.9028696
              ],
              [
                72.9162314,
                18.9039867
              ],
              [
                72.9175222,
                18.9061064
              ],
              [
                72.9178773,
                18.9068956
              ],
              [
                72.9171332,
                18.9095058
              ],
              [
                72.9169021,
                18.910143
              ],
              [
                72.9168909,
                18.9102843
              ],
              [
                72.9169202,
                18.910382
              ],
              [
                72.9170139,
                18.9104766
              ],
              [
                72.91706,
                18.9104842
              ],
              [
                72.917215,
                18.9104443
              ],
              [
                72.9186044,
                18.9093491
              ],
              [
                72.9197675,
                18.9103442
              ],
              [
                72.920315,
                18.9107935
              ],
              [
                72.9207491,
                18.9108948
              ],
              [
                72.9212189,
                18.9109316
              ],
              [
                72.9212902,
                18.9112894
              ],
              [
                72.9214423,
                18.9116787
              ],
              [
                72.9220285,
                18.9121159
              ],
              [
                72.9230262,
                18.9117427
              ],
              [
                72.9240352,
                18.9112068
              ],
              [
                72.9243705,
                18.9111401
              ],
              [
                72.9243395,
                18.9109002
              ],
              [
                72.9246524,
                18.9108575
              ],
              [
                72.9249032,
                18.9106709
              ],
              [
                72.9249539,
                18.9110788
              ],
              [
                72.9249708,
                18.9113108
              ],
              [
                72.9251906,
                18.9112868
              ],
              [
                72.9252301,
                18.9116147
              ],
              [
                72.9259657,
                18.911556
              ],
              [
                72.9262193,
                18.9116147
              ],
              [
                72.926876,
                18.9115374
              ],
              [
                72.9269492,
                18.9114521
              ],
              [
                72.926969,
                18.9113188
              ],
              [
                72.9269718,
                18.9109802
              ],
              [
                72.9278454,
                18.9110495
              ],
              [
                72.9278426,
                18.9106869
              ],
              [
                72.9280117,
                18.9106416
              ],
              [
                72.9282005,
                18.9106389
              ],
              [
                72.9283076,
                18.9106362
              ],
              [
                72.9284457,
                18.9106922
              ],
              [
                72.9284373,
                18.9108342
              ],
              [
                72.928518,
                18.9108646
              ],
              [
                72.9285115,
                18.9109335
              ],
              [
                72.9286725,
                18.9109626
              ],
              [
                72.9286946,
                18.9109647
              ],
              [
                72.9287239,
                18.9109676
              ],
              [
                72.9288134,
                18.9105094
              ],
              [
                72.9290404,
                18.9105296
              ],
              [
                72.9290714,
                18.9102816
              ],
              [
                72.9291024,
                18.910151
              ],
              [
                72.929232,
                18.9101576
              ],
              [
                72.9293786,
                18.910103
              ],
              [
                72.9294899,
                18.9100603
              ],
              [
                72.9294603,
                18.9099937
              ],
              [
                72.9297464,
                18.9099244
              ],
              [
                72.9297971,
                18.9100457
              ],
              [
                72.92999,
                18.9099679
              ],
              [
                72.9299535,
                18.9098764
              ],
              [
                72.9301043,
                18.909823
              ],
              [
                72.9302381,
                18.9097404
              ],
              [
                72.9302861,
                18.9095351
              ],
              [
                72.9303551,
                18.9095498
              ],
              [
                72.930507,
                18.9085248
              ],
              [
                72.930613,
                18.9080487
              ],
              [
                72.9305002,
                18.908026
              ],
              [
                72.93062,
                18.9075901
              ],
              [
                72.9307271,
                18.9074075
              ],
              [
                72.9307976,
                18.9071409
              ],
              [
                72.9310132,
                18.9071942
              ],
              [
                72.9310568,
                18.9070475
              ],
              [
                72.9310864,
                18.9067143
              ],
              [
                72.9313401,
                18.9067036
              ],
              [
                72.9318417,
                18.9064263
              ],
              [
                72.9323772,
                18.9060477
              ],
              [
                72.9330649,
                18.9054238
              ],
              [
                72.9333974,
                18.904576
              ],
              [
                72.9337131,
                18.904528
              ],
              [
                72.934103,
                18.9045048
              ],
              [
                72.9365933,
                18.9022883
              ],
              [
                72.937281,
                18.9014724
              ],
              [
                72.9372415,
                18.9005286
              ],
              [
                72.9375177,
                18.9003312
              ],
              [
                72.9382054,
                18.9008005
              ],
              [
                72.9391861,
                18.8999473
              ],
              [
                72.9395716,
                18.8992456
              ],
              [
                72.940473,
                18.8982373
              ],
              [
                72.9413009,
                18.8983845
              ],
              [
                72.9422476,
                18.8985633
              ],
              [
                72.9424553,
                18.89951
              ],
              [
                72.942754,
                18.9001873
              ],
              [
                72.943019,
                18.9005232
              ],
              [
                72.9432106,
                18.9009232
              ],
              [
                72.9431542,
                18.9010352
              ],
              [
                72.9429175,
                18.9010671
              ],
              [
                72.9428837,
                18.9012058
              ],
              [
                72.9426695,
                18.9017017
              ],
              [
                72.9424609,
                18.9027629
              ],
              [
                72.9424356,
                18.9031255
              ],
              [
                72.942833,
                18.9044213
              ],
              [
                72.9425962,
                18.9051412
              ],
              [
                72.9424328,
                18.9057598
              ],
              [
                72.942196,
                18.9061277
              ],
              [
                72.9419987,
                18.9062557
              ],
              [
                72.941948,
                18.9064157
              ],
              [
                72.9421228,
                18.9069916
              ],
              [
                72.9423031,
                18.9073275
              ],
              [
                72.9423283,
                18.9075231
              ],
              [
                72.9422918,
                18.9077914
              ],
              [
                72.942382,
                18.90817
              ],
              [
                72.9425666,
                18.9086499
              ],
              [
                72.9427531,
                18.9087099
              ],
              [
                72.9429696,
                18.9086646
              ],
              [
                72.9437094,
                18.9083486
              ],
              [
                72.9438306,
                18.9083353
              ],
              [
                72.9438884,
                18.9083486
              ],
              [
                72.9439518,
                18.9083753
              ],
              [
                72.944817,
                18.9091565
              ],
              [
                72.9448846,
                18.9098124
              ],
              [
                72.9451068,
                18.9102527
              ],
              [
                72.9453356,
                18.9104469
              ],
              [
                72.9456456,
                18.9105909
              ],
              [
                72.9459049,
                18.9106069
              ],
              [
                72.9461303,
                18.9104629
              ],
              [
                72.9462825,
                18.9102123
              ],
              [
                72.9464741,
                18.9100843
              ],
              [
                72.9475169,
                18.9103403
              ],
              [
                72.9481087,
                18.9105642
              ],
              [
                72.9490557,
                18.9105856
              ],
              [
                72.9495404,
                18.9104416
              ],
              [
                72.9501266,
                18.909951
              ],
              [
                72.9504817,
                18.9099137
              ],
              [
                72.9507798,
                18.9098237
              ],
              [
                72.9516613,
                18.9089199
              ],
              [
                72.9522857,
                18.9088366
              ],
              [
                72.9532725,
                18.9089772
              ],
              [
                72.9540092,
                18.9089389
              ],
              [
                72.9544283,
                18.9090795
              ],
              [
                72.9548879,
                18.9091499
              ],
              [
                72.9553475,
                18.9090923
              ],
              [
                72.9558746,
                18.9089453
              ],
              [
                72.9563748,
                18.9087535
              ],
              [
                72.956863,
                18.9089864
              ],
              [
                72.9571047,
                18.9089517
              ],
              [
                72.9572931,
                18.9091957
              ],
              [
                72.9565302,
                18.9099299
              ],
              [
                72.9560639,
                18.9103328
              ],
              [
                72.9559287,
                18.9106205
              ],
              [
                72.9555057,
                18.9112424
              ],
              [
                72.9562154,
                18.9110482
              ],
              [
                72.9565955,
                18.9112772
              ],
              [
                72.9563941,
                18.9120549
              ],
              [
                72.9570719,
                18.9123185
              ],
              [
                72.9576059,
                18.9128402
              ],
              [
                72.9582138,
                18.9133986
              ],
              [
                72.958645,
                18.9141891
              ],
              [
                72.9591852,
                18.916242
              ],
              [
                72.9595499,
                18.9167722
              ],
              [
                72.9599089,
                18.9170759
              ],
              [
                72.9598718,
                18.9174043
              ],
              [
                72.9594536,
                18.9178192
              ],
              [
                72.9589125,
                18.9183191
              ],
              [
                72.9587702,
                18.9194165
              ],
              [
                72.9577504,
                18.922241
              ],
              [
                72.9567756,
                18.9235825
              ],
              [
                72.9555793,
                18.9245654
              ],
              [
                72.9557579,
                18.925387
              ],
              [
                72.9540076,
                18.9263636
              ],
              [
                72.9528697,
                18.9259159
              ],
              [
                72.946586,
                18.9314731
              ],
              [
                72.9479635,
                18.93282
              ],
              [
                72.9462544,
                18.9346026
              ],
              [
                72.9460028,
                18.9347349
              ],
              [
                72.9456315,
                18.9346691
              ],
              [
                72.9442142,
                18.9347217
              ],
              [
                72.9429843,
                18.9347555
              ],
              [
                72.9420262,
                18.934531
              ],
              [
                72.9416088,
                18.9341865
              ],
              [
                72.9394801,
                18.9308828
              ],
              [
                72.9374964,
                18.9307297
              ],
              [
                72.9347104,
                18.9274877
              ],
              [
                72.9336689,
                18.9282995
              ],
              [
                72.9324483,
                18.9279726
              ],
              [
                72.9300367,
                18.9253564
              ],
              [
                72.927459,
                18.9276601
              ],
              [
                72.9339886,
                18.9344399
              ],
              [
                72.9340819,
                18.934541
              ],
              [
                72.937041,
                18.9376703
              ],
              [
                72.9385998,
                18.9393744
              ],
              [
                72.9387299,
                18.9395155
              ],
              [
                72.9402486,
                18.9410811
              ],
              [
                72.9402958,
                18.941137
              ],
              [
                72.9403436,
                18.9411841
              ],
              [
                72.9405926,
                18.9410095
              ],
              [
                72.9410663,
                18.9415732
              ],
              [
                72.9411604,
                18.9416852
              ],
              [
                72.9412665,
                18.9418004
              ],
              [
                72.9416609,
                18.9422306
              ],
              [
                72.9417713,
                18.9423514
              ],
              [
                72.9420849,
                18.9427113
              ],
              [
                72.9423463,
                18.9426042
              ],
              [
                72.9430446,
                18.9419735
              ],
              [
                72.9439638,
                18.9410623
              ],
              [
                72.9441145,
                18.94076
              ],
              [
                72.9441601,
                18.9404175
              ],
              [
                72.9445753,
                18.9401419
              ],
              [
                72.944777,
                18.9396869
              ],
              [
                72.9450452,
                18.9396463
              ],
              [
                72.9452702,
                18.9393446
              ],
              [
                72.9454013,
                18.9390016
              ],
              [
                72.9457963,
                18.9387501
              ],
              [
                72.945968,
                18.9387989
              ],
              [
                72.9460683,
                18.938983
              ],
              [
                72.9452736,
                18.9403691
              ],
              [
                72.9449974,
                18.9409076
              ],
              [
                72.9447126,
                18.9408742
              ],
              [
                72.9446,
                18.9410061
              ],
              [
                72.9445915,
                18.9411475
              ],
              [
                72.9442086,
                18.9413082
              ],
              [
                72.9440401,
                18.941445
              ],
              [
                72.943967,
                18.9417621
              ],
              [
                72.944011,
                18.9421124
              ],
              [
                72.9438179,
                18.9426722
              ],
              [
                72.9432923,
                18.9430934
              ],
              [
                72.9430119,
                18.9433173
              ],
              [
                72.9423947,
                18.943148
              ],
              [
                72.9423567,
                18.94318
              ],
              [
                72.9423341,
                18.943248
              ],
              [
                72.9422665,
                18.9433226
              ],
              [
                72.9421213,
                18.943312
              ],
              [
                72.9420453,
                18.943284
              ],
              [
                72.9419917,
                18.9432947
              ],
              [
                72.941817,
                18.9434319
              ],
              [
                72.9416211,
                18.9435506
              ],
              [
                72.9414943,
                18.9436692
              ],
              [
                72.9414365,
                18.9437345
              ],
              [
                72.9414267,
                18.9437985
              ],
              [
                72.9414281,
                18.9438344
              ],
              [
                72.9414478,
                18.9438731
              ],
              [
                72.9414774,
                18.9439051
              ],
              [
                72.9415239,
                18.9439315
              ],
              [
                72.9417476,
                18.9437788
              ],
              [
                72.9418105,
                18.9437866
              ],
              [
                72.9418053,
                18.9438707
              ],
              [
                72.9419008,
                18.9438929
              ],
              [
                72.9419822,
                18.9439918
              ],
              [
                72.941946,
                18.9440583
              ],
              [
                72.9424152,
                18.943802
              ],
              [
                72.9426494,
                18.9438777
              ],
              [
                72.9426792,
                18.9439193
              ],
              [
                72.9428098,
                18.9440999
              ],
              [
                72.9441925,
                18.9459613
              ],
              [
                72.9444578,
                18.9464326
              ],
              [
                72.9448199,
                18.9469273
              ],
              [
                72.9451418,
                18.9473535
              ],
              [
                72.9454717,
                18.9476985
              ],
              [
                72.9454804,
                18.9477334
              ],
              [
                72.9454811,
                18.9477921
              ],
              [
                72.9455527,
                18.9479039
              ],
              [
                72.9473607,
                18.9517363
              ],
              [
                72.9482167,
                18.95137
              ],
              [
                72.9480969,
                18.9514944
              ],
              [
                72.9481325,
                18.9516331
              ],
              [
                72.9483615,
                18.952323
              ],
              [
                72.948347,
                18.9523993
              ],
              [
                72.9482961,
                18.9524551
              ],
              [
                72.9479635,
                18.9526174
              ],
              [
                72.947944,
                18.9526422
              ],
              [
                72.947942,
                18.9526745
              ],
              [
                72.9480299,
                18.9528248
              ],
              [
                72.948114,
                18.9528933
              ],
              [
                72.948221,
                18.9530335
              ],
              [
                72.9517239,
                18.9603748
              ],
              [
                72.95174,
                18.9606005
              ],
              [
                72.9518151,
                18.9621378
              ],
              [
                72.9518205,
                18.9625944
              ],
              [
                72.9518259,
                18.9636141
              ],
              [
                72.9519868,
                18.9644461
              ],
              [
                72.9520445,
                18.9650346
              ],
              [
                72.9520605,
                18.9650879
              ],
              [
                72.9521048,
                18.9651246
              ],
              [
                72.9521464,
                18.9651285
              ],
              [
                72.9521933,
                18.9651158
              ],
              [
                72.9522818,
                18.9650929
              ],
              [
                72.9523328,
                18.965027
              ],
              [
                72.9521584,
                18.9642533
              ],
              [
                72.9521263,
                18.9640301
              ],
              [
                72.9521731,
                18.9636241
              ],
              [
                72.9537607,
                18.964115
              ],
              [
                72.9539216,
                18.9642976
              ],
              [
                72.9541147,
                18.964389
              ],
              [
                72.9545295,
                18.964545
              ],
              [
                72.9548594,
                18.9647251
              ],
              [
                72.9552805,
                18.9650828
              ],
              [
                72.9554924,
                18.9653694
              ],
              [
                72.9555085,
                18.9661431
              ],
              [
                72.9556051,
                18.9667848
              ],
              [
                72.9556426,
                18.967561
              ],
              [
                72.9556695,
                18.9679288
              ],
              [
                72.9556105,
                18.9680481
              ],
              [
                72.9555139,
                18.9681368
              ],
              [
                72.9552305,
                18.9684171
              ],
              [
                72.954855,
                18.9687316
              ],
              [
                72.9545439,
                18.9690461
              ],
              [
                72.9542989,
                18.9693924
              ],
              [
                72.954095,
                18.969745
              ],
              [
                72.9539984,
                18.9699708
              ],
              [
                72.9539314,
                18.9701813
              ],
              [
                72.9538161,
                18.9704552
              ],
              [
                72.9537544,
                18.9705795
              ],
              [
                72.9537061,
                18.9706556
              ],
              [
                72.9536346,
                18.9707355
              ],
              [
                72.9535836,
                18.9707583
              ],
              [
                72.9536739,
                18.970889
              ],
              [
                72.9537946,
                18.9710564
              ],
              [
                72.9539072,
                18.9712492
              ],
              [
                72.954036,
                18.9714343
              ],
              [
                72.9541379,
                18.9715739
              ],
              [
                72.9542291,
                18.9717235
              ],
              [
                72.9544598,
                18.972071
              ],
              [
                72.9546449,
                18.9723652
              ],
              [
                72.9548889,
                18.9727254
              ],
              [
                72.9550874,
                18.9730019
              ],
              [
                72.9552323,
                18.973149
              ],
              [
                72.9553583,
                18.9732835
              ],
              [
                72.9554763,
                18.9733824
              ],
              [
                72.9567182,
                18.9739835
              ],
              [
                72.9568443,
                18.9737273
              ],
              [
                72.9569113,
                18.9736107
              ],
              [
                72.9570186,
                18.9734255
              ],
              [
                72.9571205,
                18.9733342
              ],
              [
                72.9573619,
                18.9733266
              ],
              [
                72.9575202,
                18.9733393
              ],
              [
                72.9576892,
                18.9734027
              ],
              [
                72.9578313,
                18.9735067
              ],
              [
                72.9579332,
                18.9735371
              ],
              [
                72.9580486,
                18.9735092
              ],
              [
                72.9582346,
                18.9733886
              ],
              [
                72.9584187,
                18.9732733
              ],
              [
                72.9586977,
                18.9730171
              ],
              [
                72.9590222,
                18.9728396
              ],
              [
                72.9591628,
                18.9728595
              ],
              [
                72.9593709,
                18.9729256
              ],
              [
                72.9595014,
                18.9730145
              ],
              [
                72.9595694,
                18.973066
              ],
              [
                72.9596544,
                18.9731175
              ],
              [
                72.9595006,
                18.9734089
              ],
              [
                72.9594684,
                18.9735003
              ],
              [
                72.9595399,
                18.9735701
              ],
              [
                72.9596401,
                18.9735611
              ],
              [
                72.9597732,
                18.9734635
              ],
              [
                72.9599315,
                18.9732556
              ],
              [
                72.9601487,
                18.9729715
              ],
              [
                72.9604277,
                18.9725453
              ],
              [
                72.9609051,
                18.9718732
              ],
              [
                72.9610875,
                18.9715257
              ],
              [
                72.9612649,
                18.9715946
              ],
              [
                72.9621014,
                18.9704527
              ],
              [
                72.9619539,
                18.9703436
              ],
              [
                72.9626334,
                18.9693404
              ],
              [
                72.9631111,
                18.9685161
              ],
              [
                72.963717,
                18.9680822
              ],
              [
                72.9643115,
                18.9676371
              ],
              [
                72.9650706,
                18.9671248
              ],
              [
                72.9655373,
                18.9668102
              ],
              [
                72.966637,
                18.9667367
              ],
              [
                72.9666209,
                18.9669142
              ],
              [
                72.9677957,
                18.9672769
              ],
              [
                72.9679164,
                18.9673087
              ],
              [
                72.967907,
                18.9673454
              ],
              [
                72.9680049,
                18.9673695
              ],
              [
                72.9680398,
                18.9673378
              ],
              [
                72.9681337,
                18.967386
              ],
              [
                72.9682517,
                18.9675154
              ],
              [
                72.9682973,
                18.967627
              ],
              [
                72.9683509,
                18.9677031
              ],
              [
                72.9683898,
                18.967717
              ],
              [
                72.9684368,
                18.9677132
              ],
              [
                72.9684609,
                18.9676701
              ],
              [
                72.9684609,
                18.9676092
              ],
              [
                72.9683858,
                18.9675052
              ],
              [
                72.968372,
                18.9673132
              ],
              [
                72.9692728,
                18.9668143
              ],
              [
                72.9695311,
                18.9663562
              ],
              [
                72.9698181,
                18.9663739
              ],
              [
                72.9703009,
                18.9662141
              ],
              [
                72.9710868,
                18.9658083
              ],
              [
                72.9718459,
                18.9650397
              ],
              [
                72.9721194,
                18.9646795
              ],
              [
                72.9726773,
                18.9637409
              ],
              [
                72.9732299,
                18.9636395
              ],
              [
                72.9747319,
                18.9638678
              ],
              [
                72.9778111,
                18.9635989
              ],
              [
                72.980327,
                18.9644765
              ],
              [
                72.9837593,
                18.9674934
              ],
              [
                72.9841465,
                18.9677893
              ],
              [
                72.985096,
                18.9694026
              ],
              [
                72.9851335,
                18.9703411
              ],
              [
                72.9851436,
                18.9710995
              ],
              [
                72.9851603,
                18.9714115
              ],
              [
                72.9852837,
                18.9717007
              ],
              [
                72.9854339,
                18.9718377
              ],
              [
                72.9856187,
                18.9717631
              ],
              [
                72.9868019,
                18.9694635
              ],
              [
                72.9882449,
                18.969012
              ],
              [
                72.9899025,
                18.9683271
              ],
              [
                72.9907715,
                18.9683068
              ],
              [
                72.9944944,
                18.9685249
              ],
              [
                72.9956961,
                18.9687837
              ],
              [
                72.9971444,
                18.9692149
              ],
              [
                72.999773,
                18.9701991
              ],
              [
                73.0029273,
                18.972208
              ],
              [
                73.0033833,
                18.9739582
              ],
              [
                73.0030453,
                18.9748408
              ],
              [
                73.0031687,
                18.9750133
              ],
              [
                73.0043381,
                18.9753228
              ],
              [
                73.004483,
                18.9754851
              ],
              [
                73.0044991,
                18.9756576
              ],
              [
                73.0054432,
                18.9763678
              ],
              [
                73.005926,
                18.9764895
              ],
              [
                73.007369,
                18.9766772
              ],
              [
                73.0085814,
                18.9767533
              ],
              [
                73.0100942,
                18.9769715
              ],
              [
                73.0112851,
                18.9773418
              ],
              [
                73.0125081,
                18.9780114
              ],
              [
                73.0139726,
                18.9791731
              ],
              [
                73.0156141,
                18.9805021
              ],
              [
                73.0161023,
                18.9809739
              ],
              [
                73.0167031,
                18.9818718
              ],
              [
                73.0173093,
                18.9827544
              ],
              [
                73.0171819,
                18.9841481
              ],
              [
                73.0170867,
                18.9842483
              ],
              [
                73.0170357,
                18.9848963
              ],
              [
                73.0170974,
                18.9851563
              ],
              [
                73.0170223,
                18.9859147
              ],
              [
                73.0172637,
                18.9862089
              ],
              [
                73.0176526,
                18.9865944
              ],
              [
                73.0178672,
                18.986777
              ],
              [
                73.018114,
                18.9868176
              ],
              [
                73.0187041,
                18.9867212
              ],
              [
                73.0189669,
                18.9868708
              ],
              [
                73.0198037,
                18.9876013
              ],
              [
                73.020713,
                18.9888314
              ],
              [
                73.0209142,
                18.9890317
              ],
              [
                73.0208391,
                18.9891814
              ],
              [
                73.0210242,
                18.9899321
              ],
              [
                73.0211931,
                18.9901933
              ],
              [
                73.0214319,
                18.9904673
              ],
              [
                73.021692,
                18.9906397
              ],
              [
                73.0220541,
                18.9908096
              ],
              [
                73.0226362,
                18.9908401
              ],
              [
                73.0229983,
                18.9905281
              ],
              [
                73.0231726,
                18.9905915
              ],
              [
                73.0234596,
                18.9911394
              ],
              [
                73.0236903,
                18.9912028
              ],
              [
                73.0238566,
                18.9911825
              ],
              [
                73.0240121,
                18.9911115
              ],
              [
                73.0246934,
                18.9902212
              ],
              [
                73.0256329,
                18.9896132
              ],
              [
                73.0265039,
                18.9888923
              ],
              [
                73.0283868,
                18.9884966
              ],
              [
                73.0286837,
                18.9885744
              ],
              [
                73.0288948,
                18.988774
              ],
              [
                73.0290022,
                18.9890566
              ],
              [
                73.0291754,
                18.9897039
              ],
              [
                73.0291218,
                18.9900995
              ],
              [
                73.0290466,
                18.9904952
              ],
              [
                73.029103,
                18.9914615
              ],
              [
                73.0293433,
                18.9919437
              ],
              [
                73.0296792,
                18.9922553
              ],
              [
                73.030537,
                18.992978
              ],
              [
                73.0308289,
                18.9933927
              ],
              [
                73.0309545,
                18.9937899
              ],
              [
                73.0309593,
                18.9940903
              ],
              [
                73.0309501,
                18.9942941
              ],
              [
                73.0309457,
                18.9943907
              ],
              [
                73.0310368,
                18.9947712
              ],
              [
                73.0311254,
                18.9948473
              ],
              [
                73.0312782,
                18.9948802
              ],
              [
                73.032466,
                18.994316
              ],
              [
                73.032589,
                18.9944301
              ],
              [
                73.0326084,
                18.9945825
              ],
              [
                73.0312943,
                18.9952353
              ],
              [
                73.0312568,
                18.9953697
              ],
              [
                73.0313131,
                18.9954686
              ],
              [
                73.0314445,
                18.9955422
              ],
              [
                73.0317825,
                18.9961153
              ],
              [
                73.0319059,
                18.996374
              ],
              [
                73.0319595,
                18.9966226
              ],
              [
                73.0320668,
                18.9970943
              ],
              [
                73.0319917,
                18.9973581
              ],
              [
                73.0320454,
                18.9979363
              ],
              [
                73.0322251,
                18.9986109
              ],
              [
                73.032394,
                18.9986565
              ],
              [
                73.0326515,
                18.9984587
              ],
              [
                73.0328822,
                18.9987427
              ],
              [
                73.0321526,
                18.9993362
              ],
              [
                73.0323833,
                18.9996355
              ],
              [
                73.0323994,
                18.9999398
              ],
              [
                73.0323297,
                19.0002745
              ],
              [
                73.0323297,
                19.0006144
              ],
              [
                73.03251,
                19.0009896
              ],
              [
                73.0326073,
                19.0011177
              ],
              [
                73.0327063,
                19.0012294
              ],
              [
                73.0326734,
                19.0013207
              ],
              [
                73.0326416,
                19.0014186
              ],
              [
                73.0318905,
                19.0025352
              ],
              [
                73.0311142,
                19.0036891
              ],
              [
                73.0310012,
                19.0036885
              ],
              [
                73.0309417,
                19.0037211
              ],
              [
                73.0309028,
                19.0037571
              ],
              [
                73.0308435,
                19.0038467
              ],
              [
                73.0307679,
                19.0039093
              ],
              [
                73.0306723,
                19.0039122
              ],
              [
                73.0303873,
                19.0038385
              ],
              [
                73.0301249,
                19.0037565
              ],
              [
                73.0299069,
                19.003624
              ],
              [
                73.02974,
                19.0034649
              ],
              [
                73.0294248,
                19.0030705
              ],
              [
                73.0292846,
                19.0029124
              ],
              [
                73.02893,
                19.0025126
              ],
              [
                73.0288115,
                19.0023866
              ],
              [
                73.0287037,
                19.0022354
              ],
              [
                73.0286147,
                19.0021442
              ],
              [
                73.0283535,
                19.001953
              ],
              [
                73.0281498,
                19.0018606
              ],
              [
                73.0279548,
                19.0018494
              ],
              [
                73.0277659,
                19.0019081
              ],
              [
                73.0274874,
                19.0020625
              ],
              [
                73.027,
                19.0023363
              ],
              [
                73.0263767,
                19.0025672
              ],
              [
                73.0264667,
                19.0028579
              ],
              [
                73.0261945,
                19.0029691
              ],
              [
                73.0259984,
                19.0028462
              ],
              [
                73.0257324,
                19.002785
              ],
              [
                73.024681,
                19.0025329
              ],
              [
                73.024483,
                19.0026543
              ],
              [
                73.0242605,
                19.0026369
              ],
              [
                73.0241434,
                19.0026191
              ],
              [
                73.023697,
                19.0025515
              ],
              [
                73.0231433,
                19.0024675
              ],
              [
                73.0226503,
                19.0021678
              ],
              [
                73.0221497,
                19.0019534
              ],
              [
                73.0213689,
                19.0016262
              ],
              [
                73.0212644,
                19.0016008
              ],
              [
                73.0211531,
                19.0016147
              ],
              [
                73.0209872,
                19.0016575
              ],
              [
                73.0208273,
                19.0016641
              ],
              [
                73.0206687,
                19.0016428
              ],
              [
                73.0205398,
                19.0015916
              ],
              [
                73.020425,
                19.0014828
              ],
              [
                73.0203256,
                19.0013534
              ],
              [
                73.0202694,
                19.0011744
              ],
              [
                73.0202631,
                19.0011039
              ],
              [
                73.020276,
                19.0010733
              ],
              [
                73.0203118,
                19.0010408
              ],
              [
                73.0203306,
                19.0010174
              ],
              [
                73.0203009,
                19.0009755
              ],
              [
                73.0202554,
                19.0009415
              ],
              [
                73.0202171,
                19.0009228
              ],
              [
                73.0201823,
                19.0009444
              ],
              [
                73.0201597,
                19.000993
              ],
              [
                73.0201145,
                19.0010708
              ],
              [
                73.0200642,
                19.0011391
              ],
              [
                73.0200513,
                19.0012192
              ],
              [
                73.0203285,
                19.0019384
              ],
              [
                73.0198852,
                19.0020513
              ],
              [
                73.0197423,
                19.0015686
              ],
              [
                73.0189347,
                18.9997217
              ],
              [
                73.0181389,
                18.9991855
              ],
              [
                73.0172673,
                18.9988668
              ],
              [
                73.0169008,
                18.9987197
              ],
              [
                73.0166924,
                18.9987123
              ],
              [
                73.0161935,
                18.9984536
              ],
              [
                73.0158608,
                18.9984606
              ],
              [
                73.0140419,
                18.9984479
              ],
              [
                73.0125202,
                18.9985616
              ],
              [
                73.0118476,
                18.9985428
              ],
              [
                73.0095202,
                18.9988391
              ],
              [
                73.0085492,
                18.9992703
              ],
              [
                73.0086565,
                18.9995543
              ],
              [
                73.0069721,
                19.0004216
              ],
              [
                73.0062962,
                19.000868
              ],
              [
                73.0061567,
                19.0011622
              ],
              [
                73.0058941,
                19.0014419
              ],
              [
                73.0057633,
                19.0015812
              ],
              [
                73.00569,
                19.0016592
              ],
              [
                73.0049711,
                19.0014208
              ],
              [
                73.0038983,
                19.0013955
              ],
              [
                73.0027878,
                19.000797
              ],
              [
                73.002651,
                19.0008274
              ],
              [
                73.0026108,
                19.0009491
              ],
              [
                73.0027664,
                19.0021867
              ],
              [
                73.002364,
                19.002912
              ],
              [
                73.0023265,
                19.0038808
              ],
              [
                73.0021763,
                19.0048952
              ],
              [
                73.0014574,
                19.0062291
              ],
              [
                73.001259,
                19.0072689
              ],
              [
                73.0012375,
                19.0088868
              ],
              [
                73.001436,
                19.01017
              ],
              [
                73.0012429,
                19.0117524
              ],
              [
                73.0012246,
                19.0123191
              ],
              [
                73.0012033,
                19.0127498
              ],
              [
                73.0011096,
                19.0131081
              ],
              [
                73.0009095,
                19.0136112
              ],
              [
                73.0007051,
                19.0142714
              ],
              [
                73.0006455,
                19.0149879
              ],
              [
                73.0004667,
                19.0155676
              ],
              [
                73.0004284,
                19.0159742
              ],
              [
                73.0004582,
                19.0169483
              ],
              [
                73.0007349,
                19.0176729
              ],
              [
                73.001199,
                19.0184055
              ],
              [
                73.0018334,
                19.0188885
              ],
              [
                73.0024168,
                19.0190133
              ],
              [
                73.002536,
                19.0190898
              ],
              [
                73.0025062,
                19.0192709
              ],
              [
                73.0024593,
                19.0196533
              ],
              [
                73.0023231,
                19.0200236
              ],
              [
                73.0023103,
                19.0203738
              ],
              [
                73.002404,
                19.0207603
              ],
              [
                73.0026509,
                19.0212473
              ],
              [
                73.0027872,
                19.0215573
              ],
              [
                73.0029916,
                19.0217263
              ],
              [
                73.0030775,
                19.0219743
              ],
              [
                73.0028039,
                19.0226159
              ],
              [
                73.0028951,
                19.0247459
              ],
              [
                73.0033457,
                19.0264194
              ],
              [
                73.003457,
                19.0273107
              ],
              [
                73.0033162,
                19.0276898
              ],
              [
                73.0034101,
                19.0280625
              ],
              [
                73.0038205,
                19.0284771
              ],
              [
                73.0038471,
                19.0285931
              ],
              [
                73.0037884,
                19.0287055
              ],
              [
                73.0035576,
                19.0288853
              ],
              [
                73.0032129,
                19.0289652
              ],
              [
                73.002187,
                19.0320891
              ],
              [
                73.0001807,
                19.0394421
              ],
              [
                72.9990435,
                19.0427281
              ],
              [
                72.99864544756771,
                19.044308216057892
              ],
              [
                73.08187699354602,
                19.04856829111852
              ]
            ]
          ]
        ]
      },
      "properties": {
        "id": 8,
        "name": "Dombivli",
        "zone": "Central",
        "area_km2": 129.54,
        "population": 118024,
        "density_per_km2": 911,
        "lst_avg_celsius": 31.12,
        "ndvi_avg": 0.172,
        "slum_density": 0.28,
        "outdoor_labor_index": 0.22,
        "elderly_ratio": 0.086,
        "child_ratio": 0.112,
        "water_scarcity_index": 0.31,
        "tree_canopy_ratio": 0.26,
        "public_water_access": 0.69,
        "cool_roofs_ratio": 0.26,
        "risk_score": 39.5,
        "vulnerability": "Medium Risk"
      }
    },
    {
      "type": "Feature",
      "geometry": {
        "type": "Polygon",
        "coordinates": [
          [
            [
              72.95768775158398,
              19.33689892948879
            ],
            [
              72.96041767148571,
              19.377592964497968
            ],
            [
              73.08574948055659,
              19.427290445073545
            ],
            [
              73.16319061528534,
              19.36260125518196
            ],
            [
              73.05931946110042,
              19.20528293037478
            ],
            [
              72.95768775158398,
              19.33689892948879
            ]
          ]
        ]
      },
      "properties": {
        "id": 9,
        "name": "Mira Road",
        "zone": "North",
        "area_km2": 307.46,
        "population": 53603,
        "density_per_km2": 174,
        "lst_avg_celsius": 32.73,
        "ndvi_avg": 0.229,
        "slum_density": 0.38,
        "outdoor_labor_index": 0.26,
        "elderly_ratio": 0.082,
        "child_ratio": 0.109,
        "water_scarcity_index": 0.35,
        "tree_canopy_ratio": 0.34,
        "public_water_access": 0.65,
        "cool_roofs_ratio": 0.25,
        "risk_score": 50.5,
        "vulnerability": "Medium Risk"
      }
    },
    {
      "type": "Feature",
      "geometry": {
        "type": "Polygon",
        "coordinates": [
          [
            [
              72.82898588243177,
              19.18648867674437
            ],
            [
              72.8907487184088,
              19.166668402664875
            ],
            [
              72.94517040600321,
              19.0415711806195
            ],
            [
              72.88275210924604,
              19.010145543329575
            ],
            [
              72.82898588243177,
              19.18648867674437
            ]
          ]
        ]
      },
      "properties": {
        "id": 10,
        "name": "Bhayandar",
        "zone": "East",
        "area_km2": 119.17,
        "population": 66943,
        "density_per_km2": 561,
        "lst_avg_celsius": 32.84,
        "ndvi_avg": 0.204,
        "slum_density": 0.42,
        "outdoor_labor_index": 0.28,
        "elderly_ratio": 0.097,
        "child_ratio": 0.098,
        "water_scarcity_index": 0.42,
        "tree_canopy_ratio": 0.31,
        "public_water_access": 0.58,
        "cool_roofs_ratio": 0.23,
        "risk_score": 56.8,
        "vulnerability": "High Risk"
      }
    },
    {
      "type": "Feature",
      "geometry": {
        "type": "Polygon",
        "coordinates": [
          [
            [
              72.90196024555787,
              19.451625036080294
            ],
            [
              72.87265579889525,
              19.439421733260385
            ],
            [
              72.81331314367968,
              19.4434468088735
            ],
            [
              72.75767755669567,
              19.478161286105152
            ],
            [
              72.7580054,
              19.4784936
            ],
            [
              72.7585589,
              19.478903
            ],
            [
              72.7591294,
              19.4791359
            ],
            [
              72.7594871,
              19.4791519
            ],
            [
              72.7597766,
              19.4790877
            ],
            [
              72.7597766,
              19.4789111
            ],
            [
              72.7596914,
              19.4787184
            ],
            [
              72.759453,
              19.4784294
            ],
            [
              72.7590953,
              19.4781564
            ],
            [
              72.7589591,
              19.4779236
            ],
            [
              72.7590017,
              19.4777952
            ],
            [
              72.7592827,
              19.4776908
            ],
            [
              72.760543,
              19.4779156
            ],
            [
              72.7619651,
              19.4782447
            ],
            [
              72.7628081,
              19.4783812
            ],
            [
              72.7632594,
              19.4784053
            ],
            [
              72.764111,
              19.4782046
            ],
            [
              72.7651754,
              19.4781083
            ],
            [
              72.7660014,
              19.4781645
            ],
            [
              72.7662569,
              19.4784133
            ],
            [
              72.7665496,
              19.4789428
            ],
            [
              72.7661739,
              19.4985633
            ],
            [
              72.7676439,
              19.4995251
            ],
            [
              72.7685076,
              19.5004252
            ],
            [
              72.7714044,
              19.5002482
            ],
            [
              72.7792525,
              19.4996717
            ],
            [
              72.7847832,
              19.4993279
            ],
            [
              72.7852929,
              19.4999701
            ],
            [
              72.786591,
              19.500319
            ],
            [
              72.7873957,
              19.501037
            ],
            [
              72.7891767,
              19.5014466
            ],
            [
              72.7906734,
              19.5016893
            ],
            [
              72.7919984,
              19.502104
            ],
            [
              72.7928674,
              19.5021647
            ],
            [
              72.7962148,
              19.5028524
            ],
            [
              72.7974915,
              19.5033884
            ],
            [
              72.7996158,
              19.5037727
            ],
            [
              72.8015149,
              19.5042278
            ],
            [
              72.8043473,
              19.5045918
            ],
            [
              72.8061497,
              19.5049863
            ],
            [
              72.8102159,
              19.5056841
            ],
            [
              72.8125441,
              19.5064122
            ],
            [
              72.8163528,
              19.5066751
            ],
            [
              72.8207087,
              19.5076055
            ],
            [
              72.8235626,
              19.5078786
            ],
            [
              72.829206,
              19.5095472
            ],
            [
              72.8305685,
              19.5114282
            ],
            [
              72.8348815,
              19.5156856
            ],
            [
              72.837199,
              19.5188912
            ],
            [
              72.8369307,
              19.5190378
            ],
            [
              72.8399724,
              19.5217656
            ],
            [
              72.8414959,
              19.5226125
            ],
            [
              72.8431883,
              19.5229184
            ],
            [
              72.8446206,
              19.5229462
            ],
            [
              72.8454414,
              19.5231737
            ],
            [
              72.8485554,
              19.5241596
            ],
            [
              72.8501111,
              19.5245059
            ],
            [
              72.8536731,
              19.5252618
            ],
            [
              72.8569776,
              19.524425
            ],
            [
              72.8590482,
              19.5239548
            ],
            [
              72.8621972,
              19.5234366
            ],
            [
              72.8657055,
              19.5228349
            ],
            [
              72.8680658,
              19.5230827
            ],
            [
              72.8728107,
              19.5235959
            ],
            [
              72.8745031,
              19.5246854
            ],
            [
              72.8767455,
              19.5261896
            ],
            [
              72.878741,
              19.5274763
            ],
            [
              72.8781601,
              19.520637
            ],
            [
              72.8788074,
              19.5193055
            ],
            [
              72.8794223,
              19.517789
            ],
            [
              72.8795618,
              19.5178092
            ],
            [
              72.8794545,
              19.5181378
            ],
            [
              72.879492,
              19.5183047
            ],
            [
              72.8792775,
              19.5190378
            ],
            [
              72.8792914,
              19.519496
            ],
            [
              72.8794532,
              19.5195281
            ],
            [
              72.8795832,
              19.5196193
            ],
            [
              72.8797764,
              19.5195536
            ],
            [
              72.8799319,
              19.519417
            ],
            [
              72.8801304,
              19.5188356
            ],
            [
              72.8803879,
              19.5181126
            ],
            [
              72.8807527,
              19.5175716
            ],
            [
              72.8808868,
              19.5171216
            ],
            [
              72.881037,
              19.5161154
            ],
            [
              72.8815359,
              19.5147906
            ],
            [
              72.8818148,
              19.5139766
            ],
            [
              72.8821582,
              19.513203
            ],
            [
              72.8825229,
              19.5128086
            ],
            [
              72.8829038,
              19.5123333
            ],
            [
              72.8832257,
              19.5119894
            ],
            [
              72.8835744,
              19.511595
            ],
            [
              72.8839016,
              19.5112057
            ],
            [
              72.8850281,
              19.5102248
            ],
            [
              72.8857309,
              19.5095674
            ],
            [
              72.8864014,
              19.5093146
            ],
            [
              72.8870664,
              19.5091663
            ],
            [
              72.8879082,
              19.508853
            ],
            [
              72.8886027,
              19.5086616
            ],
            [
              72.8889766,
              19.5084501
            ],
            [
              72.8891476,
              19.5081782
            ],
            [
              72.8892972,
              19.508148
            ],
            [
              72.8894681,
              19.5080271
            ],
            [
              72.8895749,
              19.5080171
            ],
            [
              72.8898848,
              19.5079063
            ],
            [
              72.890216,
              19.5078862
            ],
            [
              72.8905686,
              19.5080674
            ],
            [
              72.8907453,
              19.5080512
            ],
            [
              72.8911581,
              19.5076695
            ],
            [
              72.8925251,
              19.5069131
            ],
            [
              72.8931115,
              19.5064158
            ],
            [
              72.8936226,
              19.5060253
            ],
            [
              72.8951949,
              19.505449
            ],
            [
              72.895799,
              19.5056642
            ],
            [
              72.8965839,
              19.5051972
            ],
            [
              72.89852,
              19.5051809
            ],
            [
              72.9001486,
              19.5051998
            ],
            [
              72.9008351,
              19.5045648
            ],
            [
              72.9007362,
              19.5017318
            ],
            [
              72.9001951,
              19.5015965
            ],
            [
              72.8993892,
              19.5009439
            ],
            [
              72.8989982,
              19.4996523
            ],
            [
              72.89873,
              19.4993918
            ],
            [
              72.8984886,
              19.4970722
            ],
            [
              72.8997254,
              19.4959276
            ],
            [
              72.9005463,
              19.4954223
            ],
            [
              72.9009191,
              19.4951891
            ],
            [
              72.9012905,
              19.4949473
            ],
            [
              72.9016434670157,
              19.494786520021254
            ],
            [
              72.90196024555787,
              19.451625036080294
            ]
          ]
        ]
      },
      "properties": {
        "id": 11,
        "name": "Vasai",
        "zone": "South",
        "area_km2": 105.42,
        "population": 94347,
        "density_per_km2": 894,
        "lst_avg_celsius": 30.94,
        "ndvi_avg": 0.389,
        "slum_density": 0.26,
        "outdoor_labor_index": 0.38,
        "elderly_ratio": 0.087,
        "child_ratio": 0.095,
        "water_scarcity_index": 0.3,
        "tree_canopy_ratio": 0.58,
        "public_water_access": 0.7,
        "cool_roofs_ratio": 0.24,
        "risk_score": 32.4,
        "vulnerability": "Low Risk"
      }
    },
    {
      "type": "Feature",
      "geometry": {
        "type": "Polygon",
        "coordinates": [
          [
            [
              72.98755005988195,
              18.718543369915384
            ],
            [
              72.93555667847055,
              18.686290448611327
            ],
            [
              72.9351424,
              18.6882853
            ],
            [
              72.93466522931824,
              18.685737458238798
            ],
            [
              72.9038345391705,
              18.666612335077126
            ],
            [
              72.9021834,
              18.6660062
            ],
            [
              72.90224301072594,
              18.66562506630787
            ],
            [
              72.86862490480932,
              18.64477083265185
            ],
            [
              72.8683072,
              18.6450964
            ],
            [
              72.8679317,
              18.6459707
            ],
            [
              72.8676742,
              18.646357
            ],
            [
              72.8672022,
              18.6466823
            ],
            [
              72.8668481,
              18.6471448
            ],
            [
              72.8666013,
              18.647709
            ],
            [
              72.8663278,
              18.6480394
            ],
            [
              72.8661615,
              18.6484867
            ],
            [
              72.8661078,
              18.6488526
            ],
            [
              72.8659522,
              18.6494066
            ],
            [
              72.8658503,
              18.6498387
            ],
            [
              72.8656197,
              18.6505757
            ],
            [
              72.8653622,
              18.6513127
            ],
            [
              72.8653407,
              18.6516329
            ],
            [
              72.8652602,
              18.6517955
            ],
            [
              72.865212,
              18.6520497
            ],
            [
              72.8651422,
              18.6531119
            ],
            [
              72.8650457,
              18.653422
            ],
            [
              72.8644234,
              18.6553788
            ],
            [
              72.8643107,
              18.6559988
            ],
            [
              72.8641337,
              18.6567816
            ],
            [
              72.8639942,
              18.6575948
            ],
            [
              72.8638816,
              18.6581792
            ],
            [
              72.8637126,
              18.658967
            ],
            [
              72.8636026,
              18.6595388
            ],
            [
              72.863439,
              18.660324
            ],
            [
              72.8633076,
              18.6612668
            ],
            [
              72.8632674,
              18.6618843
            ],
            [
              72.8633344,
              18.6637394
            ],
            [
              72.8634041,
              18.6646288
            ],
            [
              72.8632754,
              18.66563
            ],
            [
              72.862975,
              18.6667532
            ],
            [
              72.8628998,
              18.6672676
            ],
            [
              72.8628731,
              18.6674749
            ],
            [
              72.8639835,
              18.6678052
            ],
            [
              72.863946,
              18.6680542
            ],
            [
              72.8637689,
              18.6683541
            ],
            [
              72.8635222,
              18.6686997
            ],
            [
              72.8635074,
              18.6687276
            ],
            [
              72.8634558,
              18.6688635
            ],
            [
              72.8635436,
              18.6691774
            ],
            [
              72.8636616,
              18.6694976
            ],
            [
              72.8636563,
              18.6697974
            ],
            [
              72.8636509,
              18.6702345
            ],
            [
              72.8634149,
              18.671256
            ],
            [
              72.8627497,
              18.6735886
            ],
            [
              72.8625244,
              18.6742188
            ],
            [
              72.8620255,
              18.6753013
            ],
            [
              72.861709,
              18.6760788
            ],
            [
              72.861473,
              18.6767496
            ],
            [
              72.8612316,
              18.6776796
            ],
            [
              72.8610814,
              18.6783911
            ],
            [
              72.8610545,
              18.6804899
            ],
            [
              72.8608641,
              18.6815749
            ],
            [
              72.8608105,
              18.6820119
            ],
            [
              72.8606576,
              18.6832442
            ],
            [
              72.8604644,
              18.6845045
            ],
            [
              72.8603089,
              18.6852972
            ],
            [
              72.8602874,
              18.6855589
            ],
            [
              72.860325,
              18.6862195
            ],
            [
              72.8602955,
              18.6873146
            ],
            [
              72.8602821,
              18.6880057
            ],
            [
              72.8602096,
              18.6885037
            ],
            [
              72.859692,
              18.6899926
            ],
            [
              72.859244,
              18.6910038
            ],
            [
              72.8587559,
              18.6917635
            ],
            [
              72.8584233,
              18.6923606
            ],
            [
              72.85821399445786,
              18.692681476175096
            ],
            [
              72.95268435758966,
              18.801615697723367
            ],
            [
              72.98755005988195,
              18.718543369915384
            ]
          ]
        ]
      },
      "properties": {
        "id": 12,
        "name": "Virar",
        "zone": "West",
        "area_km2": 111.85,
        "population": 91362,
        "density_per_km2": 816,
        "lst_avg_celsius": 31.64,
        "ndvi_avg": 0.332,
        "slum_density": 0.25,
        "outdoor_labor_index": 0.32,
        "elderly_ratio": 0.087,
        "child_ratio": 0.118,
        "water_scarcity_index": 0.29,
        "tree_canopy_ratio": 0.5,
        "public_water_access": 0.71,
        "cool_roofs_ratio": 0.26,
        "risk_score": 38.0,
        "vulnerability": "Medium Risk"
      }
    },
    {
      "type": "Feature",
      "geometry": {
        "type": "Polygon",
        "coordinates": [
          [
            [
              73.08187699354602,
              19.04856829111852
            ],
            [
              73.10552798055197,
              19.123458031841626
            ],
            [
              73.12905773915324,
              19.129335121425292
            ],
            [
              73.31705088562866,
              19.083728917413218
            ],
            [
              73.3168066,
              19.08201
            ],
            [
              73.3195781,
              19.0758274
            ],
            [
              73.3255862,
              19.0715281
            ],
            [
              73.3284186,
              19.0624425
            ],
            [
              73.3327102,
              19.0574127
            ],
            [
              73.3309936,
              19.0547355
            ],
            [
              73.3261012,
              19.0513281
            ],
            [
              73.3212089,
              19.0435395
            ],
            [
              73.32107084887795,
              19.040147317798798
            ],
            [
              73.22798341197439,
              18.91029023963867
            ],
            [
              73.19068823385246,
              18.89934450875284
            ],
            [
              73.08215633223554,
              19.04737328901355
            ],
            [
              73.08187699354602,
              19.04856829111852
            ]
          ]
        ]
      },
      "properties": {
        "id": 13,
        "name": "Nala Sopara",
        "zone": "North West",
        "area_km2": 422.18,
        "population": 115571,
        "density_per_km2": 273,
        "lst_avg_celsius": 33.56,
        "ndvi_avg": 0.135,
        "slum_density": 0.37,
        "outdoor_labor_index": 0.22,
        "elderly_ratio": 0.073,
        "child_ratio": 0.122,
        "water_scarcity_index": 0.34,
        "tree_canopy_ratio": 0.2,
        "public_water_access": 0.66,
        "cool_roofs_ratio": 0.25,
        "risk_score": 60.0,
        "vulnerability": "High Risk"
      }
    },
    {
      "type": "Feature",
      "geometry": {
        "type": "Polygon",
        "coordinates": [
          [
            [
              72.78188966304613,
              19.21747202903486
            ],
            [
              72.82898588243177,
              19.18648867674437
            ],
            [
              72.88275210924604,
              19.010145543329575
            ],
            [
              72.88266689199926,
              19.010054941603375
            ],
            [
              72.8818604,
              19.0106862
            ],
            [
              72.8808831,
              19.0115317
            ],
            [
              72.8800905,
              19.0116689
            ],
            [
              72.8793656,
              19.0116605
            ],
            [
              72.8784656,
              19.0116084
            ],
            [
              72.8776342,
              19.0113481
            ],
            [
              72.8767384,
              19.0109618
            ],
            [
              72.8740553,
              19.0094683
            ],
            [
              72.8733369,
              19.0089586
            ],
            [
              72.8725073,
              19.008552
            ],
            [
              72.8714554,
              19.0083519
            ],
            [
              72.8710191,
              19.008117
            ],
            [
              72.8707357,
              19.0079466
            ],
            [
              72.8697947,
              19.0076641
            ],
            [
              72.867179,
              19.0060669
            ],
            [
              72.8629807,
              19.0039467
            ],
            [
              72.8620495,
              19.0035003
            ],
            [
              72.8615356,
              19.0030827
            ],
            [
              72.8623566,
              19.0030749
            ],
            [
              72.8623556,
              19.0030248
            ],
            [
              72.8614054,
              19.0030404
            ],
            [
              72.8613244,
              19.0024694
            ],
            [
              72.861726,
              19.0024036
            ],
            [
              72.8619738,
              19.002375
            ],
            [
              72.86197,
              19.0023235
            ],
            [
              72.8623991,
              19.0022923
            ],
            [
              72.8623393,
              19.0019393
            ],
            [
              72.8620348,
              19.0019789
            ],
            [
              72.8620307,
              19.0019619
            ],
            [
              72.8617535,
              19.002019
            ],
            [
              72.8617573,
              19.0020391
            ],
            [
              72.8617546,
              19.0020372
            ],
            [
              72.8617515,
              19.0020472
            ],
            [
              72.8617344,
              19.0020454
            ],
            [
              72.861028,
              19.0021659
            ],
            [
              72.860806,
              19.0005384
            ],
            [
              72.8606101,
              19.0005714
            ],
            [
              72.860491,
              18.9999229
            ],
            [
              72.8604501,
              18.9998059
            ],
            [
              72.8604007,
              18.9996804
            ],
            [
              72.8603888,
              18.9995749
            ],
            [
              72.8603798,
              18.9995437
            ],
            [
              72.8603654,
              18.9995188
            ],
            [
              72.8602677,
              18.9994094
            ],
            [
              72.8601946,
              18.9993339
            ],
            [
              72.860141,
              18.9992241
            ],
            [
              72.8601247,
              18.9992102
            ],
            [
              72.8600564,
              18.9991682
            ],
            [
              72.860043,
              18.9991573
            ],
            [
              72.860038,
              18.9991467
            ],
            [
              72.8600358,
              18.9990995
            ],
            [
              72.8600405,
              18.9990786
            ],
            [
              72.8600696,
              18.9990153
            ],
            [
              72.8600732,
              18.9989999
            ],
            [
              72.8600684,
              18.9989272
            ],
            [
              72.8600972,
              18.9988536
            ],
            [
              72.8600954,
              18.9988215
            ],
            [
              72.8600839,
              18.9988027
            ],
            [
              72.8602116,
              18.9985082
            ],
            [
              72.8599389,
              18.9984013
            ],
            [
              72.8603653,
              18.9973798
            ],
            [
              72.8603934,
              18.9972868
            ],
            [
              72.8606856,
              18.9965978
            ],
            [
              72.860957,
              18.9959425
            ],
            [
              72.8609896,
              18.9959221
            ],
            [
              72.8614528,
              18.9957598
            ],
            [
              72.8620371,
              18.9955334
            ],
            [
              72.8620447,
              18.9955243
            ],
            [
              72.8620449,
              18.9955131
            ],
            [
              72.8620021,
              18.9954103
            ],
            [
              72.8619915,
              18.9954031
            ],
            [
              72.8619753,
              18.9954049
            ],
            [
              72.8613218,
              18.9956632
            ],
            [
              72.8610234,
              18.9957776
            ],
            [
              72.8616179,
              18.9943017
            ],
            [
              72.8595848,
              18.9935469
            ],
            [
              72.8599463,
              18.9927571
            ],
            [
              72.8568968,
              18.9917687
            ],
            [
              72.8573343,
              18.9907324
            ],
            [
              72.8578749,
              18.9894655
            ],
            [
              72.8581168,
              18.9888916
            ],
            [
              72.85822,
              18.9886378
            ],
            [
              72.8585422,
              18.9878804
            ],
            [
              72.8586275,
              18.987693
            ],
            [
              72.8590596,
              18.9866615
            ],
            [
              72.8594716,
              18.9856551
            ],
            [
              72.8595510493967,
              18.985478516974055
            ],
            [
              72.85371189927787,
              18.97927041825743
            ],
            [
              72.850158,
              18.9800879
            ],
            [
              72.8500253,
              18.9800156
            ],
            [
              72.8501152,
              18.9799842
            ],
            [
              72.8502394,
              18.9799588
            ],
            [
              72.850249,
              18.9799529
            ],
            [
              72.8501393,
              18.9794099
            ],
            [
              72.8501107,
              18.9794073
            ],
            [
              72.8500981,
              18.9793894
            ],
            [
              72.8500942,
              18.9791845
            ],
            [
              72.8500492,
              18.9789563
            ],
            [
              72.8519533,
              18.9785706
            ],
            [
              72.85289143208624,
              18.978398109579672
            ],
            [
              72.85193775904317,
              18.977384178395454
            ],
            [
              72.8518316,
              18.9774035
            ],
            [
              72.8514591,
              18.9774798
            ],
            [
              72.8498376,
              18.9778219
            ],
            [
              72.8497218,
              18.9775587
            ],
            [
              72.8496923,
              18.9775666
            ],
            [
              72.849556,
              18.9775454
            ],
            [
              72.8494202,
              18.9769712
            ],
            [
              72.8494079,
              18.9769063
            ],
            [
              72.8494048,
              18.9768068
            ],
            [
              72.8494002,
              18.9765646
            ],
            [
              72.8494137,
              18.976528
            ],
            [
              72.8494337,
              18.9765006
            ],
            [
              72.8494534,
              18.9764828
            ],
            [
              72.8494851,
              18.9764657
            ],
            [
              72.8495713,
              18.9764453
            ],
            [
              72.8502943,
              18.9762978
            ],
            [
              72.8504296,
              18.9762674
            ],
            [
              72.85081496438444,
              18.97619043959135
            ],
            [
              72.84987342576947,
              18.97518940955303
            ],
            [
              72.8494469,
              18.9752856
            ],
            [
              72.8494333,
              18.9752734
            ],
            [
              72.8493272,
              18.9748226
            ],
            [
              72.8493318,
              18.9748096
            ],
            [
              72.8493425,
              18.9748068
            ],
            [
              72.84948506787254,
              18.97477651313617
            ],
            [
              72.82188461064229,
              18.945432112046568
            ],
            [
              72.8217166,
              18.9457255
            ],
            [
              72.8214773,
              18.9460987
            ],
            [
              72.8213278,
              18.9463218
            ],
            [
              72.8209079,
              18.9469256
            ],
            [
              72.8206792,
              18.9472463
            ],
            [
              72.8204469,
              18.9475531
            ],
            [
              72.8198596,
              18.9483021
            ],
            [
              72.8194912,
              18.9487602
            ],
            [
              72.819352,
              18.9489249
            ],
            [
              72.8189501,
              18.9494744
            ],
            [
              72.8187246,
              18.9497011
            ],
            [
              72.8177044,
              18.9508324
            ],
            [
              72.8176884,
              18.9508216
            ],
            [
              72.8175593,
              18.9508918
            ],
            [
              72.817238,
              18.9510799
            ],
            [
              72.817165,
              18.9511644
            ],
            [
              72.8155204,
              18.9521764
            ],
            [
              72.8147178,
              18.9530102
            ],
            [
              72.8138606,
              18.9534625
            ],
            [
              72.8126685,
              18.9539627
            ],
            [
              72.8114594,
              18.9544295
            ],
            [
              72.8105842,
              18.9547012
            ],
            [
              72.8095001,
              18.9549372
            ],
            [
              72.8086982,
              18.9549277
            ],
            [
              72.8080818,
              18.9549571
            ],
            [
              72.8078854,
              18.9547842
            ],
            [
              72.807827,
              18.9546629
            ],
            [
              72.8077186,
              18.9547207
            ],
            [
              72.8076565,
              18.9546724
            ],
            [
              72.8074172,
              18.9540839
            ],
            [
              72.8073788,
              18.9540177
            ],
            [
              72.8072801,
              18.9539266
            ],
            [
              72.8071565,
              18.9537804
            ],
            [
              72.8069372,
              18.9535741
            ],
            [
              72.8069396,
              18.9535229
            ],
            [
              72.8069335,
              18.9535049
            ],
            [
              72.8069166,
              18.9534812
            ],
            [
              72.8068748,
              18.9534652
            ],
            [
              72.8068281,
              18.9534669
            ],
            [
              72.8067865,
              18.9534331
            ],
            [
              72.8067025,
              18.9533796
            ],
            [
              72.8074168,
              18.9533103
            ],
            [
              72.8074299,
              18.9532324
            ],
            [
              72.8067256,
              18.9526611
            ],
            [
              72.8062671,
              18.9527081
            ],
            [
              72.8062191,
              18.9525553
            ],
            [
              72.8060892,
              18.9524333
            ],
            [
              72.805977,
              18.9522988
            ],
            [
              72.8059526,
              18.9522756
            ],
            [
              72.8057195,
              18.9522244
            ],
            [
              72.8056859,
              18.9522207
            ],
            [
              72.8055273,
              18.9522228
            ],
            [
              72.805546,
              18.9521248
            ],
            [
              72.8055457,
              18.9521094
            ],
            [
              72.8055298,
              18.952003
            ],
            [
              72.8055142,
              18.9519712
            ],
            [
              72.8054663,
              18.9519298
            ],
            [
              72.8052702,
              18.9518213
            ],
            [
              72.8051525,
              18.9518117
            ],
            [
              72.8051051,
              18.9518116
            ],
            [
              72.8050537,
              18.9518171
            ],
            [
              72.8050782,
              18.9515925
            ],
            [
              72.804949,
              18.9514959
            ],
            [
              72.8048887,
              18.951367
            ],
            [
              72.8047131,
              18.9512257
            ],
            [
              72.8046478,
              18.951295
            ],
            [
              72.8045315,
              18.9513374
            ],
            [
              72.804519,
              18.9513665
            ],
            [
              72.8044474,
              18.9514552
            ],
            [
              72.8043777,
              18.951368
            ],
            [
              72.8042939,
              18.9511802
            ],
            [
              72.8042545,
              18.9511369
            ],
            [
              72.804004,
              18.9509903
            ],
            [
              72.8041756,
              18.9507455
            ],
            [
              72.8039439,
              18.9505023
            ],
            [
              72.8036717,
              18.9503934
            ],
            [
              72.8036245,
              18.9503986
            ],
            [
              72.8035587,
              18.9502616
            ],
            [
              72.8032147,
              18.9500231
            ],
            [
              72.8030915,
              18.950036
            ],
            [
              72.8029306,
              18.9497554
            ],
            [
              72.802786,
              18.9496164
            ],
            [
              72.802789,
              18.9495082
            ],
            [
              72.8026647,
              18.9493248
            ],
            [
              72.8022855,
              18.9489058
            ],
            [
              72.8022588,
              18.9488804
            ],
            [
              72.8022107,
              18.948856
            ],
            [
              72.8021887,
              18.9488535
            ],
            [
              72.8021503,
              18.9488621
            ],
            [
              72.8016546,
              18.9485404
            ],
            [
              72.8016329,
              18.9485245
            ],
            [
              72.8016211,
              18.948506
            ],
            [
              72.8016046,
              18.9484594
            ],
            [
              72.8015393,
              18.9484014
            ],
            [
              72.8014384,
              18.9483523
            ],
            [
              72.8013791,
              18.9483324
            ],
            [
              72.8012617,
              18.9482849
            ],
            [
              72.8010739,
              18.9482541
            ],
            [
              72.8009622,
              18.9482439
            ],
            [
              72.8009421,
              18.9482238
            ],
            [
              72.800896,
              18.9481975
            ],
            [
              72.8007061,
              18.9481432
            ],
            [
              72.800592,
              18.9481298
            ],
            [
              72.8005557,
              18.9481383
            ],
            [
              72.8004116,
              18.9483278
            ],
            [
              72.8003402,
              18.9483036
            ],
            [
              72.8003524,
              18.9482892
            ],
            [
              72.8003583,
              18.9482752
            ],
            [
              72.8002814,
              18.9481932
            ],
            [
              72.8002582,
              18.9481479
            ],
            [
              72.8001678,
              18.9480664
            ],
            [
              72.8001302,
              18.9480422
            ],
            [
              72.8000415,
              18.9479623
            ],
            [
              72.8000153,
              18.9479503
            ],
            [
              72.7999699,
              18.947943
            ],
            [
              72.7998889,
              18.9479511
            ],
            [
              72.7998446,
              18.9479299
            ],
            [
              72.7998286,
              18.9479319
            ],
            [
              72.7997423,
              18.9479031
            ],
            [
              72.79963,
              18.9478967
            ],
            [
              72.7995588,
              18.9478751
            ],
            [
              72.7994143,
              18.9478402
            ],
            [
              72.7993911,
              18.9477655
            ],
            [
              72.7993455,
              18.9477084
            ],
            [
              72.7993018,
              18.9476254
            ],
            [
              72.7992812,
              18.9476076
            ],
            [
              72.7991345,
              18.9474038
            ],
            [
              72.7988469,
              18.9474127
            ],
            [
              72.7986547,
              18.9473829
            ],
            [
              72.79855,
              18.9473742
            ],
            [
              72.7983508,
              18.9474585
            ],
            [
              72.7981942,
              18.9475525
            ],
            [
              72.7980843,
              18.9474642
            ],
            [
              72.7979431,
              18.947315
            ],
            [
              72.7978342,
              18.9468811
            ],
            [
              72.7978065,
              18.9467915
            ],
            [
              72.7977509,
              18.9467023
            ],
            [
              72.7977591,
              18.9466549
            ],
            [
              72.7977939,
              18.9466265
            ],
            [
              72.7978394,
              18.9465719
            ],
            [
              72.7978469,
              18.9465592
            ],
            [
              72.7978506,
              18.946535
            ],
            [
              72.7978073,
              18.9463385
            ],
            [
              72.7976731,
              18.9461463
            ],
            [
              72.7976817,
              18.9461269
            ],
            [
              72.797548,
              18.9460056
            ],
            [
              72.7973708,
              18.9458745
            ],
            [
              72.7972334,
              18.9457584
            ],
            [
              72.7971195,
              18.9456536
            ],
            [
              72.7968824,
              18.9454798
            ],
            [
              72.796835,
              18.9454007
            ],
            [
              72.7968191,
              18.945356
            ],
            [
              72.7967981,
              18.9452708
            ],
            [
              72.7967154,
              18.9450843
            ],
            [
              72.7965902,
              18.9450457
            ],
            [
              72.7965705,
              18.9450349
            ],
            [
              72.7965129,
              18.9449655
            ],
            [
              72.7965014,
              18.9448936
            ],
            [
              72.796483,
              18.9448773
            ],
            [
              72.796192,
              18.9447597
            ],
            [
              72.7960403,
              18.9446119
            ],
            [
              72.7958143,
              18.9443024
            ],
            [
              72.7955636,
              18.9438077
            ],
            [
              72.795455,
              18.9433999
            ],
            [
              72.795347,
              18.9428744
            ],
            [
              72.7952968,
              18.94249
            ],
            [
              72.7952955,
              18.9422671
            ],
            [
              72.7952523,
              18.9420243
            ],
            [
              72.7952278,
              18.9419381
            ],
            [
              72.7952213,
              18.9419293
            ],
            [
              72.7951603,
              18.941732
            ],
            [
              72.7951596,
              18.9417243
            ],
            [
              72.7951741,
              18.9417121
            ],
            [
              72.7951781,
              18.9417034
            ],
            [
              72.7951936,
              18.9417035
            ],
            [
              72.7951971,
              18.9416945
            ],
            [
              72.7950714,
              18.9414689
            ],
            [
              72.7950674,
              18.941467
            ],
            [
              72.7950407,
              18.9414751
            ],
            [
              72.7948299,
              18.9411036
            ],
            [
              72.7947977,
              18.940965
            ],
            [
              72.7948047,
              18.9409642
            ],
            [
              72.7948057,
              18.9409457
            ],
            [
              72.7948182,
              18.9409141
            ],
            [
              72.7948099,
              18.9408316
            ],
            [
              72.7947001,
              18.9405406
            ],
            [
              72.7945721,
              18.9402416
            ],
            [
              72.7945675,
              18.9401951
            ],
            [
              72.7945539,
              18.940162
            ],
            [
              72.7944547,
              18.9400444
            ],
            [
              72.7944088,
              18.9397946
            ],
            [
              72.7943908,
              18.9397313
            ],
            [
              72.7943712,
              18.9397225
            ],
            [
              72.794302,
              18.9397257
            ],
            [
              72.7942562,
              18.939708
            ],
            [
              72.7942212,
              18.9396586
            ],
            [
              72.7942417,
              18.9396328
            ],
            [
              72.7943005,
              18.9396544
            ],
            [
              72.7945547,
              18.9396598
            ],
            [
              72.7947759,
              18.9397135
            ],
            [
              72.794776,
              18.9396965
            ],
            [
              72.7945733,
              18.9396492
            ],
            [
              72.7945295,
              18.9396427
            ],
            [
              72.794297,
              18.9396387
            ],
            [
              72.7941976,
              18.9395875
            ],
            [
              72.7939736,
              18.9394241
            ],
            [
              72.7939037,
              18.9393824
            ],
            [
              72.7938463,
              18.9393742
            ],
            [
              72.7938097,
              18.939354
            ],
            [
              72.7937898,
              18.9393275
            ],
            [
              72.7936373,
              18.9392825
            ],
            [
              72.7935694,
              18.9392865
            ],
            [
              72.7935298,
              18.9392701
            ],
            [
              72.7934559,
              18.9392741
            ],
            [
              72.7934048,
              18.9392609
            ],
            [
              72.793375,
              18.9392426
            ],
            [
              72.7933015,
              18.9392121
            ],
            [
              72.7932462,
              18.9392133
            ],
            [
              72.7931556,
              18.9392419
            ],
            [
              72.7929301,
              18.9394155
            ],
            [
              72.7929291,
              18.9394299
            ],
            [
              72.7929509,
              18.9394551
            ],
            [
              72.7929573,
              18.9394724
            ],
            [
              72.7928839,
              18.9395318
            ],
            [
              72.7928282,
              18.9394851
            ],
            [
              72.7927752,
              18.9395096
            ],
            [
              72.7926659,
              18.939584
            ],
            [
              72.7925969,
              18.9396538
            ],
            [
              72.7925556,
              18.9397602
            ],
            [
              72.7925571,
              18.939768
            ],
            [
              72.792609,
              18.9397985
            ],
            [
              72.7926192,
              18.9398086
            ],
            [
              72.792621,
              18.9398446
            ],
            [
              72.7926127,
              18.9398602
            ],
            [
              72.7924637,
              18.9400305
            ],
            [
              72.7924422,
              18.940049
            ],
            [
              72.792441,
              18.9400659
            ],
            [
              72.7924572,
              18.9400807
            ],
            [
              72.7925416,
              18.9402268
            ],
            [
              72.7925792,
              18.9403148
            ],
            [
              72.7927045,
              18.9404547
            ],
            [
              72.7927254,
              18.9405172
            ],
            [
              72.792719,
              18.9405659
            ],
            [
              72.7927805,
              18.940634
            ],
            [
              72.7927908,
              18.9406612
            ],
            [
              72.7927994,
              18.9407269
            ],
            [
              72.7927961,
              18.9407703
            ],
            [
              72.7928444,
              18.9408175
            ],
            [
              72.7928683,
              18.9408305
            ],
            [
              72.7930026,
              18.9410587
            ],
            [
              72.7930613,
              18.9411846
            ],
            [
              72.7930827,
              18.941246
            ],
            [
              72.7932984,
              18.9416981
            ],
            [
              72.7933092,
              18.9417731
            ],
            [
              72.793385,
              18.9419454
            ],
            [
              72.7932453,
              18.9427386
            ],
            [
              72.7933747,
              18.9430941
            ],
            [
              72.7934902,
              18.9434744
            ],
            [
              72.7934322,
              18.9438673
            ],
            [
              72.7934181,
              18.9438703
            ],
            [
              72.7934279,
              18.9438964
            ],
            [
              72.7934008,
              18.9440801
            ],
            [
              72.7933979,
              18.9440807
            ],
            [
              72.7933995,
              18.9440892
            ],
            [
              72.7933652,
              18.9442489
            ],
            [
              72.7931548,
              18.9445445
            ],
            [
              72.7930023,
              18.944773
            ],
            [
              72.7928138,
              18.9450349
            ],
            [
              72.7926983,
              18.9451555
            ],
            [
              72.7922458,
              18.9454549
            ],
            [
              72.7920473,
              18.9457017
            ],
            [
              72.7919666,
              18.9463761
            ],
            [
              72.7918989,
              18.9468946
            ],
            [
              72.7917538,
              18.9482357
            ],
            [
              72.7916652,
              18.9482226
            ],
            [
              72.7915568,
              18.9488822
            ],
            [
              72.7916972,
              18.9489058
            ],
            [
              72.79189,
              18.9489081
            ],
            [
              72.7919018,
              18.9493409
            ],
            [
              72.7922657,
              18.9502199
            ],
            [
              72.7932849,
              18.9523885
            ],
            [
              72.7933125,
              18.9524161
            ],
            [
              72.7937482,
              18.953304
            ],
            [
              72.7944077,
              18.9544666
            ],
            [
              72.7954938,
              18.9561703
            ],
            [
              72.7964575,
              18.9578118
            ],
            [
              72.7972939,
              18.9592845
            ],
            [
              72.7976894,
              18.9599023
            ],
            [
              72.7986688,
              18.9613558
            ],
            [
              72.7990406,
              18.9618595
            ],
            [
              72.7991266,
              18.9620132
            ],
            [
              72.7991916,
              18.9621134
            ],
            [
              72.7992598,
              18.9622338
            ],
            [
              72.7994058,
              18.9625104
            ],
            [
              72.7994687,
              18.9626661
            ],
            [
              72.799572,
              18.9629429
            ],
            [
              72.7997589,
              18.9634863
            ],
            [
              72.7998296,
              18.9637082
            ],
            [
              72.799905,
              18.9640107
            ],
            [
              72.8001401,
              18.9649037
            ],
            [
              72.8002302,
              18.9652901
            ],
            [
              72.8002974,
              18.9656082
            ],
            [
              72.8003477,
              18.9659026
            ],
            [
              72.800509,
              18.9667647
            ],
            [
              72.8009176,
              18.9689955
            ],
            [
              72.8010409,
              18.9697738
            ],
            [
              72.8012674,
              18.9709832
            ],
            [
              72.8013275,
              18.9712396
            ],
            [
              72.8017788,
              18.9725405
            ],
            [
              72.8019949,
              18.9730917
            ],
            [
              72.8021463,
              18.9734426
            ],
            [
              72.8024033,
              18.9739742
            ],
            [
              72.8025835,
              18.9743194
            ],
            [
              72.8027607,
              18.9746116
            ],
            [
              72.8030196,
              18.9749875
            ],
            [
              72.8033115,
              18.9754607
            ],
            [
              72.8039737,
              18.9764444
            ],
            [
              72.8058256,
              18.9792887
            ],
            [
              72.806518,
              18.9804187
            ],
            [
              72.8071233,
              18.9814335
            ],
            [
              72.8085779,
              18.983949
            ],
            [
              72.808971,
              18.9846369
            ],
            [
              72.8094132,
              18.985463
            ],
            [
              72.8095898,
              18.9858912
            ],
            [
              72.8101291,
              18.9872904
            ],
            [
              72.8102257,
              18.987541
            ],
            [
              72.8110539,
              18.9898668
            ],
            [
              72.8114095,
              18.9911877
            ],
            [
              72.8118529,
              18.9931814
            ],
            [
              72.8118706,
              18.9945727
            ],
            [
              72.8118345,
              18.9949451
            ],
            [
              72.8118716,
              18.9959017
            ],
            [
              72.8118693,
              18.9960486
            ],
            [
              72.811495,
              18.9973468
            ],
            [
              72.8114519,
              18.9975239
            ],
            [
              72.811268,
              18.9981754
            ],
            [
              72.8113765,
              18.9982031
            ],
            [
              72.8113592,
              18.9982707
            ],
            [
              72.8113482,
              18.9984355
            ],
            [
              72.811353,
              18.9996073
            ],
            [
              72.8113255,
              18.9998346
            ],
            [
              72.811332,
              19.0002067
            ],
            [
              72.8113295,
              19.0010691
            ],
            [
              72.8113401,
              19.0012753
            ],
            [
              72.8113525,
              19.0013757
            ],
            [
              72.8113715,
              19.0014833
            ],
            [
              72.8113914,
              19.0015583
            ],
            [
              72.8114443,
              19.0017139
            ],
            [
              72.8115193,
              19.0018816
            ],
            [
              72.8115851,
              19.0020011
            ],
            [
              72.8120545,
              19.0028136
            ],
            [
              72.8126251,
              19.0038128
            ],
            [
              72.812831,
              19.0041588
            ],
            [
              72.8131534,
              19.0047155
            ],
            [
              72.8131997,
              19.0048016
            ],
            [
              72.8132443,
              19.0048949
            ],
            [
              72.8134018,
              19.0052429
            ],
            [
              72.8134832,
              19.0054679
            ],
            [
              72.8136497,
              19.0059994
            ],
            [
              72.8139851,
              19.0071104
            ],
            [
              72.8142069,
              19.0078116
            ],
            [
              72.8143419,
              19.0082554
            ],
            [
              72.8144261,
              19.0084918
            ],
            [
              72.8145258,
              19.0087251
            ],
            [
              72.8146272,
              19.0089445
            ],
            [
              72.8147015,
              19.009091
            ],
            [
              72.8147734,
              19.0092227
            ],
            [
              72.8149197,
              19.0094755
            ],
            [
              72.815977,
              19.0112204
            ],
            [
              72.8163163,
              19.0117915
            ],
            [
              72.816397,
              19.0119518
            ],
            [
              72.8164513,
              19.0120704
            ],
            [
              72.8165873,
              19.012457
            ],
            [
              72.8166261,
              19.0125912
            ],
            [
              72.8166509,
              19.012701
            ],
            [
              72.8166882,
              19.0129052
            ],
            [
              72.8167099,
              19.0130575
            ],
            [
              72.8167194,
              19.0131811
            ],
            [
              72.8167288,
              19.0133906
            ],
            [
              72.8167297,
              19.0135195
            ],
            [
              72.8167251,
              19.013679
            ],
            [
              72.8167102,
              19.0138027
            ],
            [
              72.8166873,
              19.0139399
            ],
            [
              72.8166495,
              19.0140997
            ],
            [
              72.8166222,
              19.0141753
            ],
            [
              72.8166042,
              19.0142578
            ],
            [
              72.8165653,
              19.0143728
            ],
            [
              72.8164286,
              19.0149066
            ],
            [
              72.8163264,
              19.0151088
            ],
            [
              72.8162468,
              19.0152774
            ],
            [
              72.816145,
              19.0154424
            ],
            [
              72.8160582,
              19.0155708
            ],
            [
              72.8160226,
              19.0156315
            ],
            [
              72.8159465,
              19.0157859
            ],
            [
              72.8159072,
              19.0158857
            ],
            [
              72.8158671,
              19.0160139
            ],
            [
              72.8158442,
              19.0161103
            ],
            [
              72.8158202,
              19.0162624
            ],
            [
              72.8154557,
              19.022306
            ],
            [
              72.8152295,
              19.023702
            ],
            [
              72.8151929,
              19.0239138
            ],
            [
              72.8151205,
              19.0240318
            ],
            [
              72.8150775,
              19.0242063
            ],
            [
              72.8149492,
              19.0243831
            ],
            [
              72.8148503,
              19.0245329
            ],
            [
              72.8148269,
              19.024864
            ],
            [
              72.814431,
              19.0259271
            ],
            [
              72.8143309,
              19.0263965
            ],
            [
              72.8143949,
              19.0268506
            ],
            [
              72.8148126,
              19.0270409
            ],
            [
              72.81548,
              19.0269126
            ],
            [
              72.8158501,
              19.0263425
            ],
            [
              72.8161197,
              19.0259987
            ],
            [
              72.8166308,
              19.025421
            ],
            [
              72.8170745,
              19.0246167
            ],
            [
              72.8175328,
              19.0241274
            ],
            [
              72.8188853,
              19.0228762
            ],
            [
              72.8190608,
              19.0230746
            ],
            [
              72.8190732,
              19.0230867
            ],
            [
              72.8191006,
              19.0231039
            ],
            [
              72.8191391,
              19.0231144
            ],
            [
              72.8191849,
              19.0231108
            ],
            [
              72.8192184,
              19.0230961
            ],
            [
              72.8192488,
              19.0230684
            ],
            [
              72.8192656,
              19.0230373
            ],
            [
              72.8192715,
              19.0230075
            ],
            [
              72.8192692,
              19.0229783
            ],
            [
              72.8192554,
              19.0229443
            ],
            [
              72.8188252,
              19.0224124
            ],
            [
              72.8185786,
              19.0221016
            ],
            [
              72.8186531,
              19.0219443
            ],
            [
              72.8186831,
              19.0218059
            ],
            [
              72.8187143,
              19.0215303
            ],
            [
              72.8187352,
              19.0213463
            ],
            [
              72.8187309,
              19.0210857
            ],
            [
              72.8187928,
              19.0206603
            ],
            [
              72.8189186,
              19.0198484
            ],
            [
              72.8189269,
              19.0196002
            ],
            [
              72.8189538,
              19.0195006
            ],
            [
              72.8189907,
              19.0194256
            ],
            [
              72.819267,
              19.019049
            ],
            [
              72.8195756,
              19.0186618
            ],
            [
              72.8195962,
              19.0186919
            ],
            [
              72.819658,
              19.0186631
            ],
            [
              72.8197445,
              19.0186297
            ],
            [
              72.8200528,
              19.0185412
            ],
            [
              72.8201547,
              19.0185249
            ],
            [
              72.8203969,
              19.0185047
            ],
            [
              72.8204169,
              19.0185003
            ],
            [
              72.820524,
              19.0184503
            ],
            [
              72.8205748,
              19.0184189
            ],
            [
              72.8206021,
              19.018396
            ],
            [
              72.820682,
              19.0183186
            ],
            [
              72.8207564,
              19.0182301
            ],
            [
              72.8207809,
              19.0181948
            ],
            [
              72.8208828,
              19.0179948
            ],
            [
              72.8208916,
              19.0179661
            ],
            [
              72.820901,
              19.0179102
            ],
            [
              72.8209044,
              19.0178176
            ],
            [
              72.8215201,
              19.0177152
            ],
            [
              72.8220994,
              19.017677
            ],
            [
              72.8221814,
              19.0176596
            ],
            [
              72.8222531,
              19.0176072
            ],
            [
              72.8223006,
              19.0175893
            ],
            [
              72.8227364,
              19.0175701
            ],
            [
              72.823295,
              19.0176953
            ],
            [
              72.8234501,
              19.017723
            ],
            [
              72.8238941,
              19.0178284
            ],
            [
              72.8239716,
              19.0178527
            ],
            [
              72.8241682,
              19.0179257
            ],
            [
              72.8243274,
              19.0179982
            ],
            [
              72.8245258,
              19.0181001
            ],
            [
              72.8247166,
              19.01819
            ],
            [
              72.8249043,
              19.0182884
            ],
            [
              72.8251153,
              19.0184051
            ],
            [
              72.8253013,
              19.0185192
            ],
            [
              72.8261183,
              19.0189818
            ],
            [
              72.8266139,
              19.0192703
            ],
            [
              72.8268942,
              19.0194151
            ],
            [
              72.8271867,
              19.0196117
            ],
            [
              72.8279849,
              19.0200681
            ],
            [
              72.8281599,
              19.0201871
            ],
            [
              72.8283017,
              19.0202734
            ],
            [
              72.8291628,
              19.0209931
            ],
            [
              72.829335,
              19.0211171
            ],
            [
              72.8296332,
              19.0213431
            ],
            [
              72.8297719,
              19.0214753
            ],
            [
              72.8300861,
              19.0217523
            ],
            [
              72.8303931,
              19.0219945
            ],
            [
              72.8307344,
              19.0222783
            ],
            [
              72.8309789,
              19.0225022
            ],
            [
              72.8312829,
              19.0227958
            ],
            [
              72.8313891,
              19.0229143
            ],
            [
              72.8320419,
              19.0235924
            ],
            [
              72.8324148,
              19.0239873
            ],
            [
              72.8328943,
              19.0244475
            ],
            [
              72.8332503,
              19.0248291
            ],
            [
              72.8334308,
              19.0250457
            ],
            [
              72.8335447,
              19.0251985
            ],
            [
              72.8341285,
              19.0260718
            ],
            [
              72.8343002,
              19.0263561
            ],
            [
              72.8346944,
              19.0269473
            ],
            [
              72.8349341,
              19.0273593
            ],
            [
              72.8352721,
              19.0280661
            ],
            [
              72.8355996,
              19.0287273
            ],
            [
              72.8357357,
              19.0290261
            ],
            [
              72.835829,
              19.0293041
            ],
            [
              72.8359309,
              19.0297032
            ],
            [
              72.8361022,
              19.0301889
            ],
            [
              72.8362632,
              19.0305727
            ],
            [
              72.8364487,
              19.0309527
            ],
            [
              72.8365929,
              19.031267
            ],
            [
              72.8366377,
              19.0313561
            ],
            [
              72.8367282,
              19.0316914
            ],
            [
              72.8368187,
              19.0319087
            ],
            [
              72.8369273,
              19.0321483
            ],
            [
              72.8371012,
              19.0324745
            ],
            [
              72.8372867,
              19.0328463
            ],
            [
              72.8373779,
              19.0331726
            ],
            [
              72.8374617,
              19.0335148
            ],
            [
              72.8374984,
              19.0337722
            ],
            [
              72.8375075,
              19.0339593
            ],
            [
              72.837547,
              19.0343636
            ],
            [
              72.8376241,
              19.0349469
            ],
            [
              72.8377113,
              19.0353337
            ],
            [
              72.8378088,
              19.0358251
            ],
            [
              72.8378941,
              19.0362235
            ],
            [
              72.837957,
              19.036652
            ],
            [
              72.8380237,
              19.0372771
            ],
            [
              72.8379832,
              19.0376887
            ],
            [
              72.8379495,
              19.0381447
            ],
            [
              72.8379236,
              19.0387233
            ],
            [
              72.8378918,
              19.0390359
            ],
            [
              72.837835,
              19.0394197
            ],
            [
              72.8377626,
              19.0397743
            ],
            [
              72.8375016,
              19.0409142
            ],
            [
              72.8374194,
              19.0415339
            ],
            [
              72.8373789,
              19.0419086
            ],
            [
              72.837359,
              19.0421494
            ],
            [
              72.8373595,
              19.0422462
            ],
            [
              72.837367,
              19.0423247
            ],
            [
              72.8373938,
              19.0424555
            ],
            [
              72.8373759,
              19.0431029
            ],
            [
              72.8372702,
              19.0440553
            ],
            [
              72.8364262,
              19.0461966
            ],
            [
              72.8362305,
              19.046904
            ],
            [
              72.8362469,
              19.0474365
            ],
            [
              72.8364099,
              19.0481288
            ],
            [
              72.8370084,
              19.0480663
            ],
            [
              72.8376265,
              19.0480118
            ],
            [
              72.83763,
              19.0481744
            ],
            [
              72.8376575,
              19.0481969
            ],
            [
              72.837963,
              19.0481888
            ],
            [
              72.8380495,
              19.0482104
            ],
            [
              72.8380348,
              19.0482925
            ],
            [
              72.8380047,
              19.0489188
            ],
            [
              72.837693,
              19.0492276
            ],
            [
              72.8374285,
              19.0493184
            ],
            [
              72.8370875,
              19.049154
            ],
            [
              72.8367858,
              19.0490395
            ],
            [
              72.8364361,
              19.0490354
            ],
            [
              72.8353933,
              19.0494903
            ],
            [
              72.8353574,
              19.0494885
            ],
            [
              72.8346733,
              19.0493839
            ],
            [
              72.8337957,
              19.0494258
            ],
            [
              72.83377,
              19.0494217
            ],
            [
              72.8334598,
              19.0492528
            ],
            [
              72.833204,
              19.0491067
            ],
            [
              72.832344,
              19.0485977
            ],
            [
              72.8317402,
              19.0478715
            ],
            [
              72.8297582,
              19.0460518
            ],
            [
              72.8297652,
              19.0455196
            ],
            [
              72.8296112,
              19.0450296
            ],
            [
              72.8294025,
              19.0448743
            ],
            [
              72.8287606,
              19.0447183
            ],
            [
              72.8282529,
              19.0444718
            ],
            [
              72.827666,
              19.0441846
            ],
            [
              72.82486,
              19.0425345
            ],
            [
              72.8240926,
              19.0423702
            ],
            [
              72.8236495,
              19.042365
            ],
            [
              72.8232108,
              19.0420271
            ],
            [
              72.8231458,
              19.0416494
            ],
            [
              72.8231499,
              19.0413389
            ],
            [
              72.8230601,
              19.0410717
            ],
            [
              72.8229202,
              19.0410701
            ],
            [
              72.8226383,
              19.041222
            ],
            [
              72.8225675,
              19.0412877
            ],
            [
              72.8224763,
              19.0411314
            ],
            [
              72.8224797,
              19.0408653
            ],
            [
              72.8225537,
              19.0405557
            ],
            [
              72.8225106,
              19.0402891
            ],
            [
              72.8222535,
              19.0403304
            ],
            [
              72.8219924,
              19.0406821
            ],
            [
              72.8220324,
              19.0411927
            ],
            [
              72.8220301,
              19.0413701
            ],
            [
              72.8218033,
              19.0416811
            ],
            [
              72.8214707,
              19.0414965
            ],
            [
              72.8213124,
              19.0414166
            ],
            [
              72.8211253,
              19.0413288
            ],
            [
              72.8207868,
              19.0411873
            ],
            [
              72.8205004,
              19.0410845
            ],
            [
              72.8202782,
              19.0410201
            ],
            [
              72.8199282,
              19.0409353
            ],
            [
              72.8196334,
              19.0408486
            ],
            [
              72.8192417,
              19.0408591
            ],
            [
              72.8190861,
              19.0409577
            ],
            [
              72.818979,
              19.0410529
            ],
            [
              72.8188839,
              19.041075
            ],
            [
              72.8187903,
              19.0412726
            ],
            [
              72.8187006,
              19.0413521
            ],
            [
              72.8186424,
              19.0414194
            ],
            [
              72.8185983,
              19.0415047
            ],
            [
              72.8185374,
              19.0416692
            ],
            [
              72.8184014,
              19.0417928
            ],
            [
              72.8180754,
              19.0416829
            ],
            [
              72.8180228,
              19.0418269
            ],
            [
              72.8181977,
              19.0419039
            ],
            [
              72.818126,
              19.0421002
            ],
            [
              72.8180998,
              19.0423216
            ],
            [
              72.8176976,
              19.0427604
            ],
            [
              72.8177133,
              19.0428486
            ],
            [
              72.8173058,
              19.0429208
            ],
            [
              72.8172709,
              19.0429323
            ],
            [
              72.8172245,
              19.0429557
            ],
            [
              72.8172043,
              19.0429769
            ],
            [
              72.8171921,
              19.042998
            ],
            [
              72.8171849,
              19.0430204
            ],
            [
              72.817183,
              19.0430515
            ],
            [
              72.8172958,
              19.0436549
            ],
            [
              72.8174007,
              19.0441471
            ],
            [
              72.8179285,
              19.0449507
            ],
            [
              72.8180159,
              19.0450001
            ],
            [
              72.8182205,
              19.0449664
            ],
            [
              72.8186404,
              19.0455659
            ],
            [
              72.8202401,
              19.0488828
            ],
            [
              72.8203944,
              19.0491823
            ],
            [
              72.8205469,
              19.0494651
            ],
            [
              72.8208011,
              19.0499106
            ],
            [
              72.8209014,
              19.0500681
            ],
            [
              72.8209696,
              19.0501832
            ],
            [
              72.8210311,
              19.0502978
            ],
            [
              72.821087,
              19.0504131
            ],
            [
              72.8211566,
              19.0505774
            ],
            [
              72.8212086,
              19.0507443
            ],
            [
              72.8212857,
              19.0511371
            ],
            [
              72.8213238,
              19.0513685
            ],
            [
              72.8214222,
              19.0518825
            ],
            [
              72.8214717,
              19.0521032
            ],
            [
              72.8215452,
              19.0523887
            ],
            [
              72.8216349,
              19.0526954
            ],
            [
              72.8217406,
              19.0530151
            ],
            [
              72.821852,
              19.0533151
            ],
            [
              72.821924,
              19.0534714
            ],
            [
              72.8220213,
              19.0536469
            ],
            [
              72.8220791,
              19.0537378
            ],
            [
              72.8221498,
              19.0538386
            ],
            [
              72.8222175,
              19.0539264
            ],
            [
              72.8223086,
              19.0540334
            ],
            [
              72.8223776,
              19.0541214
            ],
            [
              72.8224524,
              19.0541949
            ],
            [
              72.8225572,
              19.0542886
            ],
            [
              72.8227039,
              19.0544046
            ],
            [
              72.8228138,
              19.0544812
            ],
            [
              72.8230881,
              19.0546568
            ],
            [
              72.8232018,
              19.0547366
            ],
            [
              72.8234014,
              19.0548904
            ],
            [
              72.8234973,
              19.0549692
            ],
            [
              72.8235331,
              19.0550035
            ],
            [
              72.8234035,
              19.0550028
            ],
            [
              72.8234537,
              19.0552728
            ],
            [
              72.8234843,
              19.0554783
            ],
            [
              72.8234846,
              19.0556221
            ],
            [
              72.8234763,
              19.0558687
            ],
            [
              72.823524,
              19.0559179
            ],
            [
              72.8237373,
              19.0559295
            ],
            [
              72.82372,
              19.0560434
            ],
            [
              72.8231824,
              19.0560148
            ],
            [
              72.8231575,
              19.05614
            ],
            [
              72.8231134,
              19.0562828
            ],
            [
              72.8229291,
              19.0566252
            ],
            [
              72.8228823,
              19.0567212
            ],
            [
              72.8232169,
              19.0568398
            ],
            [
              72.8229354,
              19.0571395
            ],
            [
              72.8225227,
              19.0573297
            ],
            [
              72.8223891,
              19.0573817
            ],
            [
              72.822305,
              19.0573033
            ],
            [
              72.821254,
              19.0581273
            ],
            [
              72.8211766,
              19.0586447
            ],
            [
              72.8205265,
              19.058981
            ],
            [
              72.8212247,
              19.0602535
            ],
            [
              72.8212765,
              19.0607696
            ],
            [
              72.8213326,
              19.0609652
            ],
            [
              72.8214006,
              19.0612909
            ],
            [
              72.8216081,
              19.0623668
            ],
            [
              72.821951,
              19.0623175
            ],
            [
              72.821959,
              19.0623517
            ],
            [
              72.8221292,
              19.0627855
            ],
            [
              72.822283,
              19.0633446
            ],
            [
              72.8225806,
              19.0641142
            ],
            [
              72.8227357,
              19.0645757
            ],
            [
              72.8227549,
              19.065356
            ],
            [
              72.822645,
              19.0659119
            ],
            [
              72.8224005,
              19.0666891
            ],
            [
              72.822203,
              19.0672301
            ],
            [
              72.8221239,
              19.0676749
            ],
            [
              72.8221195,
              19.0680092
            ],
            [
              72.8222602,
              19.0684566
            ],
            [
              72.8223849,
              19.0690013
            ],
            [
              72.8223928,
              19.0695168
            ],
            [
              72.8223812,
              19.0695706
            ],
            [
              72.8223802,
              19.0695752
            ],
            [
              72.8220498,
              19.0702709
            ],
            [
              72.8217828,
              19.0710735
            ],
            [
              72.8215825,
              19.0718981
            ],
            [
              72.8214976,
              19.0724166
            ],
            [
              72.8214418,
              19.0731946
            ],
            [
              72.8214429,
              19.0732233
            ],
            [
              72.8212743,
              19.0732172
            ],
            [
              72.8212616,
              19.0738475
            ],
            [
              72.821359,
              19.0738515
            ],
            [
              72.821478,
              19.0740976
            ],
            [
              72.8215286,
              19.0741807
            ],
            [
              72.821767,
              19.0745246
            ],
            [
              72.8218292,
              19.0746143
            ],
            [
              72.8218692,
              19.0748319
            ],
            [
              72.8218648,
              19.0751661
            ],
            [
              72.8216501,
              19.0759019
            ],
            [
              72.8213936,
              19.07647
            ],
            [
              72.821413,
              19.0768097
            ],
            [
              72.8213885,
              19.0768599
            ],
            [
              72.8215147,
              19.0772933
            ],
            [
              72.8217411,
              19.077434
            ],
            [
              72.8219705,
              19.0775766
            ],
            [
              72.821974,
              19.0775788
            ],
            [
              72.8220511,
              19.0777501
            ],
            [
              72.8221234,
              19.0778847
            ],
            [
              72.8221529,
              19.0779941
            ],
            [
              72.8222629,
              19.0781762
            ],
            [
              72.82235,
              19.078311
            ],
            [
              72.8224819,
              19.0784291
            ],
            [
              72.8225883,
              19.0785244
            ],
            [
              72.8228762,
              19.0786649
            ],
            [
              72.8230557,
              19.0787602
            ],
            [
              72.8234607,
              19.0791582
            ],
            [
              72.823421,
              19.0792696
            ],
            [
              72.8233896,
              19.0793128
            ],
            [
              72.8233797,
              19.0793264
            ],
            [
              72.8233082,
              19.0793957
            ],
            [
              72.8232879,
              19.0794217
            ],
            [
              72.8232442,
              19.0794778
            ],
            [
              72.8232341,
              19.0794907
            ],
            [
              72.8232049,
              19.0796244
            ],
            [
              72.823205,
              19.0797278
            ],
            [
              72.8232129,
              19.0798408
            ],
            [
              72.8231312,
              19.0802829
            ],
            [
              72.8230753,
              19.0805375
            ],
            [
              72.8230543,
              19.0806971
            ],
            [
              72.8229992,
              19.0811148
            ],
            [
              72.8229479,
              19.0814316
            ],
            [
              72.8229069,
              19.0817227
            ],
            [
              72.8228862,
              19.0818222
            ],
            [
              72.822846,
              19.0818666
            ],
            [
              72.8228089,
              19.0818943
            ],
            [
              72.8227268,
              19.0819265
            ],
            [
              72.8226721,
              19.0819679
            ],
            [
              72.8226593,
              19.0820093
            ],
            [
              72.822669,
              19.082049
            ],
            [
              72.8227094,
              19.082101
            ],
            [
              72.8229159,
              19.0822599
            ],
            [
              72.8230433,
              19.0823114
            ],
            [
              72.823082,
              19.0823466
            ],
            [
              72.8230998,
              19.0823894
            ],
            [
              72.8231006,
              19.082428
            ],
            [
              72.8230934,
              19.082437
            ],
            [
              72.8232138,
              19.0826238
            ],
            [
              72.8233999,
              19.0829123
            ],
            [
              72.8231113,
              19.0830951
            ],
            [
              72.8232581,
              19.0832306
            ],
            [
              72.8232914,
              19.0832736
            ],
            [
              72.8233298,
              19.0833232
            ],
            [
              72.8233526,
              19.083373
            ],
            [
              72.8233822,
              19.0834997
            ],
            [
              72.8233902,
              19.083688
            ],
            [
              72.8238997,
              19.0836877
            ],
            [
              72.8240454,
              19.0839136
            ],
            [
              72.8241369,
              19.0840396
            ],
            [
              72.8245907,
              19.0849822
            ],
            [
              72.8251721,
              19.0861721
            ],
            [
              72.8255448,
              19.0869602
            ],
            [
              72.8256299,
              19.0871439
            ],
            [
              72.8258183,
              19.0876235
            ],
            [
              72.8261526,
              19.0883811
            ],
            [
              72.826241,
              19.0887971
            ],
            [
              72.826542,
              19.0902683
            ],
            [
              72.8264933,
              19.0927737
            ],
            [
              72.8264368,
              19.0933251
            ],
            [
              72.8263934,
              19.0942767
            ],
            [
              72.826349,
              19.0950209
            ],
            [
              72.8263368,
              19.0952819
            ],
            [
              72.826271,
              19.0962929
            ],
            [
              72.8262688,
              19.0963901
            ],
            [
              72.8262593,
              19.096428
            ],
            [
              72.8262099,
              19.0965595
            ],
            [
              72.8261705,
              19.0966942
            ],
            [
              72.8260556,
              19.0969679
            ],
            [
              72.8257685,
              19.0978717
            ],
            [
              72.8256723,
              19.0981887
            ],
            [
              72.8253988,
              19.0989278
            ],
            [
              72.825354,
              19.0990755
            ],
            [
              72.8245934,
              19.1013384
            ],
            [
              72.8241548,
              19.102897
            ],
            [
              72.8240172,
              19.1038231
            ],
            [
              72.8238617,
              19.1050538
            ],
            [
              72.8236944,
              19.1061121
            ],
            [
              72.8233241,
              19.1077776
            ],
            [
              72.8230713,
              19.1089807
            ],
            [
              72.8228506,
              19.109866
            ],
            [
              72.8223372,
              19.1118081
            ],
            [
              72.8219581,
              19.1130759
            ],
            [
              72.8213915,
              19.1148186
            ],
            [
              72.8205998,
              19.1167177
            ],
            [
              72.8191077,
              19.1199205
            ],
            [
              72.8180067,
              19.121863
            ],
            [
              72.8167395,
              19.1235924
            ],
            [
              72.8147197,
              19.1269964
            ],
            [
              72.8135395,
              19.1291872
            ],
            [
              72.813055,
              19.1298627
            ],
            [
              72.8113912,
              19.1316901
            ],
            [
              72.810681,
              19.1327093
            ],
            [
              72.8105309,
              19.1328526
            ],
            [
              72.810304,
              19.133285
            ],
            [
              72.8102205,
              19.1334586
            ],
            [
              72.8101358,
              19.133623
            ],
            [
              72.8097168,
              19.1340606
            ],
            [
              72.8093004,
              19.134509
            ],
            [
              72.8092489,
              19.1345708
            ],
            [
              72.809199,
              19.1346182
            ],
            [
              72.8086999,
              19.1351561
            ],
            [
              72.8084648,
              19.1354027
            ],
            [
              72.8081588,
              19.1357116
            ],
            [
              72.8080482,
              19.1358282
            ],
            [
              72.8075593,
              19.1363138
            ],
            [
              72.807225,
              19.1366637
            ],
            [
              72.8069319,
              19.1369786
            ],
            [
              72.8065945,
              19.1373281
            ],
            [
              72.8064352,
              19.1375019
            ],
            [
              72.8063174,
              19.1376118
            ],
            [
              72.8053712,
              19.1386675
            ],
            [
              72.8051956,
              19.1388295
            ],
            [
              72.7965277,
              19.1338624
            ],
            [
              72.7963494,
              19.1337926
            ],
            [
              72.7956477,
              19.1333866
            ],
            [
              72.7951847,
              19.1331106
            ],
            [
              72.7948511,
              19.1329184
            ],
            [
              72.794872,
              19.1328251
            ],
            [
              72.7948806,
              19.1328457
            ],
            [
              72.7948927,
              19.1328613
            ],
            [
              72.794905,
              19.1328704
            ],
            [
              72.7949362,
              19.1328813
            ],
            [
              72.7949555,
              19.1328816
            ],
            [
              72.7949767,
              19.1328758
            ],
            [
              72.7949949,
              19.1328651
            ],
            [
              72.7950076,
              19.1328515
            ],
            [
              72.7950173,
              19.1328335
            ],
            [
              72.7950211,
              19.1328139
            ],
            [
              72.7950183,
              19.1327908
            ],
            [
              72.7950118,
              19.1327737
            ],
            [
              72.7949815,
              19.1327454
            ],
            [
              72.7949646,
              19.1327393
            ],
            [
              72.7949366,
              19.1327395
            ],
            [
              72.7950132,
              19.132254
            ],
            [
              72.7950244,
              19.1322761
            ],
            [
              72.7950518,
              19.1322995
            ],
            [
              72.7950702,
              19.1323064
            ],
            [
              72.7950932,
              19.1323074
            ],
            [
              72.79511,
              19.1323033
            ],
            [
              72.7951361,
              19.1322892
            ],
            [
              72.795152,
              19.1322695
            ],
            [
              72.7951602,
              19.132246
            ],
            [
              72.7951563,
              19.1322145
            ],
            [
              72.7951447,
              19.132193
            ],
            [
              72.7951314,
              19.1321806
            ],
            [
              72.7951128,
              19.1321702
            ],
            [
              72.7950777,
              19.132165
            ],
            [
              72.7950599,
              19.1321699
            ],
            [
              72.7950413,
              19.1321208
            ],
            [
              72.7951642,
              19.1316167
            ],
            [
              72.7943555,
              19.1312898
            ],
            [
              72.7940413,
              19.1310925
            ],
            [
              72.7938296,
              19.1310111
            ],
            [
              72.7929886,
              19.1307022
            ],
            [
              72.7926163,
              19.1309042
            ],
            [
              72.7920478,
              19.1312227
            ],
            [
              72.7920373,
              19.1312149
            ],
            [
              72.7918137,
              19.1313374
            ],
            [
              72.7904067,
              19.1312007
            ],
            [
              72.7896217,
              19.1311313
            ],
            [
              72.7889675,
              19.1305208
            ],
            [
              72.7881416,
              19.1298759
            ],
            [
              72.7877907,
              19.1299658
            ],
            [
              72.7872027,
              19.1300633
            ],
            [
              72.7871899,
              19.1302744
            ],
            [
              72.7873825,
              19.1303046
            ],
            [
              72.7880306,
              19.1304265
            ],
            [
              72.7880217,
              19.130777
            ],
            [
              72.7877915,
              19.1316827
            ],
            [
              72.7877032,
              19.1322998
            ],
            [
              72.787656,
              19.1326641
            ],
            [
              72.7876827,
              19.1329397
            ],
            [
              72.7877554,
              19.1335639
            ],
            [
              72.7879356,
              19.1338215
            ],
            [
              72.7880115,
              19.1339929
            ],
            [
              72.7880737,
              19.1342801
            ],
            [
              72.7881827,
              19.1345158
            ],
            [
              72.7881895,
              19.134565
            ],
            [
              72.7882106,
              19.1346515
            ],
            [
              72.7882365,
              19.1347215
            ],
            [
              72.7883015,
              19.1348413
            ],
            [
              72.7882703,
              19.1352226
            ],
            [
              72.7883014,
              19.1356591
            ],
            [
              72.7883732,
              19.1365523
            ],
            [
              72.7885135,
              19.1371576
            ],
            [
              72.7885397,
              19.1384547
            ],
            [
              72.7885522,
              19.1392785
            ],
            [
              72.7884942,
              19.1394017
            ],
            [
              72.7881306,
              19.1402639
            ],
            [
              72.788179,
              19.140435
            ],
            [
              72.7881779,
              19.1405962
            ],
            [
              72.7881988,
              19.1416177
            ],
            [
              72.7876762,
              19.1421209
            ],
            [
              72.787975,
              19.1431057
            ],
            [
              72.7881713,
              19.1434258
            ],
            [
              72.7881751,
              19.1437011
            ],
            [
              72.7882166,
              19.1439275
            ],
            [
              72.788398,
              19.1442544
            ],
            [
              72.7885521,
              19.1443975
            ],
            [
              72.7886451,
              19.1446598
            ],
            [
              72.7888352,
              19.144888
            ],
            [
              72.7889822,
              19.1455675
            ],
            [
              72.7890491,
              19.1461189
            ],
            [
              72.7891398,
              19.1471154
            ],
            [
              72.7891443,
              19.147892
            ],
            [
              72.7890628,
              19.1486853
            ],
            [
              72.7887258,
              19.1497507
            ],
            [
              72.788434,
              19.1504672
            ],
            [
              72.7882507,
              19.1508462
            ],
            [
              72.7880829,
              19.151176
            ],
            [
              72.7878557,
              19.151498
            ],
            [
              72.7875295,
              19.1520094
            ],
            [
              72.787137,
              19.1524777
            ],
            [
              72.786647,
              19.1530083
            ],
            [
              72.7862113,
              19.1533701
            ],
            [
              72.7857164,
              19.1537171
            ],
            [
              72.7852224,
              19.1540006
            ],
            [
              72.7849678,
              19.1541528
            ],
            [
              72.7846542,
              19.1542691
            ],
            [
              72.7844743,
              19.154394
            ],
            [
              72.7844126,
              19.1545626
            ],
            [
              72.7843501,
              19.1547878
            ],
            [
              72.7843401,
              19.1551613
            ],
            [
              72.7842648,
              19.1561943
            ],
            [
              72.7841714,
              19.156494
            ],
            [
              72.7840467,
              19.1569302
            ],
            [
              72.7839706,
              19.1570634
            ],
            [
              72.7837734,
              19.1573646
            ],
            [
              72.7836381,
              19.157483
            ],
            [
              72.7833163,
              19.1576626
            ],
            [
              72.7829282,
              19.1577991
            ],
            [
              72.7826514,
              19.157944
            ],
            [
              72.7824436,
              19.1579274
            ],
            [
              72.7821467,
              19.1579097
            ],
            [
              72.7819017,
              19.1578997
            ],
            [
              72.781716,
              19.1578974
            ],
            [
              72.7816548,
              19.1580308
            ],
            [
              72.7816903,
              19.1581513
            ],
            [
              72.7818,
              19.1582797
            ],
            [
              72.7821573,
              19.1587852
            ],
            [
              72.7823326,
              19.1590062
            ],
            [
              72.7825907,
              19.1591505
            ],
            [
              72.7828785,
              19.1592951
            ],
            [
              72.7830923,
              19.1594177
            ],
            [
              72.7833067,
              19.1594909
            ],
            [
              72.7835624,
              19.1594785
            ],
            [
              72.7837945,
              19.1597957
            ],
            [
              72.7837466,
              19.1606718
            ],
            [
              72.7836841,
              19.160877
            ],
            [
              72.7835949,
              19.1612734
            ],
            [
              72.7835329,
              19.1614632
            ],
            [
              72.7832968,
              19.1618981
            ],
            [
              72.7831904,
              19.1620803
            ],
            [
              72.7828883,
              19.1624508
            ],
            [
              72.7824591,
              19.1628763
            ],
            [
              72.7821658,
              19.163148
            ],
            [
              72.7816785,
              19.1634833
            ],
            [
              72.7814064,
              19.1638236
            ],
            [
              72.781262,
              19.164069
            ],
            [
              72.7811695,
              19.164322
            ],
            [
              72.781092,
              19.1645611
            ],
            [
              72.781074,
              19.1647938
            ],
            [
              72.781108,
              19.1650272
            ],
            [
              72.7811205,
              19.1652038
            ],
            [
              72.7812615,
              19.1653863
            ],
            [
              72.7814526,
              19.1658353
            ],
            [
              72.7814846,
              19.166145
            ],
            [
              72.7816062,
              19.1665247
            ],
            [
              72.7816718,
              19.167024
            ],
            [
              72.7818103,
              19.1673242
            ],
            [
              72.7822695,
              19.167356
            ],
            [
              72.7826297,
              19.1674215
            ],
            [
              72.7833811,
              19.1672433
            ],
            [
              72.7838069,
              19.1672917
            ],
            [
              72.7841701,
              19.1673033
            ],
            [
              72.784197,
              19.1671284
            ],
            [
              72.7844621,
              19.166777
            ],
            [
              72.7846003,
              19.1665663
            ],
            [
              72.7847196,
              19.1664215
            ],
            [
              72.7849092,
              19.166442
            ],
            [
              72.7852937,
              19.1663984
            ],
            [
              72.7861269,
              19.1665435
            ],
            [
              72.7873591,
              19.1676905
            ],
            [
              72.7876869,
              19.1684051
            ],
            [
              72.7881018,
              19.1687711
            ],
            [
              72.7883649,
              19.1693001
            ],
            [
              72.7886426,
              19.1698411
            ],
            [
              72.7897947,
              19.1705742
            ],
            [
              72.7902986,
              19.1708745
            ],
            [
              72.7905164,
              19.1710104
            ],
            [
              72.7907298,
              19.171054
            ],
            [
              72.791555,
              19.1712083
            ],
            [
              72.7919772,
              19.1712953
            ],
            [
              72.792514,
              19.1713988
            ],
            [
              72.7925423,
              19.1714018
            ],
            [
              72.7931555,
              19.1718533
            ],
            [
              72.7932665,
              19.1722293
            ],
            [
              72.7934435,
              19.1728705
            ],
            [
              72.7935976,
              19.1734894
            ],
            [
              72.7941213,
              19.174223
            ],
            [
              72.7954158,
              19.1780291
            ],
            [
              72.7958426,
              19.17907
            ],
            [
              72.7960619,
              19.1800202
            ],
            [
              72.7959463,
              19.1817378
            ],
            [
              72.7957399,
              19.1833
            ],
            [
              72.7960203,
              19.1848901
            ],
            [
              72.7962264,
              19.1868319
            ],
            [
              72.796217,
              19.187537
            ],
            [
              72.7960174,
              19.1885925
            ],
            [
              72.7954652,
              19.1899963
            ],
            [
              72.795386,
              19.1907226
            ],
            [
              72.7955856,
              19.1914081
            ],
            [
              72.7959435,
              19.1924041
            ],
            [
              72.7962356,
              19.1931129
            ],
            [
              72.7965535,
              19.1936236
            ],
            [
              72.7965224,
              19.1942182
            ],
            [
              72.79656,
              19.1948798
            ],
            [
              72.7964329,
              19.1957157
            ],
            [
              72.7964027,
              19.196166
            ],
            [
              72.7946617,
              19.195988
            ],
            [
              72.7929535,
              19.1955866
            ],
            [
              72.7927355,
              19.195345
            ],
            [
              72.7925176,
              19.1952513
            ],
            [
              72.79241,
              19.1951068
            ],
            [
              72.7923437,
              19.1949434
            ],
            [
              72.7922581,
              19.1946886
            ],
            [
              72.7922527,
              19.194578
            ],
            [
              72.7921451,
              19.194427
            ],
            [
              72.7919757,
              19.1942949
            ],
            [
              72.7918474,
              19.1941632
            ],
            [
              72.7917331,
              19.1939992
            ],
            [
              72.7916455,
              19.193894
            ],
            [
              72.7915178,
              19.1937103
            ],
            [
              72.7912808,
              19.1935123
            ],
            [
              72.7909746,
              19.1933654
            ],
            [
              72.7907295,
              19.1932584
            ],
            [
              72.7905115,
              19.1931777
            ],
            [
              72.790286,
              19.1931359
            ],
            [
              72.7901151,
              19.1931208
            ],
            [
              72.7897386,
              19.1931098
            ],
            [
              72.7894578,
              19.1931064
            ],
            [
              72.7886316,
              19.1934413
            ],
            [
              72.788424,
              19.1936079
            ],
            [
              72.7882853,
              19.1937364
            ],
            [
              72.7880987,
              19.1938643
            ],
            [
              72.7878028,
              19.1939713
            ],
            [
              72.7876243,
              19.1940017
            ],
            [
              72.7873573,
              19.1939984
            ],
            [
              72.7872824,
              19.1939715
            ],
            [
              72.7870169,
              19.1938512
            ],
            [
              72.7867156,
              19.1938476
            ],
            [
              72.7865858,
              19.1938265
            ],
            [
              72.7864979,
              19.1937408
            ],
            [
              72.7861026,
              19.1935994
            ],
            [
              72.7859037,
              19.1936231
            ],
            [
              72.785821,
              19.1936676
            ],
            [
              72.7856701,
              19.1936853
            ],
            [
              72.7856358,
              19.1936849
            ],
            [
              72.7855059,
              19.1936703
            ],
            [
              72.7852683,
              19.1935178
            ],
            [
              72.7850164,
              19.1934041
            ],
            [
              72.7847577,
              19.1932969
            ],
            [
              72.7845319,
              19.1932812
            ],
            [
              72.7842106,
              19.1932383
            ],
            [
              72.7839367,
              19.193235
            ],
            [
              72.7837163,
              19.1933364
            ],
            [
              72.7835223,
              19.1935032
            ],
            [
              72.783321,
              19.1937025
            ],
            [
              72.7831141,
              19.1938171
            ],
            [
              72.7826421,
              19.1937788
            ],
            [
              72.7823464,
              19.1938663
            ],
            [
              72.7822149,
              19.1939753
            ],
            [
              72.7821585,
              19.1940918
            ],
            [
              72.7820464,
              19.1942856
            ],
            [
              72.7818211,
              19.1944379
            ],
            [
              72.7817553,
              19.1944481
            ],
            [
              72.7816669,
              19.1945453
            ],
            [
              72.7815717,
              19.194766
            ],
            [
              72.7815736,
              19.1950318
            ],
            [
              72.7824108,
              19.1973362
            ],
            [
              72.7824304,
              19.1981103
            ],
            [
              72.7824197,
              19.1989031
            ],
            [
              72.7824473,
              19.1992389
            ],
            [
              72.7825697,
              19.1996877
            ],
            [
              72.7826526,
              19.199892
            ],
            [
              72.78286,
              19.2003045
            ],
            [
              72.7831281,
              19.2005137
            ],
            [
              72.783324,
              19.2007219
            ],
            [
              72.7836305,
              19.20076
            ],
            [
              72.784172,
              19.2007837
            ],
            [
              72.7846237,
              19.200772
            ],
            [
              72.7849616,
              19.2007507
            ],
            [
              72.7849848,
              19.2007763
            ],
            [
              72.7854271,
              19.201468
            ],
            [
              72.785745,
              19.2020038
            ],
            [
              72.7857594,
              19.2022785
            ],
            [
              72.7858416,
              19.20288
            ],
            [
              72.785703,
              19.2037877
            ],
            [
              72.7854232,
              19.2044535
            ],
            [
              72.7850357,
              19.2050665
            ],
            [
              72.7845415,
              19.2055581
            ],
            [
              72.7842674,
              19.205795
            ],
            [
              72.783756,
              19.2062178
            ],
            [
              72.7823407,
              19.2067038
            ],
            [
              72.7823175,
              19.2067058
            ],
            [
              72.7820279,
              19.2067661
            ],
            [
              72.7817021,
              19.2067799
            ],
            [
              72.7812142,
              19.2066145
            ],
            [
              72.7808633,
              19.2064476
            ],
            [
              72.7806615,
              19.2063334
            ],
            [
              72.7805138,
              19.2061791
            ],
            [
              72.7803108,
              19.2061563
            ],
            [
              72.7800826,
              19.2064178
            ],
            [
              72.7800898,
              19.2066721
            ],
            [
              72.7801165,
              19.207079
            ],
            [
              72.7801641,
              19.2075167
            ],
            [
              72.7802444,
              19.2079142
            ],
            [
              72.7802926,
              19.2083112
            ],
            [
              72.7803304,
              19.2086776
            ],
            [
              72.7804543,
              19.2090146
            ],
            [
              72.7804704,
              19.2094113
            ],
            [
              72.7804892,
              19.2096046
            ],
            [
              72.7804973,
              19.2097979
            ],
            [
              72.7803738,
              19.2102335
            ],
            [
              72.780444,
              19.21058
            ],
            [
              72.7807498,
              19.2109192
            ],
            [
              72.7810229,
              19.2112986
            ],
            [
              72.7810833,
              19.211584
            ],
            [
              72.781271,
              19.2119522
            ],
            [
              72.7813307,
              19.2122884
            ],
            [
              72.7814539,
              19.2126762
            ],
            [
              72.781486,
              19.2134695
            ],
            [
              72.7815331,
              19.2139479
            ],
            [
              72.7815195,
              19.2149643
            ],
            [
              72.7814726,
              19.2152687
            ],
            [
              72.7813053,
              19.215775
            ],
            [
              72.7811061,
              19.2162605
            ],
            [
              72.7808605,
              19.21702
            ],
            [
              72.7808039,
              19.2172531
            ],
            [
              72.78065169037373,
              19.2175333401192
            ],
            [
              72.78188966304613,
              19.21747202903486
            ]
          ]
        ]
      },
      "properties": {
        "id": 14,
        "name": "Ulhasnagar",
        "zone": "South West",
        "area_km2": 133.3,
        "population": 88864,
        "density_per_km2": 666,
        "lst_avg_celsius": 31.89,
        "ndvi_avg": 0.261,
        "slum_density": 0.27,
        "outdoor_labor_index": 0.16,
        "elderly_ratio": 0.089,
        "child_ratio": 0.088,
        "water_scarcity_index": 0.34,
        "tree_canopy_ratio": 0.39,
        "public_water_access": 0.66,
        "cool_roofs_ratio": 0.25,
        "risk_score": 37.6,
        "vulnerability": "Medium Risk"
      }
    },
    {
      "type": "Feature",
      "geometry": {
        "type": "Polygon",
        "coordinates": [
          [
            [
              72.81331314367968,
              19.4434468088735
            ],
            [
              72.75893455223095,
              19.419402167903115
            ],
            [
              72.7589111,
              19.4194846
            ],
            [
              72.7588807,
              19.4195914
            ],
            [
              72.7588543,
              19.4196844
            ],
            [
              72.7588191,
              19.4198081
            ],
            [
              72.7587873,
              19.41992
            ],
            [
              72.7587667,
              19.419996
            ],
            [
              72.7587399,
              19.4200822
            ],
            [
              72.758704,
              19.420205
            ],
            [
              72.7586699,
              19.4203213
            ],
            [
              72.7586368,
              19.4204346
            ],
            [
              72.7582428,
              19.4217818
            ],
            [
              72.7579424,
              19.4228974
            ],
            [
              72.7576412,
              19.4237923
            ],
            [
              72.7574981,
              19.4242176
            ],
            [
              72.757355,
              19.4246428
            ],
            [
              72.7570707,
              19.4255787
            ],
            [
              72.7567917,
              19.4264564
            ],
            [
              72.756557,
              19.4271976
            ],
            [
              72.7563223,
              19.4279387
            ],
            [
              72.7560595,
              19.4288025
            ],
            [
              72.7557966,
              19.4296663
            ],
            [
              72.7556497,
              19.4301032
            ],
            [
              72.7554801,
              19.4306073
            ],
            [
              72.7553217,
              19.4311539
            ],
            [
              72.755185,
              19.4316014
            ],
            [
              72.7549825,
              19.4322754
            ],
            [
              72.7547022,
              19.4329116
            ],
            [
              72.7543402,
              19.4339461
            ],
            [
              72.7541042,
              19.4345127
            ],
            [
              72.7538681,
              19.4350793
            ],
            [
              72.7536321,
              19.4357709
            ],
            [
              72.7532512,
              19.4368871
            ],
            [
              72.7528703,
              19.4380032
            ],
            [
              72.7515842,
              19.4417659
            ],
            [
              72.7512503,
              19.4429455
            ],
            [
              72.7486874,
              19.4497675
            ],
            [
              72.7483991,
              19.4504407
            ],
            [
              72.7480021,
              19.4513765
            ],
            [
              72.747345,
              19.4525917
            ],
            [
              72.746669,
              19.4539119
            ],
            [
              72.7461648,
              19.454615
            ],
            [
              72.7456337,
              19.4554395
            ],
            [
              72.7450436,
              19.4566534
            ],
            [
              72.7447808,
              19.4571441
            ],
            [
              72.7446145,
              19.4575032
            ],
            [
              72.7444187,
              19.4584376
            ],
            [
              72.7441692,
              19.4600676
            ],
            [
              72.7443007,
              19.4605064
            ],
            [
              72.744475,
              19.4619441
            ],
            [
              72.744711,
              19.4626218
            ],
            [
              72.7447915,
              19.4633654
            ],
            [
              72.7449846,
              19.4643415
            ],
            [
              72.7453119,
              19.4649737
            ],
            [
              72.7456605,
              19.4655352
            ],
            [
              72.7461487,
              19.4661977
            ],
            [
              72.7467442,
              19.4668704
            ],
            [
              72.747286,
              19.4674167
            ],
            [
              72.748493,
              19.4681399
            ],
            [
              72.7498877,
              19.4688884
            ],
            [
              72.7506092,
              19.4694435
            ],
            [
              72.7518618,
              19.47078
            ],
            [
              72.7525324,
              19.4715589
            ],
            [
              72.7530956,
              19.4722366
            ],
            [
              72.7539808,
              19.4733594
            ],
            [
              72.7548015,
              19.474558
            ],
            [
              72.7559702,
              19.4762216
            ],
            [
              72.7572134,
              19.4776908
            ],
            [
              72.75767755669567,
              19.478161286105152
            ],
            [
              72.81331314367968,
              19.4434468088735
            ]
          ]
        ]
      },
      "properties": {
        "id": 15,
        "name": "Ambarnath",
        "zone": "Central",
        "area_km2": 24.88,
        "population": 100816,
        "density_per_km2": 4051,
        "lst_avg_celsius": 30.71,
        "ndvi_avg": 0.395,
        "slum_density": 0.34,
        "outdoor_labor_index": 0.19,
        "elderly_ratio": 0.104,
        "child_ratio": 0.114,
        "water_scarcity_index": 0.33,
        "tree_canopy_ratio": 0.59,
        "public_water_access": 0.67,
        "cool_roofs_ratio": 0.22,
        "risk_score": 25.7,
        "vulnerability": "Low Risk"
      }
    },
    {
      "type": "Feature",
      "geometry": {
        "type": "Polygon",
        "coordinates": [
          [
            [
              72.78188966304613,
              19.21747202903486
            ],
            [
              72.95768775158398,
              19.33689892948879
            ],
            [
              73.05931946110042,
              19.20528293037478
            ],
            [
              73.0615005064717,
              19.1920857907807
            ],
            [
              72.8907487184088,
              19.166668402664875
            ],
            [
              72.82898588243177,
              19.18648867674437
            ],
            [
              72.78188966304613,
              19.21747202903486
            ]
          ]
        ]
      },
      "properties": {
        "id": 16,
        "name": "Badlapur",
        "zone": "North",
        "area_km2": 316.23,
        "population": 61256,
        "density_per_km2": 193,
        "lst_avg_celsius": 32.94,
        "ndvi_avg": 0.22,
        "slum_density": 0.45,
        "outdoor_labor_index": 0.42,
        "elderly_ratio": 0.093,
        "child_ratio": 0.121,
        "water_scarcity_index": 0.39,
        "tree_canopy_ratio": 0.33,
        "public_water_access": 0.61,
        "cool_roofs_ratio": 0.2,
        "risk_score": 63.1,
        "vulnerability": "High Risk"
      }
    },
    {
      "type": "Feature",
      "geometry": {
        "type": "MultiPolygon",
        "coordinates": [
          [
            [
              [
                73.25906987786031,
                19.393536635346003
              ],
              [
                73.2590675,
                19.393906
              ],
              [
                73.2598185,
                19.3956669
              ],
              [
                73.2614922,
                19.396436
              ],
              [
                73.2631445,
                19.3964967
              ],
              [
                73.2652688,
                19.3970229
              ],
              [
                73.2668781,
                19.3978325
              ],
              [
                73.2684445,
                19.3990874
              ],
              [
                73.2700968,
                19.4005649
              ],
              [
                73.2723927,
                19.401678
              ],
              [
                73.2740879,
                19.4014756
              ],
              [
                73.27503890774183,
                19.400799902149775
              ],
              [
                73.25906987786031,
                19.393536635346003
              ]
            ]
          ],
          [
            [
              [
                73.19181728761212,
                19.362947832529468
              ],
              [
                73.16319061528534,
                19.36260125518196
              ],
              [
                73.08574948055659,
                19.427290445073545
              ],
              [
                73.09587908616363,
                19.490452504542
              ],
              [
                73.0961555,
                19.490544
              ],
              [
                73.09659,
                19.4907767
              ],
              [
                73.098017,
                19.4923342
              ],
              [
                73.0991328,
                19.4930675
              ],
              [
                73.0998838,
                19.4947363
              ],
              [
                73.1006563,
                19.4955757
              ],
              [
                73.1019384,
                19.4958791
              ],
              [
                73.1038159,
                19.496228
              ],
              [
                73.1046742,
                19.4960207
              ],
              [
                73.1077105,
                19.4941041
              ],
              [
                73.1088316,
                19.4940688
              ],
              [
                73.1100816,
                19.4945972
              ],
              [
                73.1115085,
                19.4956743
              ],
              [
                73.1123239,
                19.4962912
              ],
              [
                73.1139171,
                19.4962381
              ],
              [
                73.1159744,
                19.4961572
              ],
              [
                73.117758,
                19.4957856
              ],
              [
                73.1182408,
                19.4959297
              ],
              [
                73.1186727,
                19.4959676
              ],
              [
                73.1196114,
                19.496534
              ],
              [
                73.1216311,
                19.4977173
              ],
              [
                73.1218377,
                19.4979069
              ],
              [
                73.122527,
                19.4985668
              ],
              [
                73.1234604,
                19.4990421
              ],
              [
                73.1249168,
                19.4990093
              ],
              [
                73.1269017,
                19.4995428
              ],
              [
                73.1281033,
                19.4994492
              ],
              [
                73.1291574,
                19.4995959
              ],
              [
                73.1301069,
                19.4999397
              ],
              [
                73.1313863,
                19.5007311
              ],
              [
                73.1332612,
                19.5011634
              ],
              [
                73.1332451,
                19.5019169
              ],
              [
                73.1327945,
                19.5034946
              ],
              [
                73.1322312,
                19.5048902
              ],
              [
                73.1315231,
                19.5065133
              ],
              [
                73.1315124,
                19.5077572
              ],
              [
                73.1312737,
                19.5085941
              ],
              [
                73.1302062,
                19.5097368
              ],
              [
                73.1297046,
                19.510877
              ],
              [
                73.130343,
                19.5121993
              ],
              [
                73.1311047,
                19.5129982
              ],
              [
                73.1324753,
                19.5147375
              ],
              [
                73.133162,
                19.5157286
              ],
              [
                73.1334865,
                19.5166488
              ],
              [
                73.1338593,
                19.5168536
              ],
              [
                73.1355223,
                19.5177258
              ],
              [
                73.1365818,
                19.5177182
              ],
              [
                73.1389153,
                19.5176853
              ],
              [
                73.1399372,
                19.5184791
              ],
              [
                73.1406185,
                19.5189999
              ],
              [
                73.1423888,
                19.5190505
              ],
              [
                73.1452292,
                19.5190985
              ],
              [
                73.1467152,
                19.5193513
              ],
              [
                73.1486732,
                19.5196698
              ],
              [
                73.1505775,
                19.5198291
              ],
              [
                73.1516102,
                19.5198772
              ],
              [
                73.1548557,
                19.5199201
              ],
              [
                73.157385,
                19.5204182
              ],
              [
                73.1600216,
                19.5198797
              ],
              [
                73.161698,
                19.5200491
              ],
              [
                73.1633744,
                19.5202033
              ],
              [
                73.1648067,
                19.5211993
              ],
              [
                73.1659976,
                19.5220487
              ],
              [
                73.168087,
                19.5224077
              ],
              [
                73.1688407,
                19.5232394
              ],
              [
                73.1702408,
                19.5249003
              ],
              [
                73.1715631,
                19.5255753
              ],
              [
                73.1724939,
                19.5260278
              ],
              [
                73.1725073,
                19.5223091
              ],
              [
                73.1735694,
                19.5212474
              ],
              [
                73.1738377,
                19.5196901
              ],
              [
                73.1738377,
                19.5178901
              ],
              [
                73.1753397,
                19.5126417
              ],
              [
                73.175565,
                19.5115293
              ],
              [
                73.1765628,
                19.5094158
              ],
              [
                73.1755113,
                19.5075145
              ],
              [
                73.1753182,
                19.5061189
              ],
              [
                73.1753826,
                19.5046424
              ],
              [
                73.1755757,
                19.5029839
              ],
              [
                73.1757688,
                19.5013253
              ],
              [
                73.1764769,
                19.499788
              ],
              [
                73.1770348,
                19.4988171
              ],
              [
                73.1780219,
                19.4956212
              ],
              [
                73.1795025,
                19.4925871
              ],
              [
                73.1806826,
                19.4912116
              ],
              [
                73.1823993,
                19.4900586
              ],
              [
                73.1834507,
                19.4894517
              ],
              [
                73.1849527,
                19.4894922
              ],
              [
                73.1883001,
                19.4886628
              ],
              [
                73.1904673,
                19.4883796
              ],
              [
                73.1929779,
                19.4881167
              ],
              [
                73.1950807,
                19.4875503
              ],
              [
                73.1965828,
                19.4871255
              ],
              [
                73.1976557,
                19.4871862
              ],
              [
                73.1993294,
                19.4871255
              ],
              [
                73.200531,
                19.48664
              ],
              [
                73.2029557,
                19.4841923
              ],
              [
                73.2051444,
                19.4815828
              ],
              [
                73.2066035,
                19.4797015
              ],
              [
                73.2070756,
                19.4784472
              ],
              [
                73.2071614,
                19.4765659
              ],
              [
                73.2070327,
                19.4751093
              ],
              [
                73.2073116,
                19.4740978
              ],
              [
                73.2086634,
                19.4730458
              ],
              [
                73.2098436,
                19.4725603
              ],
              [
                73.2118606,
                19.4727626
              ],
              [
                73.2182121,
                19.4696471
              ],
              [
                73.2221174,
                19.467442
              ],
              [
                73.2254433,
                19.4653177
              ],
              [
                73.2284045,
                19.4631732
              ],
              [
                73.2297563,
                19.4625055
              ],
              [
                73.2320308,
                19.4611298
              ],
              [
                73.2320952,
                19.4595922
              ],
              [
                73.2317519,
                19.4580748
              ],
              [
                73.2300567,
                19.4560313
              ],
              [
                73.2299065,
                19.4548983
              ],
              [
                73.2299709,
                19.4496377
              ],
              [
                73.2278037,
                19.4474121
              ],
              [
                73.2272243,
                19.4465016
              ],
              [
                73.2261514,
                19.444377
              ],
              [
                73.2263231,
                19.4431023
              ],
              [
                73.229177,
                19.4428999
              ],
              [
                73.2305932,
                19.4422525
              ],
              [
                73.2311511,
                19.4406944
              ],
              [
                73.2320094,
                19.4393185
              ],
              [
                73.2329106,
                19.4368296
              ],
              [
                73.2340479,
                19.434361
              ],
              [
                73.2356572,
                19.4324184
              ],
              [
                73.2371378,
                19.4312447
              ],
              [
                73.2384681,
                19.43084
              ],
              [
                73.2408929,
                19.4301115
              ],
              [
                73.2414293,
                19.42912
              ],
              [
                73.2414722,
                19.4273999
              ],
              [
                73.2415795,
                19.425943
              ],
              [
                73.242073,
                19.4245871
              ],
              [
                73.2422018,
                19.4234134
              ],
              [
                73.2424378,
                19.419447
              ],
              [
                73.2426739,
                19.4174638
              ],
              [
                73.2451415,
                19.4164519
              ],
              [
                73.2463431,
                19.4158853
              ],
              [
                73.2469225,
                19.4146306
              ],
              [
                73.2464933,
                19.4132342
              ],
              [
                73.245635,
                19.4123032
              ],
              [
                73.2452917,
                19.4113723
              ],
              [
                73.2453131,
                19.4046936
              ],
              [
                73.2463646,
                19.4039245
              ],
              [
                73.2466006,
                19.4029328
              ],
              [
                73.2463646,
                19.4016578
              ],
              [
                73.2458067,
                19.4005851
              ],
              [
                73.2449484,
                19.3990469
              ],
              [
                73.2440042,
                19.3973265
              ],
              [
                73.2423305,
                19.3944322
              ],
              [
                73.2420087,
                19.3930154
              ],
              [
                73.2419872,
                19.3917605
              ],
              [
                73.2418155,
                19.3910116
              ],
              [
                73.2409358,
                19.3901008
              ],
              [
                73.2432318,
                19.3877731
              ],
              [
                73.24422487938071,
                19.38678461687908
              ],
              [
                73.19181728761212,
                19.362947832529468
              ]
            ]
          ]
        ]
      },
      "properties": {
        "id": 17,
        "name": "Panvel",
        "zone": "East",
        "area_km2": 208.43,
        "population": 72777,
        "density_per_km2": 349,
        "lst_avg_celsius": 31.8,
        "ndvi_avg": 0.303,
        "slum_density": 0.37,
        "outdoor_labor_index": 0.44,
        "elderly_ratio": 0.105,
        "child_ratio": 0.122,
        "water_scarcity_index": 0.4,
        "tree_canopy_ratio": 0.45,
        "public_water_access": 0.6,
        "cool_roofs_ratio": 0.21,
        "risk_score": 51.7,
        "vulnerability": "Medium Risk"
      }
    },
    {
      "type": "Feature",
      "geometry": {
        "type": "Polygon",
        "coordinates": [
          [
            [
              73.0093431735061,
              18.938293540773458
            ],
            [
              73.0898066818062,
              18.797299984722304
            ],
            [
              72.98004391346325,
              18.81447150365256
            ],
            [
              72.9799433,
              18.8150376
            ],
            [
              72.9796289,
              18.8161499
            ],
            [
              72.9794778,
              18.8179624
            ],
            [
              72.9794211,
              18.819894
            ],
            [
              72.9798557,
              18.8225649
            ],
            [
              72.9803974,
              18.8241865
            ],
            [
              72.9809894,
              18.8252894
            ],
            [
              72.9810902,
              18.8257186
            ],
            [
              72.9811871,
              18.8258554
            ],
            [
              72.9817318,
              18.8258974
            ],
            [
              72.9819657,
              18.8262135
            ],
            [
              72.9814575,
              18.8264071
            ],
            [
              72.9814709,
              18.8268314
            ],
            [
              72.9816147,
              18.8273886
            ],
            [
              72.9818957,
              18.8278572
            ],
            [
              72.9824845,
              18.8283448
            ],
            [
              72.9830866,
              18.8284714
            ],
            [
              72.9830979,
              18.8286919
            ],
            [
              72.9826818,
              18.828959
            ],
            [
              72.9823239,
              18.8294308
            ],
            [
              72.9819492,
              18.8298423
            ],
            [
              72.9817385,
              18.8301938
            ],
            [
              72.9816304,
              18.83047
            ],
            [
              72.9816984,
              18.8311531
            ],
            [
              72.9819191,
              18.8320269
            ],
            [
              72.9823306,
              18.8333567
            ],
            [
              72.9826551,
              18.8337239
            ],
            [
              72.9825279,
              18.8341228
            ],
            [
              72.9821834,
              18.8344616
            ],
            [
              72.981889,
              18.8347719
            ],
            [
              72.9818255,
              18.8351011
            ],
            [
              72.9819325,
              18.8352626
            ],
            [
              72.9821934,
              18.8354747
            ],
            [
              72.9821198,
              18.8356362
            ],
            [
              72.9816685,
              18.8357454
            ],
            [
              72.9811866,
              18.8360636
            ],
            [
              72.9807216,
              18.836548
            ],
            [
              72.980193,
              18.8372952
            ],
            [
              72.979805,
              18.8385109
            ],
            [
              72.9797324,
              18.8400175
            ],
            [
              72.9795842,
              18.8408663
            ],
            [
              72.9796311,
              18.8440891
            ],
            [
              72.9796846,
              18.8447666
            ],
            [
              72.9797582,
              18.8455897
            ],
            [
              72.979698,
              18.8482996
            ],
            [
              72.9797381,
              18.849433
            ],
            [
              72.979979,
              18.851573
            ],
            [
              72.9805543,
              18.852472
            ],
            [
              72.9813906,
              18.8531115
            ],
            [
              72.9818322,
              18.853618
            ],
            [
              72.9838537,
              18.8554375
            ],
            [
              72.9842319,
              18.85592
            ],
            [
              72.9843646,
              18.8561789
            ],
            [
              72.98499,
              18.8573028
            ],
            [
              72.9855653,
              18.8583537
            ],
            [
              72.9860738,
              18.8590755
            ],
            [
              72.9864217,
              18.8600251
            ],
            [
              72.9869368,
              18.8612027
            ],
            [
              72.9873851,
              18.8624119
            ],
            [
              72.9877798,
              18.8633552
            ],
            [
              72.9879337,
              18.8637224
            ],
            [
              72.9880959,
              18.8640738
            ],
            [
              72.988098,
              18.864327
            ],
            [
              72.9883284,
              18.8648873
            ],
            [
              72.9884637,
              18.8655747
            ],
            [
              72.9873505,
              18.8661821
            ],
            [
              72.986552,
              18.8666177
            ],
            [
              72.9859275,
              18.8660343
            ],
            [
              72.9856255,
              18.8657419
            ],
            [
              72.9852007,
              18.8653289
            ],
            [
              72.9849314,
              18.8651563
            ],
            [
              72.9847419,
              18.8650927
            ],
            [
              72.9836047,
              18.8648287
            ],
            [
              72.9820812,
              18.8640977
            ],
            [
              72.9815712,
              18.8636148
            ],
            [
              72.9799457,
              18.863511
            ],
            [
              72.9784135,
              18.8631463
            ],
            [
              72.9783017,
              18.863291
            ],
            [
              72.9780113,
              18.8632523
            ],
            [
              72.9779943,
              18.8631199
            ],
            [
              72.9775332,
              18.8626788
            ],
            [
              72.9768413,
              18.8621903
            ],
            [
              72.9763829,
              18.8617754
            ],
            [
              72.9757999,
              18.861397
            ],
            [
              72.9749212,
              18.8609051
            ],
            [
              72.9730813,
              18.8596516
            ],
            [
              72.972118,
              18.8587842
            ],
            [
              72.9709672,
              18.8581131
            ],
            [
              72.9685225,
              18.8563862
            ],
            [
              72.9681975,
              18.8563467
            ],
            [
              72.9679968,
              18.856429
            ],
            [
              72.9678596,
              18.8567456
            ],
            [
              72.9679566,
              18.857192
            ],
            [
              72.9684316,
              18.8578156
            ],
            [
              72.9684116,
              18.8581891
            ],
            [
              72.9680732,
              18.8581379
            ],
            [
              72.9678462,
              18.8581036
            ],
            [
              72.9672843,
              18.8574895
            ],
            [
              72.9669665,
              18.8572268
            ],
            [
              72.9668427,
              18.8571002
            ],
            [
              72.9668461,
              18.856964
            ],
            [
              72.9669029,
              18.8568532
            ],
            [
              72.9672441,
              18.8563562
            ],
            [
              72.9672793,
              18.8562676
            ],
            [
              72.9672575,
              18.8561426
            ],
            [
              72.9671237,
              18.8560413
            ],
            [
              72.9681551,
              18.8540565
            ],
            [
              72.9685146,
              18.8538636
            ],
            [
              72.9704565,
              18.8510309
            ],
            [
              72.9710197,
              18.8513456
            ],
            [
              72.9714274,
              18.8506755
            ],
            [
              72.9712129,
              18.8505283
            ],
            [
              72.9713309,
              18.8503607
            ],
            [
              72.9722024,
              18.8498874
            ],
            [
              72.9720145,
              18.8497723
            ],
            [
              72.971068,
              18.8503252
            ],
            [
              72.9708695,
              18.8503252
            ],
            [
              72.9701185,
              18.8498632
            ],
            [
              72.9707004,
              18.8489673
            ],
            [
              72.9705429,
              18.8488709
            ],
            [
              72.9702339,
              18.8492591
            ],
            [
              72.9699978,
              18.8495078
            ],
            [
              72.969743,
              18.8495688
            ],
            [
              72.9659772,
              18.8472944
            ],
            [
              72.9633915,
              18.8509903
            ],
            [
              72.9678869,
              18.8538484
            ],
            [
              72.9668462,
              18.8559146
            ],
            [
              72.9655158,
              18.8552648
            ],
            [
              72.9651403,
              18.8561176
            ],
            [
              72.96228,
              18.8541466
            ],
            [
              72.9618618,
              18.8538744
            ],
            [
              72.9617481,
              18.8534819
            ],
            [
              72.9611359,
              18.8531273
            ],
            [
              72.9609603,
              18.8524071
            ],
            [
              72.9601107,
              18.8519149
            ],
            [
              72.9598362,
              18.8517316
            ],
            [
              72.9592802,
              18.8515912
            ],
            [
              72.9589984,
              18.8515231
            ],
            [
              72.9584373,
              18.8513268
            ],
            [
              72.9583411,
              18.8512706
            ],
            [
              72.9574075,
              18.8508895
            ],
            [
              72.956809,
              18.8506676
            ],
            [
              72.9562354,
              18.8504539
            ],
            [
              72.9563708,
              18.8500946
            ],
            [
              72.9559209,
              18.8499426
            ],
            [
              72.9558465,
              18.8500836
            ],
            [
              72.9556934,
              18.8500218
            ],
            [
              72.9556065,
              18.8501706
            ],
            [
              72.9552562,
              18.8500037
            ],
            [
              72.9550947,
              18.8498888
            ],
            [
              72.9548204,
              18.8498002
            ],
            [
              72.9548572,
              18.8496387
            ],
            [
              72.9546063,
              18.8495912
            ],
            [
              72.954526,
              18.8496704
            ],
            [
              72.9542718,
              18.8497685
            ],
            [
              72.9538288,
              18.849807
            ],
            [
              72.9535526,
              18.849759
            ],
            [
              72.9534288,
              18.8497115
            ],
            [
              72.9533657,
              18.8494944
            ],
            [
              72.952432,
              18.8491385
            ],
            [
              72.9520473,
              18.8488568
            ],
            [
              72.9517094,
              18.8485719
            ],
            [
              72.9511474,
              18.8483376
            ],
            [
              72.9502175,
              18.8479071
            ],
            [
              72.9500068,
              18.8477425
            ],
            [
              72.9499175,
              18.8475
            ],
            [
              72.9498295,
              18.8471315
            ],
            [
              72.9498796,
              18.8468275
            ],
            [
              72.9500919,
              18.8464678
            ],
            [
              72.9498994,
              18.8463768
            ],
            [
              72.9496421,
              18.8467421
            ],
            [
              72.9487791,
              18.8468497
            ],
            [
              72.9482673,
              18.8468307
            ],
            [
              72.9474712,
              18.8466788
            ],
            [
              72.9469828,
              18.8467073
            ],
            [
              72.9463238,
              18.8466883
            ],
            [
              72.9460662,
              18.8466408
            ],
            [
              72.9459023,
              18.8465933
            ],
            [
              72.945822,
              18.8463938
            ],
            [
              72.9458425,
              18.8460082
            ],
            [
              72.9457827,
              18.845983
            ],
            [
              72.945655,
              18.8459293
            ],
            [
              72.9455176,
              18.8458715
            ],
            [
              72.9454432,
              18.8462046
            ],
            [
              72.94518443259665,
              18.846113431444085
            ],
            [
              72.93054435635192,
              18.87383704877053
            ],
            [
              73.0093431735061,
              18.938293540773458
            ]
          ]
        ]
      },
      "properties": {
        "id": 18,
        "name": "Taloja",
        "zone": "South",
        "area_km2": 127.49,
        "population": 75740,
        "density_per_km2": 594,
        "lst_avg_celsius": 32.86,
        "ndvi_avg": 0.224,
        "slum_density": 0.31,
        "outdoor_labor_index": 0.45,
        "elderly_ratio": 0.074,
        "child_ratio": 0.123,
        "water_scarcity_index": 0.33,
        "tree_canopy_ratio": 0.34,
        "public_water_access": 0.67,
        "cool_roofs_ratio": 0.25,
        "risk_score": 59.3,
        "vulnerability": "High Risk"
      }
    },
    {
      "type": "Feature",
      "geometry": {
        "type": "Polygon",
        "coordinates": [
          [
            [
              73.29978974485614,
              18.88962455563135
            ],
            [
              73.22798341197439,
              18.91029023963867
            ],
            [
              73.32107084887795,
              19.040147317798798
            ],
            [
              73.3210372,
              19.0393205
            ],
            [
              73.3224963,
              19.0371298
            ],
            [
              73.326702,
              19.0387526
            ],
            [
              73.3300494,
              19.0436206
            ],
            [
              73.3371734,
              19.0419168
            ],
            [
              73.3375167,
              19.0363185
            ],
            [
              73.3397483,
              19.0312068
            ],
            [
              73.3387183,
              19.027312
            ],
            [
              73.3380316,
              19.0200904
            ],
            [
              73.3419798,
              19.0153839
            ],
            [
              73.3435248,
              19.0085675
            ],
            [
              73.3418081,
              19.0014261
            ],
            [
              73.3473013,
              18.9999653
            ],
            [
              73.3502196,
              18.9978553
            ],
            [
              73.3550261,
              19.0030491
            ],
            [
              73.3642958,
              19.0028868
            ],
            [
              73.3637808,
              18.9905511
            ],
            [
              73.3696173,
              18.9899018
            ],
            [
              73.3720205,
              18.9952583
            ],
            [
              73.3757971,
              18.9965568
            ],
            [
              73.3766554,
              18.9928235
            ],
            [
              73.3830069,
              18.9895772
            ],
            [
              73.379402,
              18.9843829
            ],
            [
              73.3876417,
              18.983409
            ],
            [
              73.3924483,
              18.988441
            ],
            [
              73.3974264,
              18.9902265
            ],
            [
              73.4027479,
              18.9876294
            ],
            [
              73.4072112,
              18.9916061
            ],
            [
              73.4177684,
              18.9921742
            ],
            [
              73.4412001,
              18.9848699
            ],
            [
              73.4490965,
              18.9843829
            ],
            [
              73.4565639,
              18.9714775
            ],
            [
              73.4610271,
              18.9662826
            ],
            [
              73.4601259,
              18.9647607
            ],
            [
              73.4594178,
              18.9627516
            ],
            [
              73.4587097,
              18.9607426
            ],
            [
              73.4582376,
              18.9555068
            ],
            [
              73.4573793,
              18.9500274
            ],
            [
              73.4562635,
              18.9455219
            ],
            [
              73.4564781,
              18.9442433
            ],
            [
              73.4577441,
              18.9433706
            ],
            [
              73.4580874,
              18.9409351
            ],
            [
              73.4583234,
              18.9294676
            ],
            [
              73.4569931,
              18.9281279
            ],
            [
              73.4555339,
              18.9268289
            ],
            [
              73.4505558,
              18.9253269
            ],
            [
              73.4476375,
              18.924312
            ],
            [
              73.4457063,
              18.9253269
            ],
            [
              73.4450197,
              18.9268695
            ],
            [
              73.4432172,
              18.9284121
            ],
            [
              73.4414148,
              18.9282091
            ],
            [
              73.4403848,
              18.9259358
            ],
            [
              73.440299,
              18.9242308
            ],
            [
              73.4398269,
              18.9219574
            ],
            [
              73.4384536,
              18.9203742
            ],
            [
              73.4370374,
              18.9181007
            ],
            [
              73.43369,
              18.9158273
            ],
            [
              73.4317159,
              18.9162333
            ],
            [
              73.4298276,
              18.9152995
            ],
            [
              73.4312868,
              18.9121328
            ],
            [
              73.4324455,
              18.9101029
            ],
            [
              73.4348487,
              18.9082353
            ],
            [
              73.4367799,
              18.9072203
            ],
            [
              73.4391403,
              18.9062053
            ],
            [
              73.4404277,
              18.9048249
            ],
            [
              73.4405994,
              18.9023889
            ],
            [
              73.4405136,
              18.900643
            ],
            [
              73.4388828,
              18.9001152
            ],
            [
              73.4372091,
              18.900034
            ],
            [
              73.4351491,
              18.8997092
            ],
            [
              73.43701405400145,
              18.892459076754744
            ],
            [
              73.29978974485614,
              18.88962455563135
            ]
          ]
        ]
      },
      "properties": {
        "id": 19,
        "name": "Kalamboli",
        "zone": "West",
        "area_km2": 259.17,
        "population": 105636,
        "density_per_km2": 407,
        "lst_avg_celsius": 32.68,
        "ndvi_avg": 0.247,
        "slum_density": 0.49,
        "outdoor_labor_index": 0.39,
        "elderly_ratio": 0.087,
        "child_ratio": 0.119,
        "water_scarcity_index": 0.41,
        "tree_canopy_ratio": 0.37,
        "public_water_access": 0.59,
        "cool_roofs_ratio": 0.19,
        "risk_score": 58.8,
        "vulnerability": "High Risk"
      }
    },
    {
      "type": "Feature",
      "geometry": {
        "type": "Polygon",
        "coordinates": [
          [
            [
              72.8907487184088,
              19.166668402664875
            ],
            [
              73.0615005064717,
              19.1920857907807
            ],
            [
              73.10552798055197,
              19.123458031841626
            ],
            [
              73.08187699354602,
              19.04856829111852
            ],
            [
              72.99864544756771,
              19.044308216057892
            ],
            [
              72.998507,
              19.0448578
            ],
            [
              72.9982173,
              19.0471295
            ],
            [
              72.9981744,
              19.047596
            ],
            [
              72.9967797,
              19.0500908
            ],
            [
              72.9947519,
              19.0533664
            ],
            [
              72.9934913,
              19.0557952
            ],
            [
              72.9924774,
              19.0582949
            ],
            [
              72.9919816,
              19.0587923
            ],
            [
              72.9918659,
              19.0589084
            ],
            [
              72.9918008,
              19.0590386
            ],
            [
              72.9915869,
              19.0594661
            ],
            [
              72.9909486,
              19.0598515
            ],
            [
              72.9881269,
              19.0608858
            ],
            [
              72.9864585,
              19.0620418
            ],
            [
              72.9852194,
              19.0625286
            ],
            [
              72.9836788,
              19.0628808
            ],
            [
              72.9831116,
              19.0629358
            ],
            [
              72.9824815,
              19.0629191
            ],
            [
              72.9818479,
              19.0628556
            ],
            [
              72.9811684,
              19.062743
            ],
            [
              72.9805137,
              19.0625936
            ],
            [
              72.9784778,
              19.0620916
            ],
            [
              72.9783949,
              19.0623938
            ],
            [
              72.9781088,
              19.0630595
            ],
            [
              72.9778898,
              19.0639416
            ],
            [
              72.9787016,
              19.0641257
            ],
            [
              72.9793311,
              19.0646059
            ],
            [
              72.9793453,
              19.0653831
            ],
            [
              72.979061,
              19.0668991
            ],
            [
              72.9796404,
              19.0675886
            ],
            [
              72.9807025,
              19.0679435
            ],
            [
              72.9814589,
              19.068841
            ],
            [
              72.9818988,
              19.0693682
            ],
            [
              72.9821777,
              19.0697434
            ],
            [
              72.9825908,
              19.0703113
            ],
            [
              72.9826283,
              19.0707675
            ],
            [
              72.9823308,
              19.0714531
            ],
            [
              72.9825854,
              19.0721871
            ],
            [
              72.9822957,
              19.0725623
            ],
            [
              72.9831487,
              19.0730186
            ],
            [
              72.9839835,
              19.0750259
            ],
            [
              72.9838432,
              19.0754737
            ],
            [
              72.9839194,
              19.0758198
            ],
            [
              72.9845088,
              19.0782434
            ],
            [
              72.9868665,
              19.0793755
            ],
            [
              72.9867175,
              19.0805036
            ],
            [
              72.9866678,
              19.0818857
            ],
            [
              72.9866971,
              19.0820859
            ],
            [
              72.9866946,
              19.0824484
            ],
            [
              72.9865765,
              19.0826715
            ],
            [
              72.9862761,
              19.0831074
            ],
            [
              72.9856324,
              19.0842836
            ],
            [
              72.985214,
              19.0857233
            ],
            [
              72.9847312,
              19.0897891
            ],
            [
              72.9845917,
              19.0936418
            ],
            [
              72.9834223,
              19.097023
            ],
            [
              72.9828862,
              19.0979654
            ],
            [
              72.9816466,
              19.0991773
            ],
            [
              72.9807327,
              19.1000403
            ],
            [
              72.9805845,
              19.1001152
            ],
            [
              72.9804182,
              19.1001911
            ],
            [
              72.980091,
              19.1003078
            ],
            [
              72.979871,
              19.1005105
            ],
            [
              72.9791629,
              19.1021732
            ],
            [
              72.9785369,
              19.1056264
            ],
            [
              72.978487,
              19.1091227
            ],
            [
              72.9783797,
              19.1137859
            ],
            [
              72.9784441,
              19.1171718
            ],
            [
              72.9787659,
              19.1192397
            ],
            [
              72.9795384,
              19.1205576
            ],
            [
              72.9796563,
              19.1208701
            ],
            [
              72.9800504,
              19.122214
            ],
            [
              72.9802036,
              19.1227674
            ],
            [
              72.9794526,
              19.1260922
            ],
            [
              72.9793185,
              19.1289102
            ],
            [
              72.9799193,
              19.131348
            ],
            [
              72.9808009,
              19.1328429
            ],
            [
              72.9805357,
              19.1336143
            ],
            [
              72.9803373,
              19.1345148
            ],
            [
              72.9803646,
              19.1350629
            ],
            [
              72.9806263,
              19.1355173
            ],
            [
              72.9804247,
              19.1358049
            ],
            [
              72.980327,
              19.1363856
            ],
            [
              72.9804503,
              19.1366644
            ],
            [
              72.9802968,
              19.1373716
            ],
            [
              72.9804021,
              19.1381036
            ],
            [
              72.9806609,
              19.1388364
            ],
            [
              72.9805738,
              19.1393047
            ],
            [
              72.9806262,
              19.139783
            ],
            [
              72.9807415,
              19.1401685
            ],
            [
              72.9809814,
              19.140412
            ],
            [
              72.9809975,
              19.1407237
            ],
            [
              72.9808527,
              19.1417086
            ],
            [
              72.980908,
              19.1421593
            ],
            [
              72.9810238,
              19.1424247
            ],
            [
              72.9812068,
              19.1425016
            ],
            [
              72.9811728,
              19.1426082
            ],
            [
              72.9810777,
              19.1427805
            ],
            [
              72.981046,
              19.1430691
            ],
            [
              72.9811443,
              19.1433065
            ],
            [
              72.9813671,
              19.1439053
            ],
            [
              72.9813149,
              19.144123
            ],
            [
              72.9812455,
              19.144263
            ],
            [
              72.9812405,
              19.144484
            ],
            [
              72.9813194,
              19.1447374
            ],
            [
              72.9814336,
              19.1449039
            ],
            [
              72.9814323,
              19.1451674
            ],
            [
              72.9815385,
              19.1455016
            ],
            [
              72.9816577,
              19.1457548
            ],
            [
              72.9816205,
              19.1462197
            ],
            [
              72.9817675,
              19.1468769
            ],
            [
              72.9819382,
              19.14716
            ],
            [
              72.9820027,
              19.147282
            ],
            [
              72.9819557,
              19.147437
            ],
            [
              72.9819954,
              19.1481683
            ],
            [
              72.9820528,
              19.1483581
            ],
            [
              72.9821424,
              19.1484618
            ],
            [
              72.9823623,
              19.1485237
            ],
            [
              72.9826422,
              19.1485613
            ],
            [
              72.9829368,
              19.1485416
            ],
            [
              72.9831742,
              19.1484623
            ],
            [
              72.9833153,
              19.1484168
            ],
            [
              72.98362,
              19.1483556
            ],
            [
              72.9838634,
              19.1482848
            ],
            [
              72.9840271,
              19.1481203
            ],
            [
              72.9840084,
              19.1483682
            ],
            [
              72.9839222,
              19.1485217
            ],
            [
              72.9838245,
              19.1485727
            ],
            [
              72.9835621,
              19.1486461
            ],
            [
              72.9829489,
              19.1487147
            ],
            [
              72.982328,
              19.1487893
            ],
            [
              72.9821534,
              19.1488581
            ],
            [
              72.982116,
              19.1490018
            ],
            [
              72.9824567,
              19.1510973
            ],
            [
              72.9824567,
              19.1528304
            ],
            [
              72.9824977,
              19.1547931
            ],
            [
              72.9824768,
              19.1551996
            ],
            [
              72.9824674,
              19.1555769
            ],
            [
              72.9824352,
              19.1557011
            ],
            [
              72.9823333,
              19.1559
            ],
            [
              72.9822367,
              19.1580954
            ],
            [
              72.982226,
              19.1602085
            ],
            [
              72.9821759,
              19.1625659
            ],
            [
              72.9826122,
              19.1648399
            ],
            [
              72.9831165,
              19.1662029
            ],
            [
              72.9829824,
              19.16749
            ],
            [
              72.9835376,
              19.1703244
            ],
            [
              72.9817485,
              19.1703648
            ],
            [
              72.9796906,
              19.168768
            ],
            [
              72.9791331,
              19.1667292
            ],
            [
              72.9790857,
              19.1666005
            ],
            [
              72.978969,
              19.166221
            ],
            [
              72.9787714,
              19.165497
            ],
            [
              72.9783708,
              19.164443
            ],
            [
              72.9774261,
              19.1618647
            ],
            [
              72.9769099,
              19.1601154
            ],
            [
              72.9768271,
              19.1598554
            ],
            [
              72.9763666,
              19.1579506
            ],
            [
              72.9761727,
              19.1571816
            ],
            [
              72.9763017,
              19.1562668
            ],
            [
              72.9762567,
              19.1557834
            ],
            [
              72.9762223,
              19.1556317
            ],
            [
              72.976094,
              19.1549241
            ],
            [
              72.9758394,
              19.1536179
            ],
            [
              72.975817,
              19.153528
            ],
            [
              72.9757349,
              19.1530233
            ],
            [
              72.9756595,
              19.1526554
            ],
            [
              72.9755447,
              19.1524723
            ],
            [
              72.9753362,
              19.1523183
            ],
            [
              72.9750183,
              19.1518945
            ],
            [
              72.973732,
              19.1501713
            ],
            [
              72.9735543,
              19.1499883
            ],
            [
              72.9730351,
              19.1492978
            ],
            [
              72.9729335,
              19.1491336
            ],
            [
              72.9722574,
              19.1479886
            ],
            [
              72.9718735,
              19.1473491
            ],
            [
              72.9717764,
              19.147137
            ],
            [
              72.9708794,
              19.1455921
            ],
            [
              72.9705285,
              19.1449761
            ],
            [
              72.9702949,
              19.1445265
            ],
            [
              72.9699305,
              19.1438929
            ],
            [
              72.9692865,
              19.1428151
            ],
            [
              72.969027,
              19.1423927
            ],
            [
              72.968074,
              19.140654
            ],
            [
              72.9670342,
              19.1397327
            ],
            [
              72.9656789,
              19.1390777
            ],
            [
              72.9650374,
              19.138404
            ],
            [
              72.9645245,
              19.1378731
            ],
            [
              72.9641358,
              19.1374567
            ],
            [
              72.9624581,
              19.1356997
            ],
            [
              72.9622282,
              19.135455
            ],
            [
              72.9614352,
              19.1346531
            ],
            [
              72.9613111,
              19.1345277
            ],
            [
              72.9612585,
              19.1344745
            ],
            [
              72.9590358,
              19.1323091
            ],
            [
              72.959338,
              19.1317384
            ],
            [
              72.9594521,
              19.1315624
            ],
            [
              72.9594556,
              19.131531
            ],
            [
              72.9601104,
              19.1304529
            ],
            [
              72.9612085,
              19.1286015
            ],
            [
              72.9610804,
              19.127786
            ],
            [
              72.9610451,
              19.1275875
            ],
            [
              72.9609734,
              19.127218
            ],
            [
              72.9609645,
              19.1272101
            ],
            [
              72.9607396,
              19.1259701
            ],
            [
              72.9603981,
              19.125389
            ],
            [
              72.9601786,
              19.1250547
            ],
            [
              72.9601628,
              19.1250502
            ],
            [
              72.9599298,
              19.1246894
            ],
            [
              72.959355,
              19.1237639
            ],
            [
              72.9593625,
              19.123746
            ],
            [
              72.9591408,
              19.1234134
            ],
            [
              72.9588128,
              19.1229091
            ],
            [
              72.9588036,
              19.1229076
            ],
            [
              72.9584004,
              19.1222953
            ],
            [
              72.9580351,
              19.1217234
            ],
            [
              72.9577636,
              19.1212736
            ],
            [
              72.9564309,
              19.119348
            ],
            [
              72.9561809,
              19.1190322
            ],
            [
              72.9561486,
              19.1189774
            ],
            [
              72.9560925,
              19.1189136
            ],
            [
              72.9559805,
              19.1187636
            ],
            [
              72.9558342,
              19.1185766
            ],
            [
              72.9558276,
              19.1185779
            ],
            [
              72.9550461,
              19.1175315
            ],
            [
              72.9546061,
              19.116949
            ],
            [
              72.9545797,
              19.116914
            ],
            [
              72.9544464,
              19.1164518
            ],
            [
              72.9544304,
              19.1164202
            ],
            [
              72.9543437,
              19.1160151
            ],
            [
              72.9539786,
              19.1148844
            ],
            [
              72.9537982,
              19.1141655
            ],
            [
              72.9537904,
              19.1141588
            ],
            [
              72.9537376,
              19.1139507
            ],
            [
              72.9534234,
              19.1134096
            ],
            [
              72.9527923,
              19.1123866
            ],
            [
              72.9527286,
              19.1122795
            ],
            [
              72.9526886,
              19.1122002
            ],
            [
              72.9518236,
              19.1108316
            ],
            [
              72.9509503,
              19.1109333
            ],
            [
              72.950415,
              19.1110026
            ],
            [
              72.9501,
              19.1110387
            ],
            [
              72.9494371,
              19.1111671
            ],
            [
              72.9493709,
              19.1111947
            ],
            [
              72.9490628,
              19.1113484
            ],
            [
              72.9485229,
              19.1117
            ],
            [
              72.9481458,
              19.1120571
            ],
            [
              72.9481499,
              19.1120676
            ],
            [
              72.9477556,
              19.1124263
            ],
            [
              72.947078,
              19.1130805
            ],
            [
              72.946363,
              19.1136589
            ],
            [
              72.9462744,
              19.1137198
            ],
            [
              72.9461971,
              19.1137632
            ],
            [
              72.9456122,
              19.1142615
            ],
            [
              72.9456146,
              19.1142931
            ],
            [
              72.9453654,
              19.1145915
            ],
            [
              72.9443646,
              19.1147597
            ],
            [
              72.9440762,
              19.1148082
            ],
            [
              72.9440742,
              19.1148167
            ],
            [
              72.9435121,
              19.1147404
            ],
            [
              72.9433843,
              19.1146756
            ],
            [
              72.9429259,
              19.1147585
            ],
            [
              72.9453852,
              19.1098485
            ],
            [
              72.9461397,
              19.1082955
            ],
            [
              72.9464535,
              19.1072155
            ],
            [
              72.9466599,
              19.1065914
            ],
            [
              72.946982,
              19.1056518
            ],
            [
              72.9471677,
              19.1051122
            ],
            [
              72.9472807,
              19.1048117
            ],
            [
              72.9477195,
              19.1036966
            ],
            [
              72.9477619,
              19.1029608
            ],
            [
              72.9478243,
              19.1009444
            ],
            [
              72.9478159,
              19.1009464
            ],
            [
              72.9478044,
              19.1002559
            ],
            [
              72.947791,
              19.1000829
            ],
            [
              72.9477821,
              19.0990951
            ],
            [
              72.9477756,
              19.0989899
            ],
            [
              72.9477775,
              19.0989484
            ],
            [
              72.9477741,
              19.098877
            ],
            [
              72.947795,
              19.0981842
            ],
            [
              72.9478132,
              19.0977627
            ],
            [
              72.9478417,
              19.0968032
            ],
            [
              72.9478834,
              19.094415
            ],
            [
              72.9478818,
              19.0941861
            ],
            [
              72.9478918,
              19.0930889
            ],
            [
              72.947892,
              19.0926462
            ],
            [
              72.9478846,
              19.0926476
            ],
            [
              72.9479211,
              19.0920496
            ],
            [
              72.9481734,
              19.0913168
            ],
            [
              72.9484261,
              19.0905568
            ],
            [
              72.9490632,
              19.0884776
            ],
            [
              72.9490565,
              19.0884769
            ],
            [
              72.9490973,
              19.0882467
            ],
            [
              72.9491153,
              19.0879558
            ],
            [
              72.9491764,
              19.0863977
            ],
            [
              72.9492152,
              19.0858544
            ],
            [
              72.9493062,
              19.0851743
            ],
            [
              72.9491494,
              19.0840256
            ],
            [
              72.9497704,
              19.0829824
            ],
            [
              72.9501001,
              19.0823288
            ],
            [
              72.9511483,
              19.0788668
            ],
            [
              72.9522157,
              19.0775866
            ],
            [
              72.9524612,
              19.0772771
            ],
            [
              72.9527532,
              19.0769885
            ],
            [
              72.9528275,
              19.0768356
            ],
            [
              72.9528495,
              19.0767904
            ],
            [
              72.9534348,
              19.0754077
            ],
            [
              72.9535676,
              19.0750704
            ],
            [
              72.9536182,
              19.0749554
            ],
            [
              72.9536186,
              19.074936
            ],
            [
              72.9543336,
              19.072873
            ],
            [
              72.9544837,
              19.0725697
            ],
            [
              72.9544616,
              19.0717572
            ],
            [
              72.954425,
              19.0707705
            ],
            [
              72.9544056,
              19.0700081
            ],
            [
              72.9543757,
              19.06913
            ],
            [
              72.9563879,
              19.0655316
            ],
            [
              72.9564059,
              19.0654662
            ],
            [
              72.9564117,
              19.0653961
            ],
            [
              72.9564103,
              19.0653023
            ],
            [
              72.9563711,
              19.0649529
            ],
            [
              72.9563593,
              19.0647324
            ],
            [
              72.9563791,
              19.0643011
            ],
            [
              72.9564442,
              19.0637142
            ],
            [
              72.9563368,
              19.0635002
            ],
            [
              72.9563625,
              19.0634955
            ],
            [
              72.9564387,
              19.0634816
            ],
            [
              72.9571171,
              19.06326
            ],
            [
              72.9572804,
              19.0631897
            ],
            [
              72.9573838,
              19.0631523
            ],
            [
              72.9575626,
              19.0630801
            ],
            [
              72.9576477,
              19.0630377
            ],
            [
              72.9577366,
              19.0629728
            ],
            [
              72.9580751,
              19.0626891
            ],
            [
              72.9583317,
              19.0624804
            ],
            [
              72.9586684,
              19.062195
            ],
            [
              72.9594711,
              19.0615479
            ],
            [
              72.9599887,
              19.0607934
            ],
            [
              72.9600588,
              19.0606332
            ],
            [
              72.9601708,
              19.0603528
            ],
            [
              72.9602385,
              19.0601986
            ],
            [
              72.960262,
              19.0600528
            ],
            [
              72.9602993,
              19.0597048
            ],
            [
              72.9604333,
              19.0590156
            ],
            [
              72.9605143,
              19.058537
            ],
            [
              72.9605459,
              19.057874
            ],
            [
              72.9605604,
              19.0573352
            ],
            [
              72.960575,
              19.0569973
            ],
            [
              72.9605986,
              19.0568804
            ],
            [
              72.9604094,
              19.0556691
            ],
            [
              72.9599288,
              19.052673
            ],
            [
              72.9598097,
              19.0514603
            ],
            [
              72.9597426,
              19.0508635
            ],
            [
              72.959646,
              19.0501141
            ],
            [
              72.9595045,
              19.0491086
            ],
            [
              72.9596058,
              19.0489464
            ],
            [
              72.9596889,
              19.048801
            ],
            [
              72.9597089,
              19.0486876
            ],
            [
              72.9597991,
              19.0480797
            ],
            [
              72.9596648,
              19.0476575
            ],
            [
              72.9593798,
              19.0468031
            ],
            [
              72.959191,
              19.0462564
            ],
            [
              72.9588293,
              19.0453936
            ],
            [
              72.9585382,
              19.0446719
            ],
            [
              72.9583392,
              19.0441947
            ],
            [
              72.9579054,
              19.0435438
            ],
            [
              72.9576045,
              19.0431065
            ],
            [
              72.9576038,
              19.0430731
            ],
            [
              72.9573631,
              19.0427556
            ],
            [
              72.9569742102192,
              19.042175339672056
            ],
            [
              72.94517040600321,
              19.0415711806195
            ],
            [
              72.8907487184088,
              19.166668402664875
            ]
          ]
        ]
      },
      "properties": {
        "id": 20,
        "name": "Kharghar",
        "zone": "North West",
        "area_km2": 254.48,
        "population": 51702,
        "density_per_km2": 203,
        "lst_avg_celsius": 33.82,
        "ndvi_avg": 0.13,
        "slum_density": 0.33,
        "outdoor_labor_index": 0.45,
        "elderly_ratio": 0.093,
        "child_ratio": 0.108,
        "water_scarcity_index": 0.36,
        "tree_canopy_ratio": 0.19,
        "public_water_access": 0.64,
        "cool_roofs_ratio": 0.27,
        "risk_score": 72.7,
        "vulnerability": "High Risk"
      }
    },
    {
      "type": "Feature",
      "geometry": {
        "type": "Polygon",
        "coordinates": [
          [
            [
              72.87265579889525,
              19.439421733260385
            ],
            [
              72.90196024555787,
              19.451625036080294
            ],
            [
              72.96041767148571,
              19.377592964497968
            ],
            [
              72.95768775158398,
              19.33689892948879
            ],
            [
              72.78188966304613,
              19.21747202903486
            ],
            [
              72.78065169037373,
              19.2175333401192
            ],
            [
              72.7806503,
              19.2175359
            ],
            [
              72.7805086,
              19.2177273
            ],
            [
              72.7802918,
              19.217928
            ],
            [
              72.7799814,
              19.2179344
            ],
            [
              72.7797652,
              19.2180944
            ],
            [
              72.779624,
              19.2182554
            ],
            [
              72.7795363,
              19.2184068
            ],
            [
              72.7793839,
              19.2185981
            ],
            [
              72.7792531,
              19.2187795
            ],
            [
              72.7792104,
              19.2189884
            ],
            [
              72.7790688,
              19.2191534
            ],
            [
              72.7790668,
              19.2195727
            ],
            [
              72.779073,
              19.2201741
            ],
            [
              72.7790688,
              19.2204469
            ],
            [
              72.7783006,
              19.2204322
            ],
            [
              72.7780334,
              19.2209758
            ],
            [
              72.7776926,
              19.221682
            ],
            [
              72.7767759,
              19.2221504
            ],
            [
              72.7767718,
              19.22299
            ],
            [
              72.7763902,
              19.2235608
            ],
            [
              72.7763654,
              19.2240434
            ],
            [
              72.776333,
              19.2249451
            ],
            [
              72.7765806,
              19.2259482
            ],
            [
              72.7769701,
              19.2262033
            ],
            [
              72.7772892,
              19.2263495
            ],
            [
              72.7778171,
              19.2265255
            ],
            [
              72.7779766,
              19.2267577
            ],
            [
              72.778398,
              19.2274422
            ],
            [
              72.7785618,
              19.2277084
            ],
            [
              72.7790851,
              19.2285583
            ],
            [
              72.7794438,
              19.2291291
            ],
            [
              72.7794923,
              19.2291961
            ],
            [
              72.7796257,
              19.2294119
            ],
            [
              72.7799976,
              19.2299869
            ],
            [
              72.780641,
              19.2310114
            ],
            [
              72.7806588,
              19.2312394
            ],
            [
              72.7806454,
              19.2314425
            ],
            [
              72.7805013,
              19.2318068
            ],
            [
              72.7803363,
              19.2321402
            ],
            [
              72.7801924,
              19.2324943
            ],
            [
              72.7801343,
              19.2328392
            ],
            [
              72.7801306,
              19.2331136
            ],
            [
              72.7799539,
              19.2335181
            ],
            [
              72.7798806,
              19.2341983
            ],
            [
              72.7797507,
              19.2351015
            ],
            [
              72.7796814,
              19.2354768
            ],
            [
              72.7795912,
              19.2358213
            ],
            [
              72.7794838,
              19.2361897
            ],
            [
              72.779418,
              19.2362807
            ],
            [
              72.7791396,
              19.2367317
            ],
            [
              72.7790823,
              19.2369789
            ],
            [
              72.7793394,
              19.2378311
            ],
            [
              72.7794118,
              19.238015
            ],
            [
              72.779475,
              19.2380971
            ],
            [
              72.7796448,
              19.2382008
            ],
            [
              72.7799326,
              19.2382856
            ],
            [
              72.7800139,
              19.2382989
            ],
            [
              72.7802714,
              19.2385642
            ],
            [
              72.7804689,
              19.2389935
            ],
            [
              72.7807206,
              19.2393829
            ],
            [
              72.7808247,
              19.2395976
            ],
            [
              72.7809287,
              19.2398225
            ],
            [
              72.7809903,
              19.2400164
            ],
            [
              72.7811555,
              19.2404657
            ],
            [
              72.7811948,
              19.2407305
            ],
            [
              72.7811811,
              19.240954
            ],
            [
              72.7811771,
              19.2412487
            ],
            [
              72.7811424,
              19.2414415
            ],
            [
              72.7810434,
              19.2416436
            ],
            [
              72.7809537,
              19.2419475
            ],
            [
              72.7809183,
              19.242191
            ],
            [
              72.7809151,
              19.2424248
            ],
            [
              72.7810057,
              19.2428529
            ],
            [
              72.7810089,
              19.2430473
            ],
            [
              72.7813274,
              19.2443866
            ],
            [
              72.7815527,
              19.2447652
            ],
            [
              72.7817173,
              19.2450735
            ],
            [
              72.7817615,
              19.245149
            ],
            [
              72.7819452,
              19.2457203
            ],
            [
              72.7825492,
              19.2477915
            ],
            [
              72.7826122,
              19.2480281
            ],
            [
              72.7827471,
              19.2485015
            ],
            [
              72.7829439,
              19.249199
            ],
            [
              72.7830892,
              19.2502889
            ],
            [
              72.7831127,
              19.2509297
            ],
            [
              72.7831075,
              19.2513159
            ],
            [
              72.7830771,
              19.2516801
            ],
            [
              72.7830468,
              19.252129
            ],
            [
              72.7830065,
              19.2527638
            ],
            [
              72.7831156,
              19.2532682
            ],
            [
              72.7830711,
              19.2535289
            ],
            [
              72.7829992,
              19.2540061
            ],
            [
              72.7829345,
              19.2543798
            ],
            [
              72.7828413,
              19.2546998
            ],
            [
              72.7827966,
              19.2553408
            ],
            [
              72.7828074,
              19.2554376
            ],
            [
              72.7827146,
              19.2558654
            ],
            [
              72.7826137,
              19.2561996
            ],
            [
              72.7825226,
              19.2566051
            ],
            [
              72.7824787,
              19.2566859
            ],
            [
              72.7823905,
              19.256878
            ],
            [
              72.7822798,
              19.2571511
            ],
            [
              72.7821698,
              19.2573734
            ],
            [
              72.782019,
              19.2582357
            ],
            [
              72.7820155,
              19.2585
            ],
            [
              72.7819675,
              19.2588857
            ],
            [
              72.7818797,
              19.2590473
            ],
            [
              72.7817476,
              19.2593201
            ],
            [
              72.78167,
              19.2595124
            ],
            [
              72.781668,
              19.2596648
            ],
            [
              72.781688,
              19.2597667
            ],
            [
              72.7817935,
              19.2598798
            ],
            [
              72.7819858,
              19.2599126
            ],
            [
              72.7821576,
              19.2598741
            ],
            [
              72.7823932,
              19.2598668
            ],
            [
              72.7825431,
              19.2598584
            ],
            [
              72.7827668,
              19.2599424
            ],
            [
              72.7829898,
              19.2600773
            ],
            [
              72.7832617,
              19.2605482
            ],
            [
              72.7832694,
              19.260772
            ],
            [
              72.7835639,
              19.2611618
            ],
            [
              72.7838585,
              19.2615415
            ],
            [
              72.7842471,
              19.2620952
            ],
            [
              72.7843809,
              19.2624933
            ],
            [
              72.7845154,
              19.2628405
            ],
            [
              72.7845222,
              19.2631354
            ],
            [
              72.7844651,
              19.2633991
            ],
            [
              72.7843659,
              19.2636113
            ],
            [
              72.7842567,
              19.2637727
            ],
            [
              72.7841804,
              19.2638734
            ],
            [
              72.7841354,
              19.2640355
            ],
            [
              72.7840354,
              19.2643088
            ],
            [
              72.7840324,
              19.2645324
            ],
            [
              72.7839678,
              19.2646596
            ],
            [
              72.7837151,
              19.2648545
            ],
            [
              72.7838814,
              19.2650039
            ],
            [
              72.783994,
              19.2650469
            ],
            [
              72.7842736,
              19.2650622
            ],
            [
              72.7844319,
              19.2650394
            ],
            [
              72.7845982,
              19.2650217
            ],
            [
              72.7846679,
              19.265047
            ],
            [
              72.7848094,
              19.2651077
            ],
            [
              72.7849811,
              19.2651381
            ],
            [
              72.7851849,
              19.2651887
            ],
            [
              72.7853888,
              19.2652596
            ],
            [
              72.7854853,
              19.2654318
            ],
            [
              72.7854853,
              19.2656343
            ],
            [
              72.7854531,
              19.2659888
            ],
            [
              72.7854317,
              19.2661812
            ],
            [
              72.7853137,
              19.2663939
            ],
            [
              72.7851527,
              19.2664952
            ],
            [
              72.7849811,
              19.2664851
            ],
            [
              72.7848416,
              19.2664041
            ],
            [
              72.7846377,
              19.2663129
            ],
            [
              72.784391,
              19.2663332
            ],
            [
              72.7842301,
              19.2665762
            ],
            [
              72.7842193,
              19.266799
            ],
            [
              72.7841013,
              19.2670928
            ],
            [
              72.7838891,
              19.2675088
            ],
            [
              72.7837151,
              19.2679739
            ],
            [
              72.7836078,
              19.2683385
            ],
            [
              72.7835112,
              19.2687132
            ],
            [
              72.7833825,
              19.2689765
            ],
            [
              72.783243,
              19.2691487
            ],
            [
              72.7831035,
              19.2691386
            ],
            [
              72.7829641,
              19.269017
            ],
            [
              72.7826958,
              19.2689259
            ],
            [
              72.782492,
              19.2689867
            ],
            [
              72.7822989,
              19.2689765
            ],
            [
              72.7822023,
              19.2690677
            ],
            [
              72.7821057,
              19.2692399
            ],
            [
              72.7818912,
              19.2693108
            ],
            [
              72.781741,
              19.2695032
            ],
            [
              72.7815693,
              19.2696754
            ],
            [
              72.7814513,
              19.2698171
            ],
            [
              72.781344,
              19.2699488
            ],
            [
              72.7811723,
              19.2700602
            ],
            [
              72.7810329,
              19.2701108
            ],
            [
              72.7810114,
              19.2703134
            ],
            [
              72.7810758,
              19.2705261
            ],
            [
              72.7812367,
              19.2707185
            ],
            [
              72.7813762,
              19.2708704
            ],
            [
              72.7815264,
              19.2708502
            ],
            [
              72.7815157,
              19.2709413
            ],
            [
              72.7815157,
              19.2710628
            ],
            [
              72.7815157,
              19.2712249
            ],
            [
              72.7815371,
              19.2713667
            ],
            [
              72.7815693,
              19.271468
            ],
            [
              72.7814942,
              19.2715794
            ],
            [
              72.7813333,
              19.2715692
            ],
            [
              72.7812904,
              19.2716401
            ],
            [
              72.7813333,
              19.271711
            ],
            [
              72.7813011,
              19.2717819
            ],
            [
              72.7811938,
              19.2719136
            ],
            [
              72.7809578,
              19.272268
            ],
            [
              72.7808505,
              19.2726124
            ],
            [
              72.7807754,
              19.2729162
            ],
            [
              72.780829,
              19.2732099
            ],
            [
              72.7807539,
              19.2734935
            ],
            [
              72.7806574,
              19.2737467
            ],
            [
              72.7805608,
              19.2738378
            ],
            [
              72.7803891,
              19.2738176
            ],
            [
              72.7801531,
              19.2737467
            ],
            [
              72.7800458,
              19.2738378
            ],
            [
              72.7801769,
              19.274028
            ],
            [
              72.7804642,
              19.2741112
            ],
            [
              72.7806895,
              19.2741821
            ],
            [
              72.780711,
              19.2742834
            ],
            [
              72.7806681,
              19.2744353
            ],
            [
              72.7806359,
              19.2746278
            ],
            [
              72.7805715,
              19.2748809
            ],
            [
              72.780432,
              19.2754582
            ],
            [
              72.7803355,
              19.2759139
            ],
            [
              72.7802067,
              19.2761671
            ],
            [
              72.7800565,
              19.2764608
            ],
            [
              72.7799171,
              19.2766431
            ],
            [
              72.7798205,
              19.276795
            ],
            [
              72.7797239,
              19.2769469
            ],
            [
              72.7795845,
              19.2770279
            ],
            [
              72.7795094,
              19.2770988
            ],
            [
              72.7795308,
              19.2772204
            ],
            [
              72.7795416,
              19.2773925
            ],
            [
              72.7794557,
              19.2772811
            ],
            [
              72.7793592,
              19.2772204
            ],
            [
              72.7792841,
              19.277271
            ],
            [
              72.7792626,
              19.2773723
            ],
            [
              72.7793055,
              19.2775039
            ],
            [
              72.7793913,
              19.2776052
            ],
            [
              72.7793484,
              19.2776963
            ],
            [
              72.7792353,
              19.2776057
            ],
            [
              72.7792197,
              19.2777368
            ],
            [
              72.7792411,
              19.2778989
            ],
            [
              72.7792626,
              19.2780305
            ],
            [
              72.7792948,
              19.2781824
            ],
            [
              72.779209,
              19.2783749
            ],
            [
              72.7791982,
              19.2785572
            ],
            [
              72.7790943,
              19.2786032
            ],
            [
              72.7789837,
              19.2786888
            ],
            [
              72.7788334,
              19.2787091
            ],
            [
              72.7787798,
              19.2786179
            ],
            [
              72.7786725,
              19.2785673
            ],
            [
              72.7786189,
              19.2786382
            ],
            [
              72.7787047,
              19.2788002
            ],
            [
              72.7788442,
              19.2789319
            ],
            [
              72.7790158,
              19.2789926
            ],
            [
              72.7790802,
              19.2790939
            ],
            [
              72.7791768,
              19.2792154
            ],
            [
              72.7792519,
              19.2793572
            ],
            [
              72.7792948,
              19.2794483
            ],
            [
              72.779445,
              19.2795192
            ],
            [
              72.779563,
              19.27958
            ],
            [
              72.7796596,
              19.279499
            ],
            [
              72.7797669,
              19.2794889
            ],
            [
              72.7798634,
              19.2796104
            ],
            [
              72.7800243,
              19.2797117
            ],
            [
              72.7801102,
              19.2795901
            ],
            [
              72.7802175,
              19.2796306
            ],
            [
              72.7803462,
              19.279499
            ],
            [
              72.7804213,
              19.27958
            ],
            [
              72.7805179,
              19.2796509
            ],
            [
              72.7806359,
              19.2795294
            ],
            [
              72.7807646,
              19.2794281
            ],
            [
              72.7808612,
              19.2792661
            ],
            [
              72.781065,
              19.2792559
            ],
            [
              72.7812229,
              19.2792494
            ],
            [
              72.7813762,
              19.279185
            ],
            [
              72.7815908,
              19.2792661
            ],
            [
              72.781741,
              19.2793977
            ],
            [
              72.7818697,
              19.2794686
            ],
            [
              72.7818912,
              19.2793066
            ],
            [
              72.7819555,
              19.2792256
            ],
            [
              72.7820736,
              19.2791445
            ],
            [
              72.7822881,
              19.2789622
            ],
            [
              72.7825027,
              19.2787698
            ],
            [
              72.7826422,
              19.2788205
            ],
            [
              72.7827387,
              19.2789217
            ],
            [
              72.7828138,
              19.2790331
            ],
            [
              72.7827602,
              19.2791445
            ],
            [
              72.7829319,
              19.2793876
            ],
            [
              72.7831464,
              19.2797015
            ],
            [
              72.7833266,
              19.2800786
            ],
            [
              72.7840161,
              19.2812511
            ],
            [
              72.7840376,
              19.281722
            ],
            [
              72.7840364,
              19.2819949
            ],
            [
              72.7839054,
              19.2826248
            ],
            [
              72.7840108,
              19.2840714
            ],
            [
              72.784009,
              19.2843344
            ],
            [
              72.7839947,
              19.2849626
            ],
            [
              72.7839518,
              19.2855955
            ],
            [
              72.7838284,
              19.2868259
            ],
            [
              72.7840805,
              19.2878234
            ],
            [
              72.7841824,
              19.2883449
            ],
            [
              72.7843434,
              19.2894386
            ],
            [
              72.7844721,
              19.2903398
            ],
            [
              72.7845472,
              19.2916917
            ],
            [
              72.7845258,
              19.29316
            ],
            [
              72.7845311,
              19.2948866
            ],
            [
              72.7844667,
              19.2967194
            ],
            [
              72.7845579,
              19.2991572
            ],
            [
              72.7846706,
              19.3007166
            ],
            [
              72.7844989,
              19.3010077
            ],
            [
              72.784551,
              19.3014992
            ],
            [
              72.7844775,
              19.3018684
            ],
            [
              72.7846599,
              19.3022684
            ],
            [
              72.784971,
              19.3025671
            ],
            [
              72.7850193,
              19.3031594
            ],
            [
              72.7853092,
              19.3038587
            ],
            [
              72.7855772,
              19.3039847
            ],
            [
              72.7859205,
              19.3040353
            ],
            [
              72.7861136,
              19.3043087
            ],
            [
              72.7861994,
              19.3047239
            ],
            [
              72.7859031,
              19.3050549
            ],
            [
              72.7859492,
              19.3052249
            ],
            [
              72.7858985,
              19.3053791
            ],
            [
              72.7859632,
              19.3056004
            ],
            [
              72.786027,
              19.3057253
            ],
            [
              72.7860531,
              19.3058013
            ],
            [
              72.7860978,
              19.3058316
            ],
            [
              72.7861131,
              19.305975
            ],
            [
              72.7861059,
              19.306123
            ],
            [
              72.7861684,
              19.306131
            ],
            [
              72.7861991,
              19.3060951
            ],
            [
              72.786196,
              19.306239
            ],
            [
              72.7862533,
              19.3063501
            ],
            [
              72.7865428,
              19.306506
            ],
            [
              72.7870095,
              19.3067945
            ],
            [
              72.7875513,
              19.3075793
            ],
            [
              72.7879429,
              19.3076552
            ],
            [
              72.7880663,
              19.3078526
            ],
            [
              72.7886617,
              19.308526
            ],
            [
              72.7889621,
              19.3086475
            ],
            [
              72.7893591,
              19.308769
            ],
            [
              72.7896327,
              19.3090272
            ],
            [
              72.7899009,
              19.3091436
            ],
            [
              72.7902281,
              19.3093968
            ],
            [
              72.7906144,
              19.3094119
            ],
            [
              72.7908236,
              19.3094474
            ],
            [
              72.7911991,
              19.3094828
            ],
            [
              72.7915692,
              19.3097967
            ],
            [
              72.7919984,
              19.3099081
            ],
            [
              72.7924785,
              19.3100119
            ],
            [
              72.7930069,
              19.3096803
            ],
            [
              72.7935594,
              19.3094499
            ],
            [
              72.7936855,
              19.3091689
            ],
            [
              72.7937686,
              19.3091107
            ],
            [
              72.793825,
              19.3091993
            ],
            [
              72.7940044,
              19.3090845
            ],
            [
              72.7940359,
              19.3090665
            ],
            [
              72.793825,
              19.3087184
            ],
            [
              72.7937113,
              19.3083178
            ],
            [
              72.7939537,
              19.3078577
            ],
            [
              72.7941871,
              19.3074729
            ],
            [
              72.7948254,
              19.3064376
            ],
            [
              72.7952921,
              19.306106
            ],
            [
              72.7958178,
              19.3063592
            ],
            [
              72.7967298,
              19.3060908
            ],
            [
              72.7970624,
              19.3058934
            ],
            [
              72.7972368,
              19.3056199
            ],
            [
              72.7976632,
              19.3054529
            ],
            [
              72.7981889,
              19.305463
            ],
            [
              72.8023195,
              19.3038733
            ],
            [
              72.8025341,
              19.3036101
            ],
            [
              72.8030062,
              19.3035797
            ],
            [
              72.8034675,
              19.3038936
            ],
            [
              72.8077161,
              19.3034784
            ],
            [
              72.8085369,
              19.3029519
            ],
            [
              72.8086442,
              19.3026582
            ],
            [
              72.8092691,
              19.3025772
            ],
            [
              72.8093013,
              19.3027494
            ],
            [
              72.8094006,
              19.3028962
            ],
            [
              72.8096795,
              19.3029012
            ],
            [
              72.8098297,
              19.3027595
            ],
            [
              72.8099953,
              19.3021616
            ],
            [
              72.8105485,
              19.3023241
            ],
            [
              72.8106773,
              19.3030126
            ],
            [
              72.8107631,
              19.3030936
            ],
            [
              72.8110689,
              19.303043
            ],
            [
              72.8123295,
              19.3028152
            ],
            [
              72.8141642,
              19.3029519
            ],
            [
              72.8150117,
              19.3029468
            ],
            [
              72.8154731,
              19.3027645
            ],
            [
              72.8157252,
              19.3028861
            ],
            [
              72.8157306,
              19.3031848
            ],
            [
              72.8155106,
              19.3038429
            ],
            [
              72.8154677,
              19.3040075
            ],
            [
              72.8155033,
              19.3040366
            ],
            [
              72.8155924,
              19.3040568
            ],
            [
              72.8156917,
              19.3039992
            ],
            [
              72.8159022,
              19.3036531
            ],
            [
              72.816267,
              19.3034961
            ],
            [
              72.8166372,
              19.3035847
            ],
            [
              72.8172648,
              19.3044809
            ],
            [
              72.8179514,
              19.3050428
            ],
            [
              72.8187454,
              19.3053517
            ],
            [
              72.8202796,
              19.3062123
            ],
            [
              72.8222161,
              19.3074173
            ],
            [
              72.8239703,
              19.3085817
            ],
            [
              72.8253758,
              19.3098524
            ],
            [
              72.8268886,
              19.311113
            ],
            [
              72.8278059,
              19.31168
            ],
            [
              72.8293178,
              19.3123002
            ],
            [
              72.8296459,
              19.3124444
            ],
            [
              72.8295869,
              19.3127381
            ],
            [
              72.8259515,
              19.322352
            ],
            [
              72.8250512,
              19.3259829
            ],
            [
              72.8232568,
              19.3326909
            ],
            [
              72.8221384,
              19.3315722
            ],
            [
              72.8211835,
              19.3307724
            ],
            [
              72.8202608,
              19.3298182
            ],
            [
              72.8197256,
              19.3293736
            ],
            [
              72.8195447,
              19.3292234
            ],
            [
              72.8191692,
              19.3289653
            ],
            [
              72.8190806,
              19.3287628
            ],
            [
              72.8188741,
              19.3285173
            ],
            [
              72.8184503,
              19.3281199
            ],
            [
              72.8175384,
              19.3276618
            ],
            [
              72.8173399,
              19.3274492
            ],
            [
              72.8174465,
              19.327134
            ],
            [
              72.8174606,
              19.3270923
            ],
            [
              72.8170341,
              19.3268772
            ],
            [
              72.8167257,
              19.3266873
            ],
            [
              72.816664,
              19.3265026
            ],
            [
              72.816267,
              19.3263153
            ],
            [
              72.8156957,
              19.3261229
            ],
            [
              72.815178,
              19.3259533
            ],
            [
              72.8148347,
              19.3257989
            ],
            [
              72.8138423,
              19.3257939
            ],
            [
              72.8129786,
              19.3257584
            ],
            [
              72.81276,
              19.3257002
            ],
            [
              72.8127319,
              19.3255509
            ],
            [
              72.8108758,
              19.3256066
            ],
            [
              72.8084028,
              19.3255863
            ],
            [
              72.8078449,
              19.3256977
            ],
            [
              72.8070456,
              19.3261229
            ],
            [
              72.8063321,
              19.3268164
            ],
            [
              72.8057086,
              19.3275491
            ],
            [
              72.8054511,
              19.32742
            ],
            [
              72.8052043,
              19.3278604
            ],
            [
              72.8053974,
              19.3279642
            ],
            [
              72.8051024,
              19.328521
            ],
            [
              72.8048154,
              19.3289766
            ],
            [
              72.8043889,
              19.329417
            ],
            [
              72.8039651,
              19.3297359
            ],
            [
              72.803548,
              19.3299144
            ],
            [
              72.8033012,
              19.330046
            ],
            [
              72.8030586,
              19.3297284
            ],
            [
              72.8033831,
              19.3295461
            ],
            [
              72.8039222,
              19.329331
            ],
            [
              72.8042441,
              19.3289463
            ],
            [
              72.8043487,
              19.3286071
            ],
            [
              72.8043111,
              19.328149
            ],
            [
              72.8040832,
              19.3278503
            ],
            [
              72.8028896,
              19.3276656
            ],
            [
              72.8016543,
              19.3279908
            ],
            [
              72.7991652,
              19.3295702
            ],
            [
              72.7966761,
              19.3319392
            ],
            [
              72.7943373,
              19.3357457
            ],
            [
              72.7918696,
              19.3397344
            ],
            [
              72.7884149,
              19.3433991
            ],
            [
              72.786355,
              19.3456262
            ],
            [
              72.78421253833997,
              19.347223111724794
            ],
            [
              72.87265579889525,
              19.439421733260385
            ]
          ]
        ]
      },
      "properties": {
        "id": 21,
        "name": "Bhiwandi Central",
        "zone": "South West",
        "area_km2": 270.62,
        "population": 117453,
        "density_per_km2": 434,
        "lst_avg_celsius": 32.07,
        "ndvi_avg": 0.295,
        "slum_density": 0.31,
        "outdoor_labor_index": 0.27,
        "elderly_ratio": 0.098,
        "child_ratio": 0.103,
        "water_scarcity_index": 0.35,
        "tree_canopy_ratio": 0.44,
        "public_water_access": 0.65,
        "cool_roofs_ratio": 0.23,
        "risk_score": 43.9,
        "vulnerability": "Medium Risk"
      }
    },
    {
      "type": "Feature",
      "geometry": {
        "type": "Polygon",
        "coordinates": [
          [
            [
              73.19068823385246,
              18.89934450875284
            ],
            [
              73.22798341197439,
              18.91029023963867
            ],
            [
              73.29978974485614,
              18.88962455563135
            ],
            [
              73.33146489715635,
              18.776938972083016
            ],
            [
              73.3313798,
              18.7770474
            ],
            [
              73.3177328,
              18.7772099
            ],
            [
              73.3121538,
              18.7907396
            ],
            [
              73.3062315,
              18.7911459
            ],
            [
              73.3039569,
              18.794518
            ],
            [
              73.3036994,
              18.8016682
            ],
            [
              73.2959746,
              18.803537
            ],
            [
              73.2959746,
              18.8091431
            ],
            [
              73.2921981,
              18.8089806
            ],
            [
              73.288679,
              18.812393
            ],
            [
              73.2903957,
              18.8162927
            ],
            [
              73.2889365,
              18.8175926
            ],
            [
              73.2840442,
              18.8167802
            ],
            [
              73.2818126,
              18.820761
            ],
            [
              73.2839583,
              18.8256355
            ],
            [
              73.2794952,
              18.8279101
            ],
            [
              73.2751178,
              18.8249855
            ],
            [
              73.2691096,
              18.8242544
            ],
            [
              73.2655906,
              18.8279914
            ],
            [
              73.256235,
              18.8306722
            ],
            [
              73.2522868,
              18.8280726
            ],
            [
              73.2474803,
              18.8283976
            ],
            [
              73.2473086,
              18.8316471
            ],
            [
              73.2495402,
              18.8366024
            ],
            [
              73.2454204,
              18.8411514
            ],
            [
              73.2435061,
              18.8563851
            ],
            [
              73.2331465,
              18.8583717
            ],
            [
              73.2324599,
              18.8630826
            ],
            [
              73.2188986,
              18.8609709
            ],
            [
              73.2154654,
              18.8677934
            ],
            [
              73.2116888,
              18.8703924
            ],
            [
              73.2024191,
              18.8702299
            ],
            [
              73.1974409,
              18.8773769
            ],
            [
              73.1892012,
              18.8790012
            ],
            [
              73.1878279,
              18.8845236
            ],
            [
              73.1857752122922,
              18.884794597936878
            ],
            [
              73.19068823385246,
              18.89934450875284
            ]
          ]
        ]
      },
      "properties": {
        "id": 22,
        "name": "Bhiwandi East",
        "zone": "Central",
        "area_km2": 96.18,
        "population": 88976,
        "density_per_km2": 925,
        "lst_avg_celsius": 32.66,
        "ndvi_avg": 0.246,
        "slum_density": 0.36,
        "outdoor_labor_index": 0.35,
        "elderly_ratio": 0.092,
        "child_ratio": 0.113,
        "water_scarcity_index": 0.34,
        "tree_canopy_ratio": 0.37,
        "public_water_access": 0.66,
        "cool_roofs_ratio": 0.26,
        "risk_score": 53.3,
        "vulnerability": "Medium Risk"
      }
    },
    {
      "type": "Feature",
      "geometry": {
        "type": "Polygon",
        "coordinates": [
          [
            [
              73.22624692408397,
              19.222933722330957
            ],
            [
              73.19181728761212,
              19.362947832529468
            ],
            [
              73.24422487938071,
              19.38678461687908
            ],
            [
              73.2463431,
              19.3846762
            ],
            [
              73.2485103,
              19.3835832
            ],
            [
              73.2504201,
              19.3827331
            ],
            [
              73.2517504,
              19.3822878
            ],
            [
              73.2537246,
              19.382227
            ],
            [
              73.2566643,
              19.3825306
            ],
            [
              73.2573724,
              19.3848989
            ],
            [
              73.2579088,
              19.3870647
            ],
            [
              73.2585525,
              19.388603
            ],
            [
              73.259089,
              19.3905663
            ],
            [
              73.25906987786031,
              19.393536635346003
            ],
            [
              73.27503890774183,
              19.400799902149775
            ],
            [
              73.2757401,
              19.4003017
            ],
            [
              73.2764268,
              19.3990469
            ],
            [
              73.2770705,
              19.3958086
            ],
            [
              73.2787657,
              19.3927928
            ],
            [
              73.2803106,
              19.3903032
            ],
            [
              73.2817268,
              19.3882184
            ],
            [
              73.2829714,
              19.3867408
            ],
            [
              73.284688,
              19.3861943
            ],
            [
              73.28619,
              19.3861741
            ],
            [
              73.2877993,
              19.3861943
            ],
            [
              73.2891083,
              19.3856073
            ],
            [
              73.2896232,
              19.3848382
            ],
            [
              73.2905888,
              19.3835832
            ],
            [
              73.2915544,
              19.3797575
            ],
            [
              73.2921123,
              19.3756686
            ],
            [
              73.2933569,
              19.3725108
            ],
            [
              73.294065,
              19.3678549
            ],
            [
              73.294816,
              19.3658103
            ],
            [
              73.2964468,
              19.3633405
            ],
            [
              73.2974338,
              19.3608303
            ],
            [
              73.2966399,
              19.3594132
            ],
            [
              73.2952237,
              19.3583402
            ],
            [
              73.2937002,
              19.3578341
            ],
            [
              73.2912755,
              19.3575709
            ],
            [
              73.2872414,
              19.3551213
            ],
            [
              73.2849455,
              19.35336
            ],
            [
              73.2833576,
              19.3519631
            ],
            [
              73.2826495,
              19.3506876
            ],
            [
              73.2828855,
              19.3494931
            ],
            [
              73.2834005,
              19.34759
            ],
            [
              73.2840872,
              19.3455654
            ],
            [
              73.2861686,
              19.3387221
            ],
            [
              73.2867479,
              19.3369403
            ],
            [
              73.2893014,
              19.3367986
            ],
            [
              73.2913613,
              19.3361507
            ],
            [
              73.2918548,
              19.3347131
            ],
            [
              73.2911896,
              19.3330326
            ],
            [
              73.2900095,
              19.3321417
            ],
            [
              73.2891083,
              19.33119
            ],
            [
              73.288486,
              19.3296107
            ],
            [
              73.2877135,
              19.3284363
            ],
            [
              73.2866406,
              19.3277074
            ],
            [
              73.2851815,
              19.3276871
            ],
            [
              73.2845592,
              19.3282338
            ],
            [
              73.2827139,
              19.3291045
            ],
            [
              73.2810831,
              19.3292462
            ],
            [
              73.2790875,
              19.3286185
            ],
            [
              73.2784867,
              19.3280921
            ],
            [
              73.2770276,
              19.3260065
            ],
            [
              73.2767486,
              19.3242246
            ],
            [
              73.2765555,
              19.3201546
            ],
            [
              73.2771778,
              19.3175829
            ],
            [
              73.2775426,
              19.3160236
            ],
            [
              73.2783365,
              19.3151529
            ],
            [
              73.2809758,
              19.3154972
            ],
            [
              73.2830143,
              19.3163071
            ],
            [
              73.2848596,
              19.3163274
            ],
            [
              73.2865333,
              19.3163274
            ],
            [
              73.2879925,
              19.3162666
            ],
            [
              73.2902884,
              19.3172791
            ],
            [
              73.2927346,
              19.3185751
            ],
            [
              73.2929706,
              19.3157806
            ],
            [
              73.2932925,
              19.3136747
            ],
            [
              73.2932281,
              19.3121154
            ],
            [
              73.2919621,
              19.3068705
            ],
            [
              73.291769,
              19.3049871
            ],
            [
              73.2917261,
              19.303205
            ],
            [
              73.2917261,
              19.3015242
            ],
            [
              73.2913613,
              19.2996002
            ],
            [
              73.2909751,
              19.2985269
            ],
            [
              73.290739,
              19.2973928
            ],
            [
              73.2908678,
              19.2945372
            ],
            [
              73.2912111,
              19.2925525
            ],
            [
              73.2917905,
              19.2911753
            ],
            [
              73.2929277,
              19.2901626
            ],
            [
              73.2948804,
              19.2901019
            ],
            [
              73.2965112,
              19.2904057
            ],
            [
              73.2977342,
              19.2907095
            ],
            [
              73.2994294,
              19.2912765
            ],
            [
              73.3008241,
              19.2913575
            ],
            [
              73.3064031,
              19.2915398
            ],
            [
              73.3106947,
              19.2916411
            ],
            [
              73.3138275,
              19.2917018
            ],
            [
              73.3148145,
              19.2918031
            ],
            [
              73.3166384,
              19.2925727
            ],
            [
              73.318398,
              19.2927347
            ],
            [
              73.3234191,
              19.292593
            ],
            [
              73.322947,
              19.2904057
            ],
            [
              73.3218527,
              19.2886639
            ],
            [
              73.3207583,
              19.2873272
            ],
            [
              73.3199,
              19.2860715
            ],
            [
              73.31887,
              19.2841069
            ],
            [
              73.316853,
              19.2810485
            ],
            [
              73.3162951,
              19.2778686
            ],
            [
              73.3158445,
              19.2759444
            ],
            [
              73.3150077,
              19.2744861
            ],
            [
              73.3142996,
              19.2730277
            ],
            [
              73.3138704,
              19.2702325
            ],
            [
              73.3149004,
              19.2670321
            ],
            [
              73.3149004,
              19.2645609
            ],
            [
              73.3138704,
              19.2624137
            ],
            [
              73.3123684,
              19.2599019
            ],
            [
              73.3109521,
              19.2578762
            ],
            [
              73.3091497,
              19.2563772
            ],
            [
              73.3077335,
              19.2555669
            ],
            [
              73.3072185,
              19.2539868
            ],
            [
              73.3076477,
              19.253055
            ],
            [
              73.307991,
              19.2511507
            ],
            [
              73.3071327,
              19.249287
            ],
            [
              73.3055877,
              19.2488819
            ],
            [
              73.3044719,
              19.2482741
            ],
            [
              73.3035278,
              19.2475853
            ],
            [
              73.3027553,
              19.246694
            ],
            [
              73.3024549,
              19.2446681
            ],
            [
              73.3023691,
              19.2428853
            ],
            [
              73.3032703,
              19.2390766
            ],
            [
              73.30503929044914,
              19.235166890345578
            ],
            [
              73.22624692408397,
              19.222933722330957
            ]
          ]
        ]
      },
      "properties": {
        "id": 23,
        "name": "Mira-Bhayandar North",
        "zone": "North",
        "area_km2": 173.01,
        "population": 59805,
        "density_per_km2": 345,
        "lst_avg_celsius": 31.4,
        "ndvi_avg": 0.239,
        "slum_density": 0.41,
        "outdoor_labor_index": 0.43,
        "elderly_ratio": 0.087,
        "child_ratio": 0.126,
        "water_scarcity_index": 0.4,
        "tree_canopy_ratio": 0.36,
        "public_water_access": 0.6,
        "cool_roofs_ratio": 0.22,
        "risk_score": 50.7,
        "vulnerability": "Medium Risk"
      }
    },
    {
      "type": "Feature",
      "geometry": {
        "type": "Polygon",
        "coordinates": [
          [
            [
              72.95268435758966,
              18.801615697723367
            ],
            [
              72.95481983516716,
              18.806112554871397
            ],
            [
              72.95577,
              18.8044223
            ],
            [
              72.9559566,
              18.8038618
            ],
            [
              72.956317,
              18.8033257
            ],
            [
              72.9569413,
              18.8024971
            ],
            [
              72.9574369,
              18.8015894
            ],
            [
              72.9581062,
              18.8005963
            ],
            [
              72.9592389,
              18.7989757
            ],
            [
              72.9603909,
              18.7975805
            ],
            [
              72.9622039,
              18.7958746
            ],
            [
              72.9627207,
              18.7953628
            ],
            [
              72.9629041,
              18.7953506
            ],
            [
              72.963065,
              18.795113
            ],
            [
              72.963287,
              18.7948236
            ],
            [
              72.963995,
              18.7942661
            ],
            [
              72.9652242,
              18.7932486
            ],
            [
              72.9678307,
              18.7915061
            ],
            [
              72.9720068,
              18.795493
            ],
            [
              72.9759534,
              18.801094
            ],
            [
              72.9754476,
              18.8025367
            ],
            [
              72.9754122,
              18.8037278
            ],
            [
              72.9757726,
              18.8044771
            ],
            [
              72.976178,
              18.8047879
            ],
            [
              72.976635,
              18.8050072
            ],
            [
              72.9771563,
              18.8050011
            ],
            [
              72.977703,
              18.8049146
            ],
            [
              72.9779286,
              18.8048823
            ],
            [
              72.9798436,
              18.807942
            ],
            [
              72.9809328,
              18.8114101
            ],
            [
              72.9807123,
              18.8118155
            ],
            [
              72.9805067,
              18.8122527
            ],
            [
              72.9801074,
              18.8141143
            ],
            [
              72.98004391346325,
              18.81447150365256
            ],
            [
              73.0898066818062,
              18.797299984722304
            ],
            [
              73.10666179020528,
              18.79161380328603
            ],
            [
              73.1016539,
              18.7906178
            ],
            [
              73.1074904,
              18.7776163
            ],
            [
              73.1066321,
              18.7672144
            ],
            [
              73.1141852,
              18.7590875
            ],
            [
              73.1138418,
              18.7496598
            ],
            [
              73.1052588,
              18.7407192
            ],
            [
              73.1058597,
              18.7384433
            ],
            [
              73.110752,
              18.7381181
            ],
            [
              73.1108379,
              18.7358422
            ],
            [
              73.1146144,
              18.7326722
            ],
            [
              73.1089496,
              18.7325909
            ],
            [
              73.1066321,
              18.7358422
            ],
            [
              73.1025981,
              18.7308839
            ],
            [
              73.106718,
              18.7289331
            ],
            [
              73.1066321,
              18.7260068
            ],
            [
              73.1115245,
              18.7248687
            ],
            [
              73.1092071,
              18.7225114
            ],
            [
              73.108177,
              18.7124313
            ],
            [
              73.1126402,
              18.7008872
            ],
            [
              73.1002806,
              18.698936
            ],
            [
              73.0982207,
              18.7060903
            ],
            [
              73.0927275,
              18.7112932
            ],
            [
              73.0891226,
              18.7108055
            ],
            [
              73.0856894,
              18.7168211
            ],
            [
              73.0843161,
              18.7210483
            ],
            [
              73.0808829,
              18.718447
            ],
            [
              73.0807112,
              18.7140572
            ],
            [
              73.0733298,
              18.7173089
            ],
            [
              73.0728148,
              18.7122688
            ],
            [
              73.0764197,
              18.7062529
            ],
            [
              73.0714415,
              18.7018628
            ],
            [
              73.0712698,
              18.6977978
            ],
            [
              73.0736731,
              18.6943832
            ],
            [
              73.0659483,
              18.6976352
            ],
            [
              73.0625151,
              18.700562
            ],
            [
              73.0558203,
              18.7010498
            ],
            [
              73.0474089,
              18.7060903
            ],
            [
              73.0408858,
              18.6994238
            ],
            [
              73.027153,
              18.7021879
            ],
            [
              73.02710675325764,
              18.701759777944776
            ],
            [
              72.98755005988195,
              18.718543369915384
            ],
            [
              72.95268435758966,
              18.801615697723367
            ]
          ]
        ]
      },
      "properties": {
        "id": 24,
        "name": "Koparkhairane",
        "zone": "East",
        "area_km2": 162.9,
        "population": 70551,
        "density_per_km2": 433,
        "lst_avg_celsius": 32.07,
        "ndvi_avg": 0.287,
        "slum_density": 0.36,
        "outdoor_labor_index": 0.44,
        "elderly_ratio": 0.094,
        "child_ratio": 0.11,
        "water_scarcity_index": 0.38,
        "tree_canopy_ratio": 0.43,
        "public_water_access": 0.62,
        "cool_roofs_ratio": 0.23,
        "risk_score": 52.3,
        "vulnerability": "Medium Risk"
      }
    },
    {
      "type": "Feature",
      "geometry": {
        "type": "MultiPolygon",
        "coordinates": [
          [
            [
              [
                72.90224301072594,
                18.66562506630787
              ],
              [
                72.9025268,
                18.6638106
              ],
              [
                72.9048442,
                18.6604766
              ],
              [
                72.9051017,
                18.6590942
              ],
              [
                72.9035567,
                18.6571425
              ],
              [
                72.9020976,
                18.658281
              ],
              [
                72.8989219,
                18.6564919
              ],
              [
                72.8980636,
                18.6538083
              ],
              [
                72.8956603,
                18.6521819
              ],
              [
                72.8959178,
                18.6542149
              ],
              [
                72.8896522,
                18.6536457
              ],
              [
                72.8865623,
                18.6536457
              ],
              [
                72.8838157,
                18.6481157
              ],
              [
                72.8875064,
                18.6468145
              ],
              [
                72.8866481,
                18.6451066
              ],
              [
                72.8845453,
                18.6450253
              ],
              [
                72.8852748,
                18.6413249
              ],
              [
                72.8816136,
                18.6370907
              ],
              [
                72.8809994,
                18.6372889
              ],
              [
                72.8807715,
                18.6373016
              ],
              [
                72.8803021,
                18.6373118
              ],
              [
                72.8798059,
                18.6373906
              ],
              [
                72.8795215,
                18.6374313
              ],
              [
                72.8791692,
                18.6374793
              ],
              [
                72.8787973,
                18.6375304
              ],
              [
                72.878387,
                18.6376371
              ],
              [
                72.8780946,
                18.6376778
              ],
              [
                72.8777754,
                18.637632
              ],
              [
                72.8775153,
                18.6376727
              ],
              [
                72.8770915,
                18.6378786
              ],
              [
                72.8768635,
                18.6379853
              ],
              [
                72.8761634,
                18.6382166
              ],
              [
                72.8747284,
                18.6385114
              ],
              [
                72.873956,
                18.6385165
              ],
              [
                72.872977,
                18.6385699
              ],
              [
                72.8727905,
                18.6386436
              ],
              [
                72.8723279,
                18.6388571
              ],
              [
                72.8717351,
                18.6389511
              ],
              [
                72.8713596,
                18.6388749
              ],
              [
                72.8710914,
                18.6387961
              ],
              [
                72.8709385,
                18.6388317
              ],
              [
                72.8706622,
                18.6390629
              ],
              [
                72.8704476,
                18.6395306
              ],
              [
                72.8703886,
                18.6398025
              ],
              [
                72.8703886,
                18.6399601
              ],
              [
                72.870394,
                18.6400579
              ],
              [
                72.8704061,
                18.6401723
              ],
              [
                72.8703538,
                18.6402752
              ],
              [
                72.8701124,
                18.6407175
              ],
              [
                72.8700346,
                18.6409055
              ],
              [
                72.8699487,
                18.6411394
              ],
              [
                72.8698871,
                18.6414774
              ],
              [
                72.869879,
                18.6417773
              ],
              [
                72.8699058,
                18.6422169
              ],
              [
                72.8699112,
                18.6423898
              ],
              [
                72.8696698,
                18.6430023
              ],
              [
                72.8694338,
                18.6436681
              ],
              [
                72.8692943,
                18.6438816
              ],
              [
                72.8686345,
                18.644761
              ],
              [
                72.86862490480932,
                18.64477083265185
              ],
              [
                72.90224301072594,
                18.66562506630787
              ]
            ]
          ],
          [
            [
              [
                72.93466522931824,
                18.685737458238798
              ],
              [
                72.9341983,
                18.6832443
              ],
              [
                72.9297351,
                18.6788536
              ],
              [
                72.9293059,
                18.6760077
              ],
              [
                72.9258727,
                18.6740563
              ],
              [
                72.9269027,
                18.6732431
              ],
              [
                72.9265594,
                18.6716169
              ],
              [
                72.9185771,
                18.6725926
              ],
              [
                72.9167747,
                18.6708037
              ],
              [
                72.9153155,
                18.6717795
              ],
              [
                72.911024,
                18.6675512
              ],
              [
                72.9090499,
                18.6685269
              ],
              [
                72.9038345391705,
                18.666612335077126
              ],
              [
                72.93466522931824,
                18.685737458238798
              ]
            ]
          ],
          [
            [
              [
                72.98755005988195,
                18.718543369915384
              ],
              [
                73.02710675325764,
                18.701759777944776
              ],
              [
                73.0268705,
                18.6995727
              ],
              [
                73.0252647,
                18.6847078
              ],
              [
                73.0212306,
                18.6834069
              ],
              [
                73.0192565,
                18.6770648
              ],
              [
                73.0111884,
                18.6762517
              ],
              [
                73.0115317,
                18.6731618
              ],
              [
                73.0060386,
                18.6727553
              ],
              [
                72.9988288,
                18.676333
              ],
              [
                72.9957389,
                18.6725113
              ],
              [
                72.9926489,
                18.6631602
              ],
              [
                72.9888724,
                18.6577931
              ],
              [
                72.9838942,
                18.6584437
              ],
              [
                72.9814909,
                18.6660876
              ],
              [
                72.9854391,
                18.6721048
              ],
              [
                72.979946,
                18.6748695
              ],
              [
                72.9744528,
                18.6777967
              ],
              [
                72.9698179,
                18.684464
              ],
              [
                72.9660414,
                18.6831631
              ],
              [
                72.9691313,
                18.6734058
              ],
              [
                72.9696463,
                18.6669007
              ],
              [
                72.9734228,
                18.6610459
              ],
              [
                72.9727362,
                18.6558414
              ],
              [
                72.9619216,
                18.6498235
              ],
              [
                72.9581451,
                18.6503114
              ],
              [
                72.9563426,
                18.6612898
              ],
              [
                72.9536819,
                18.6590942
              ],
              [
                72.9452705,
                18.6515313
              ],
              [
                72.9437255,
                18.6494982
              ],
              [
                72.9432963,
                18.6523445
              ],
              [
                72.938919,
                18.6492542
              ],
              [
                72.9377174,
                18.6502301
              ],
              [
                72.9352283,
                18.6486036
              ],
              [
                72.9325675,
                18.6529951
              ],
              [
                72.9416656,
                18.6617777
              ],
              [
                72.9402923,
                18.6644612
              ],
              [
                72.9467296,
                18.6663314
              ],
              [
                72.9472446,
                18.673731
              ],
              [
                72.9456996,
                18.6787723
              ],
              [
                72.9414081,
                18.6791789
              ],
              [
                72.9393481,
                18.677634
              ],
              [
                72.938404,
                18.6816181
              ],
              [
                72.9361724,
                18.6833256
              ],
              [
                72.93555667847055,
                18.686290448611327
              ],
              [
                72.98755005988195,
                18.718543369915384
              ]
            ]
          ]
        ]
      },
      "properties": {
        "id": 25,
        "name": "Vashi",
        "zone": "South",
        "area_km2": 47.55,
        "population": 105880,
        "density_per_km2": 2226,
        "lst_avg_celsius": 31.62,
        "ndvi_avg": 0.347,
        "slum_density": 0.39,
        "outdoor_labor_index": 0.43,
        "elderly_ratio": 0.101,
        "child_ratio": 0.105,
        "water_scarcity_index": 0.39,
        "tree_canopy_ratio": 0.52,
        "public_water_access": 0.61,
        "cool_roofs_ratio": 0.22,
        "risk_score": 45.9,
        "vulnerability": "Medium Risk"
      }
    }
  ]
}